date,x,y
2003-03-21,1.5054901200920228,0.4555070295709953
2003-03-22,2.9845811494795997,4.523075337349692
2003-03-23,2.0181079312056243,0.9960448402649758
2003-03-24,3.859507425150998,-4.167242589574509
2003-03-25,1.3261279420371026,-3.388055565763493
2003-03-26,1.4189406687858441,3.7086754453155795
2003-03-27,3.380531830432697,4.646841734396013
2003-03-28,2.3815721139196553,-1.6242923480823301
2003-03-29,2.1168172217888523,3.009360663734971
2003-03-30,2.8938654560201926,4.697221745926013
2003-03-31,3.0165310820483833,-7.445172711206276
2003-04-01,-1.0920163718494313,0.5734465410887188
2003-04-02,-5.990153245824841,4.206411346955097
2003-04-03,-2.8220356309176866,-2.1153401132873757
2003-04-04,2.468901667362443,1.774175079487369
2003-04-05,2.1808894712723372,-6.6050695589588795
2003-04-06,-0.5937756686321174,-9.8950089286317091
2003-04-07,-1.739908393491738,-7.3187276036569715
2003-04-08,-1.2134404267226337,-5.175262009688514
2003-04-09,-5.403182215305109,-6.3730514253966835
2003-04-10,-6.87867993770484,0.029280603540936017
2003-04-11,-4.511502027812422,6.392158587744408
2003-04-12,-3.1967917679503954,-0.11603358829189213
2003-04-13,1.2224255599777618,-2.2511088642728434
2003-04-14,1.6986354842350904,-1.0822188248338018
2003-04-15,1.562839034358547,1.1781235221965976
2003-04-16,2.6248418037525814,3.30755699849602
2003-04-17,-0.35056231639617785,-4.946307207656826
2003-04-18,-2.6308628210912652,-3.265346402042027
2003-04-19,0.3773562493369473,0.3499732534436661
2003-04-20,0.6200008543094643,-0.5239990756485199
2003-04-21,0.8023227374495114,-1.5446468435406013
2003-04-22,0.2673110791358522,0.7247422738524656
2003-04-23,-1.9601430031761813,-2.0142249343532512
2003-04-24,-1.6031819585720015,-5.093315757282248
2003-04-25,0.2868906021559598,-2.4288575285452456
2003-04-26,-0.3867245363980049,2.215115173287536
2003-04-27,-4.149018180010062,4.203694793448168
2003-04-28,-3.8719806874519227,3.502629361125486
2003-04-29,0.5491550924392214,2.097943393709257
2003-04-30,0.4632160196966353,4.230222772344671
2003-05-01,-0.9137835733815214,2.8499681867632014
2003-05-02,4.284694943835901,-6.117046725786902
2003-05-03,0.6820827662528332,0.9867900519000463
2003-05-04,-2.4660358203434356,-4.543390772896992
2003-05-05,1.2059449252815866,2.278480102743957
2003-05-06,1.450957861918518,5.177727348138671
2003-05-07,3.770480876810557,5.091077333063769
2003-05-08,2.8520614541820217,0.40040535628991647
2003-05-09,2.45089734847081,4.530863927597817
2003-05-10,1.9948463150714653,3.8687417665579384
2003-05-11,2.871715513560911,3.59724526942931
2003-05-12,-0.47199727830575083,1.8529581638429569
2003-05-13,-2.521285190298689,1.703735682491397
2003-05-14,-0.8203204209187788,1.8465592845700098
2003-05-15,0.431529825707067,2.073009755330161
2003-05-16,2.40237535946125,-2.1966350085976223
2003-05-17,3.213975762672629,-2.903317625201789
2003-05-18,-0.057644642196205985,-0.4414187129910893
2003-05-20,-1.3991589597474956,2.2422774773124257
2003-05-21,0.8087310672083081,2.292801475255644
2003-05-22,2.0454899463936407,4.201264021713982
2003-05-23,2.0914375249783252,3.695583628756522
2003-05-24,1.0439326938918945,3.825568039235348
2003-05-25,-1.1909401518677774,1.7353717648342912
2003-05-26,-0.8855620412725552,4.37133586749282
2003-05-27,3.335568948435308,-0.5080252946870312
2003-05-28,3.662503049284235,-3.586283632660327
2003-05-29,2.5998724404349396,-3.1013339371020396e-4
2003-05-30,2.3512589233611205,3.6760452445054335
2003-05-31,2.900185589098559,-1.6513994826852203
2003-06-01,0.9876245416575724,-3.739927320234844
2003-06-02,-2.496884426204629,2.5407043036745236
2003-06-03,0.3316205167717606,2.1199270252416844
2003-06-04,2.3564134971899433,3.6202687690336166
2003-06-05,-0.30994690961462523,1.812476771368478
2003-06-06,2.218780895552705,-3.6070447943420163
2003-06-07,2.351793764731808,-1.859271650668915
2003-06-08,2.6482969846708317,-2.8105937437980075
2003-06-09,0.17427291460183936,3.7935314978291332
2003-06-10,4.197019508906731,-3.216066979256041
2003-06-11,0.6986272000688537,0.1171999179437218
2003-06-12,0.9127780085131311,1.7020120039453643
2003-06-13,1.0957293604968463,-0.9246631274856615
2003-06-14,2.497424614287433,-1.5125994056130556
2003-06-15,2.712462573409661,-3.6116562424871885
2003-06-16,1.7248704536379764,-0.3921758566848837
2003-06-17,2.1002974018513973,-3.2102972816733866
2003-06-18,1.2071574612595652,0.3127071240720436
2003-06-19,-0.03566852788729828,3.01889420142334
2003-06-20,-2.6436640612632996,2.198161923041785
2003-06-21,-2.0711366485009726,-5.144212325345328
2003-06-22,0.5332880066691651,-4.573042743472975
2003-06-23,0.6369740603483282,-0.16312353185646394
2003-06-24,-1.845263069209894,2.316451624251485
2003-06-25,-1.2051333430347326,-0.05086272018352491
2003-06-26,0.4795578302778021,-0.6297894543328859
2003-06-27,-0.7822688941716368,-4.319689245653036
2003-06-28,-0.01490213550732412,-2.451406821424026
2003-06-29,-1.8387860320582725,-2.6992914531645447
2003-06-30,-0.43273839786151425,-2.6392793745152554
2003-07-01,-1.6902115114323766,-1.3469511556189473
2003-07-02,-2.7438653973523808,0.6149616784716916
2003-07-03,-0.7287703422476393,0.8491512148043385
2003-07-04,0.23953672979434762,2.531458942498718
2003-07-05,-0.026202460199309205,-0.2880314158638261
2003-07-06,0.5317534933633357,-0.9290389268896619
2003-07-07,-0.05981606640827611,-4.655136045241211
2003-07-08,-0.865198311730078,-4.48995684521016
2003-07-09,-0.9376763770572301,-3.392743320835116
2003-07-10,1.5047342876874679,-4.816232147689882
2003-07-11,2.914412337583131,-4.325159182141679
2003-07-12,1.2520803330622474,-0.4169755622822439
2003-07-13,-0.6954547146414544,-0.7638805139635902
2003-07-14,-0.1758008916173279,-2.769827128607359
2003-07-15,-2.2756883685377165,-0.2850368854637096
2003-07-16,-2.0901986328732463,0.8846555090974031
2003-07-17,-2.0543233969918,0.2542931981900317
2003-07-18,-1.2200266685882721,1.192337831032484
2003-07-19,-1.8872249222736412,1.612946662186202
2003-07-20,-1.3924553893470726,1.7587166527642664
2003-07-21,0.1639618442984257,2.654066178383813
2003-07-22,0.3792119320719365,2.44296552570712
2003-07-23,-0.11211415031988906,1.7637757431019188
2003-07-24,1.6419627844833835,2.3862509242405774
2003-07-25,0.8838045594937131,3.0705981089785133
2003-07-26,-1.0002970324527491,1.6911415935143996
2003-07-27,-0.7935937646413106,3.4519033045423235
2003-07-28,-2.24662406292289,3.654597160236694
2003-07-29,-1.3071546227417696,2.745556977538627
2003-07-30,-1.846323517825568,1.8808562469688015
2003-07-31,-1.9822529939786713,1.100813868893695
2003-08-01,-2.95865387777954,1.8171766725452756
2003-08-02,-1.8467226805110308,4.786316785962755
2003-08-03,0.4854190619565542,4.239960799187588
2003-08-04,2.6968497920512386,2.801327815386227
2003-08-05,3.6847495389113774,-2.5754307231112588
2003-08-06,2.4297507306375703,-6.2163041333302225
2003-08-07,3.1097804987303252,-5.979503000710698
2003-08-08,3.8237425264969764,-4.06443400835535
2003-08-09,2.340388457435317,-5.329377582493413
2003-08-10,0.42648547807192133,-4.649895997957256
2003-08-11,0.7126400189214424,-2.7724876756215187
2003-08-12,-0.2958213621445812,0.4221212850697602
2003-08-13,-0.09104362208502625,-0.3981385920290047
2003-08-14,-1.8455241655482733,2.50653813368241
2003-08-15,-2.7524859087690934,1.6584691033601815
2003-08-16,-0.46896109805410247,-2.583599794705457
2003-08-17,1.8468250780891584,-3.542593466681247
2003-08-18,1.2900659057991959,-0.5568974245093549
2003-08-19,-0.3998845638696547,1.7709452647481023
2003-08-20,0.8752078252875086,2.5409965260237786
2003-08-21,2.2639400833075656,1.8882233619003226
2003-08-22,1.536328289970564,3.181900207043705
2003-08-23,-1.0669618713053661,3.1611457350694927
2003-08-24,-0.18691914409735655,-2.906273738936294
2003-08-25,0.605383975631736,-5.758612112054511
2003-08-26,2.2617425890314062,-3.5686662769169453
2003-08-27,-1.230739515805781,-2.2487031344605977
2003-08-28,3.4798271454187497,-2.3753715229827277
2003-08-29,3.5955655791668963,1.1646886535763834
2003-08-30,-1.1332738051026334,-2.4862519324796084
2003-08-31,2.5644985927359336,-3.5583784741672986
2003-09-01,2.0756200240876663,-2.953335605706333
2003-09-02,1.371784038484217,-4.193858575228319
2003-09-03,0.6998060470879656,1.114086511825622
2003-09-04,2.7165840565714428,-0.5761030788400915
2003-09-05,1.8260271107783554,-2.2508839782200343
2003-09-06,1.954024739468683,-0.6681604997182314
2003-09-07,1.0560552479852747,0.6287832578659299
2003-09-08,-0.4632760605653507,-1.2845919610962921
2003-09-09,-2.3530744898407043,-1.354024696833688
2003-09-10,-3.2291274016364597,-0.03770198457354442
2003-09-11,-2.4543022827974688,0.34461231699410844
2003-09-12,0.10118922390928334,1.3466413922823766
2003-09-13,2.8884192497196777,0.4778317465288341
2003-09-14,2.897193323393539,2.201541290171033
2003-09-15,3.8088239364109784,3.2073040560222377
2003-09-16,4.1375390117394515,-0.3276405558712238
2003-09-17,2.9810029166335683,-0.43091603778393434
2003-09-18,3.411696094296821,5.5628984920261955
2003-09-19,5.353048606945534,2.9097308601692786
2003-09-20,3.4280620544825484,-2.3845806862350423
2003-09-21,0.420567807202484,4.095787687840784
2003-09-22,2.354643082448577,5.009187993793503
2003-09-23,1.32934368955727,6.883364091465192
2003-09-24,3.9771615978044115,0.6551391399956147
2003-09-25,3.635594893184559,5.531300155235194
2003-09-26,3.249379426136974,4.293827537069568
2003-09-27,-2.519244257523573,6.42521881677583
2003-09-28,-0.37662360615528895,1.7875843337409347
2003-09-29,0.30757070833590566,0.49981747487840517
2003-09-30,-1.3921907455520555,-2.4382061511429742
2003-10-01,2.2708528781832036,-0.1426222510057057
2003-10-02,0.8083283312856205,3.6246596793647514
2003-10-03,-0.6664475528879553,1.3123928593752046
2003-10-04,-2.6883674028735753,2.1048248114034687
2003-10-05,0.16241883386468864,4.899084917551951
2003-10-06,-1.432413193017505,-0.6414956124059389
2003-10-07,4.206879227074308,-2.7985754688671816
2003-10-08,5.188084004374266,3.474343968987486
2003-10-09,-0.1386256909128264,1.3581019167034238
2003-10-10,-0.3940637635064116,1.8237062506347164
2003-10-11,-1.7947726455416906,-0.33965345398341057
2003-10-12,3.981220222761112,-3.5253175168372333
2003-10-13,0.4260480203423266,-7.609232402735309
2003-10-14,0.3214660488378475,-7.069798114447864
2003-10-15,1.4373266518484578,-5.335213802561059
2003-10-16,2.2517391616088958,-1.1928815099245136
2003-10-17,4.748448510904142,0.1487629479951686
2003-10-18,2.5119053209582987,-1.1584658775653818
2003-10-19,1.35530312817888,-1.581335592777634
2003-10-20,0.32777596498108325,-1.9421359637790405
2003-10-21,-0.692692315160164,-3.846808015585119
2003-10-22,-1.3357271143059493,-3.2927533647505074
2003-10-23,0.31416558250540416,-1.568996075259896
2003-10-24,1.3761986713519825,2.0626241181317355
2003-10-25,0.9857807198627861,-3.471860141668766
2003-10-26,1.834970887731117,-4.481668484188056
2003-10-27,1.6701612682058327,2.196141562103216
2003-10-28,4.462609078783629,2.5461858821229324
2003-10-29,1.6160091786523785,2.8836324266717295
2003-10-30,-0.9777330973723293,3.652600929955953
2003-10-31,-4.320361010196503,2.162536020154518
2003-11-01,-3.899307004868436,3.370593423754547
2003-11-02,-3.589347367480421,4.9705739575852075
2003-11-03,-1.2152354013045157,2.2747416457518685
2003-11-04,0.6273600043838142,3.46005047998807
2003-11-05,2.6760680761619273,1.9359786829363335
2003-11-06,3.206319779526913,3.8530443976194593
2003-11-07,4.203771899365298,-0.20178843825277407
2003-11-08,1.450406309378596,-2.828096598677916
2003-11-09,-1.6692354529274358,-1.0449892114314276
2003-11-10,1.378726753701889,0.46781707764466063
2003-11-11,3.8710078098187717,1.2470940946955635
2003-11-12,3.911275123918418,1.584579296673287
2003-11-13,1.8570998761189983,1.001602763704004
2003-11-14,2.8763731962922097,4.074859550833831
2003-11-15,2.667360332964466,1.27597606697198
2003-11-16,0.35943229244723024,4.836693155839816
2003-11-17,0.947720051902658,6.863808618433139
2003-11-18,2.103531163249215,-0.43606363901102346
2003-11-19,-1.638538792555032,-0.7845414181874842
2003-11-20,0.49667837023959016,-1.5393674227469178
2003-11-21,1.2458272725673343,-1.3884146351213373
2003-11-22,-3.3868969945874974,-2.5123240518802312
2003-11-23,-5.9099270435047995,-2.232747174638845
2003-11-24,1.5302565751484214,1.9843807832128546
2003-11-25,2.3223982709409086,0.7042080251827266
2003-11-26,-4.704229136988389,0.8712155867167706
2003-11-27,-7.302876686681728,2.5185276035087734
2003-11-28,-3.2818721649602955,4.253025015043645
2003-11-29,0.8708948135745237,3.581838482858653
2003-11-30,-0.990598039296035,3.180185747998376
2003-12-01,-0.2722164436136075,4.14364726907971
2003-12-02,0.910763172021567,1.9500772155015194
2003-12-03,1.4180628591142452,1.0069529603769456
2003-12-04,4.157128164413737,4.1805606146670335
2003-12-05,5.155046910715669,-1.766726326088629
2003-12-06,2.351280382481158,-7.484173424903022
2003-12-07,6.35805475777371,-1.1333818375082205
2003-12-08,7.624981873444598,-4.511015070901713
2003-12-09,2.013742721135227,-0.6330247002209296
2003-12-10,3.4501487111601743,5.1619685189708795
2003-12-11,4.420886886030767,7.764390727346394
2003-12-12,5.6469781311140395,-0.406792647245994
2003-12-13,1.6540280187955743,1.212441339727434
2003-12-14,-4.53048710898811,3.2645168791730588
2003-12-15,-1.507158403655647,-3.5726224801630395
2003-12-16,2.446159625594081,-6.423457219352265
2003-12-17,2.972925170728337,0.6656922518355659
2003-12-18,-0.4641388812446027,-0.6197051059548242
2003-12-19,4.156494830241137,3.8208474045946947
2003-12-20,2.4015709594192294,-1.320893296147077
2003-12-21,-5.311926536764003,-2.4255250523497947
2003-12-22,-2.4504059438847166,-9.28176731960169
2003-12-23,1.5195199707045173,-1.6383185745677264
2003-12-24,1.7229374333723355,4.854818787502419
2003-12-25,4.512344400693676,5.170911504403518
2003-12-26,3.6461244068599803,2.010848191067007
2003-12-27,0.6974946506225944,6.753672459358171
2003-12-28,5.447455737860322,7.693209232871314
2003-12-29,1.2167314276307695,7.042586100294948
2003-12-30,3.9028067746637864,2.179515747027514
2003-12-31,1.7161694904296534,0.07687012496107301
2004-01-01,-1.5614436081617582,-4.209139937963111
2004-01-02,-0.8075720785437148,-3.298858544137479
2004-01-03,1.0379568076584307,0.2943236667008124
2004-01-04,0.48214099650043957,0.9503488604631556
2004-01-05,2.290654311976818,-0.6668673114290615
2004-01-06,-1.2344551296937125,1.0294665972352008
2004-01-07,-0.9326748116325362,4.8988865948084745
2004-01-08,0.31343282441334924,4.518031152168584
2004-01-09,-2.7590197306193978,0.9760705290271644
2004-01-10,-2.1241511045532433,-1.32629509673446
2004-01-11,-1.690554300671663,-0.03144487246770224
2004-01-12,-3.640673160450036,3.6194674787461056
2004-01-13,-2.2067108426528006,3.9469566916936163
2004-01-14,-4.222929665924506,-1.191471514747997
2004-01-15,-0.4086248982205961,-5.206568373311696
2004-01-16,2.718367981341612,-1.2404561031182253
2004-01-17,-0.07891670077853705,1.6668161470378655
2004-01-18,0.5764568301564571,-0.0965082865957793
2004-01-19,-1.9811648577208465,-1.4135515532776908
2004-01-20,-1.831968500195444,-4.792543568658837
2004-01-21,1.4373009973340058,-4.5111117126317275
2004-01-22,1.5892409190726995,-2.871288817138599
2004-01-23,0.8643902924946965,2.0001185732336313
2004-01-24,1.1089992744309691,4.494209396228832
2004-01-25,-2.8412493722023635,-0.26650814639744597
2004-01-26,-0.5437150251000028,1.4765563556535986
2004-01-27,-0.5293383800110268,5.167113437670893
2004-01-28,-2.320060704172531,3.9450176160486685
2004-01-29,-3.414104343292111,-0.6365064573130431
2004-01-30,0.6317442238193509,1.9215323534768505
2004-01-31,-3.4160099510610467,7.4986799106809805
2004-02-01,0.5890698604134827,4.65484555533809
2004-02-02,0.4348223744472373,0.7691684633995514
2004-02-03,1.1300031234618442,5.768416409930035
2004-02-04,2.1684247941358628,5.618604255280927
2004-02-05,3.7080548819819605,-2.0359186393323485
2004-02-06,0.27115951315332026,-0.12331150192722849
2004-02-07,-1.8206792400259721,-3.7858155150727932
2004-02-08,-2.5900517672045176,-1.7067299228267099
2004-02-09,1.8659775177467497,-4.2039019903704355
2004-02-10,2.3256859683947173,-3.0275483464869075
2004-02-11,2.9149726251408024,-5.605813619285741
2004-02-12,1.0388649476627554,-0.28696004398264413
2004-02-13,1.8670839339010876,4.074511817689847
2004-02-14,2.459258364960816,-2.6826082639550046
2004-02-15,2.2083435316914244,-2.091925696335461
2004-02-16,2.8919462775972553,-3.417244854768953
2004-02-17,-0.8518387435989137,0.24426532975017656
2004-02-18,-3.2521779944191374,-5.049391503648617
2004-02-19,0.570206518599972,1.137805866181779
2004-02-20,3.2449816093590114,3.3166356478611254
2004-02-21,5.048655066971178,4.165564648071832
2004-02-22,1.6032919223767121,4.76040401466169
2004-02-23,-0.6648920085013541,-1.5822624498967652
2004-02-24,-1.0749986607980238,2.1020415534225503
2004-02-25,-1.9645326144821218,5.959022203410425
2004-02-26,-0.43731436201038004,7.284215944451943
2004-02-27,0.36913974028959307,4.843971650730261
2004-02-28,0.44902267725765593,-2.3177027611014203
2004-02-29,2.0734627721632046,-1.1451253604696376
2004-03-01,2.461938114263104,2.4399948032420258
2004-03-02,1.564803440467174,-0.020855967345941473
2004-03-03,-3.849785089636954,-6.886031641799683
2004-03-04,1.0491984544819775,-5.197665985644062
2004-03-05,2.1720533209585153,-0.15610486012579
2004-03-06,1.4122461437791956,-0.16194173004678514
2004-03-07,1.3899857953808572,0.7166626163496852
2004-03-08,0.29766750394533514,-0.9052635664165201
2004-03-09,0.30949311852918426,-0.3066563365731303
2004-03-10,0.35880670406442783,0.35932815216319974
2004-03-11,1.4888756842472095,-0.40010102794158037
2004-03-12,0.0979784822528751,-0.7055770179562029
2004-03-13,-1.4883507105005185,0.6506664341138713
2004-03-14,-2.1028037425449972,3.113514125106075
2004-03-15,-0.23059555194903747,4.8203925749571965
2004-03-16,1.9304347820848946,3.083219443708711
2004-03-17,0.6862804834187917,0.9929052257108625
2004-03-18,2.8399002994425047,0.610096155325129
2004-03-19,-0.2568693066517468,2.034767762478986
2004-03-20,-4.428054737318866,3.55557562075299
2004-03-21,-4.687510163751383,-0.5061881611249844
2004-03-22,1.292152807510402,-3.040690523887872
2004-03-23,1.7195144968935754,-0.04897046542627591
2004-03-24,-0.9975169805075426,0.18980083042964882
2004-03-25,-4.3317200653019885,-5.434697650861826
2004-03-26,-0.8767160755552408,-5.465049747744842
2004-03-27,2.0125106888302318,2.5038497852052473
2004-03-28,4.288614800801105,0.5175625824952773
2004-03-29,2.89358717510446,2.1423028873877876
2004-03-30,5.556048476307636,-0.5027955630860077
2004-03-31,3.1024611042411596,-4.207398832833821
2004-04-01,0.21171435631286797,-4.6155486965174095
2004-04-02,1.2462220397760086,0.29789932047648204
2004-04-03,2.710724412659717,2.1280376367398377
2004-04-04,-0.26989030944072406,1.807084836644282
2004-04-05,-2.1355922515511208,0.8505435372793332
2004-04-06,-3.5159500319307213,-0.3063620973694767
2004-04-07,-4.670128748319002,-0.7630349678948117
2004-04-08,-3.8165840237413002,-0.7433244394825455
2004-04-09,-1.203027980148045,1.0854389165505296
2004-04-10,2.1087944635739904,0.4916722580394523
2004-04-11,3.8689351750222034,1.7680520530431802
2004-04-12,5.004180178253562,-2.1157004947460605
2004-04-13,3.0958417536386293,-1.9246476327050843
2004-04-14,2.752481652786778,4.540525632878949
2004-04-15,4.697137718663387,-1.2100078869759294
2004-04-16,-1.486356636644866,1.1021311401826692
2004-04-17,-1.2428296087200892,1.7884856298116407
2004-04-18,-2.7736206602362845,1.8460208218259095
2004-04-19,-3.0838485312114923,0.9108586782455055
2004-04-20,-1.628354554930623,0.5579336736660577
2004-04-21,-3.6780605865485576,-1.0817278799454115
2004-04-22,-4.195368039779457,-1.442227189506288
2004-04-23,-3.138751933201856,-0.18351514085742
2004-04-24,-3.774337128100848,-0.9318945166384296
2004-04-25,-3.123527910330157,-0.3341414444818101
2004-04-26,-2.306925323342927,1.0840532825789346
2004-04-27,-1.8278528927775666,-0.7676053317668362
2004-04-28,-0.6530433936502706,-1.3797111573660001
2004-04-29,-0.2582969162404631,-0.04730824231661847
2004-04-30,2.048741751133174,-0.7317023834419237
2004-05-01,3.0560551293768143,0.8946458911188022
2004-05-02,-0.09658245312438767,2.7880375108822113
2004-05-03,-3.468311376781419,2.7570783000546193
2004-05-04,-2.5822340111418933,2.913056260816382
2004-05-05,-4.163096095850735,2.352320763591741
2004-05-06,-4.3808431010205195,0.9941222474461657
2004-05-07,-4.021009291293673,-0.19845964528616516
2004-05-08,-3.549591406827865,-0.259827349223301
2004-05-09,-2.8048462213914145,0.3550824576688203
2004-05-10,-0.7092733939369177,-2.5409152499321452
2004-05-11,-1.3685893069684942,-5.524661544409717
2004-05-12,-1.6838253409757935,-3.277259409106253
2004-05-13,1.4911985841002102,-1.8785460888196979
2004-05-14,1.5302691265495856,3.9191058671675956
2004-05-15,3.7885242541203232,-0.741944847722537
2004-05-16,2.7038949746362895,-3.473037563906906
2004-05-17,2.4380352272429016,0.7871979439616814
2004-05-18,2.3775424171250905,5.34898278166209
2004-05-19,2.0693141685315193,3.404844498271414
2004-05-20,6.313869566694548,-3.0539733749180358
2004-05-21,6.355120590516393,-1.3476024647079017
2004-05-22,5.118892564227323,-0.7508101532722362
2004-05-23,2.0246673473211474,2.6361206025725594
2004-05-24,-1.2961117680208996,2.040209422674337
2004-05-25,-0.07485170578324957,1.4260555629870755
2004-05-26,0.6913862969706956,0.16379162594999164
2004-05-27,2.4113254174287713,-3.6777574174532175
2004-05-28,2.5679287684082257,0.5571789020520864
2004-05-31,2.6059052272191243,-2.4322890665973453
2004-06-01,1.8006229750302702,0.6982384722289743
2004-06-02,1.4837195926854987,0.5081509651754005
2004-06-03,-0.9619534669053472,2.705376575193903
2004-06-04,0.7118763409490432,1.4462163604864764
2004-06-05,2.6776334004416826,3.0869657284517062
2004-06-06,4.295190243969268,1.7641802245653648
2004-06-07,1.9444271500849042,0.23411763382657463
2004-06-08,-2.60606736382855,-4.884463410451775
2004-06-09,1.895599399568568,-4.2305857321201525
2004-06-10,2.718313444247825,0.8089928281373988
2004-06-11,-3.0315932769037177,2.614458006402467
2004-06-12,-1.4860092791708641,-0.1483209320657524
2004-06-13,0.21257048699505257,-3.4406169166378135
2004-06-14,5.266672528505971,1.0747026597375404
2004-06-15,6.113709926798896,-1.327229209409189
2004-06-16,4.3546546312615995,-1.7232117776710467
2004-06-17,2.7102951296632827,-0.6106716719826824
2004-06-18,0.801268424011271,-0.04107840367178968
2004-06-19,-1.3146220697623512,1.6001662712297868
2004-06-20,0.538270189619664,2.5835549221348377
2004-06-21,-0.7302567494626387,1.1111077891477954
2004-06-22,3.7564723058667724,0.7929844668212245
2004-06-23,1.7082392517584915,3.589512835096912
2004-06-24,-3.517877259780139,1.3541815368878973
2004-06-25,0.3624109593387256,3.055390167687998
2004-06-26,1.6889785178435903,-1.1632782777887292
2004-06-27,1.347514584888732,-1.9805651845543457
2004-06-28,2.2897542150428256,-1.6605697209506245
2004-06-29,2.228103106966202,-0.36416611101441787
2004-06-30,5.539101905713571,0.21005380115572955
2004-07-01,1.1526549972234876,5.20272872011125
2004-07-02,-3.4490102742938333,2.4677926770378193
2004-07-03,1.539437799818738,0.27842887882255857
2004-07-04,-1.9769260667370772,4.262735447853978
2004-07-05,1.6144144010167092,0.8764197150717337
2004-07-06,2.45497547386702,2.4877117888914873
2004-07-07,0.3625658922397194,2.932660792504398
2004-07-08,1.1070515153865124,0.8171453218306771
2004-07-09,-2.5288182632441902,1.082657407374011
2004-07-10,-2.947798079074079,-0.06697075001338414
2004-07-11,0.29895708741403165,2.005802169160688
2004-07-12,-0.965759994736169,3.9574325755656647
2004-07-13,-1.251625682506034,3.989537202245769
2004-07-14,1.2692752941402576,4.532881123876682
2004-07-15,0.21120164762362872,3.8618717162665224
2004-07-16,3.54162787742717,-1.1166812835686786
2004-07-17,2.839045335812335,-0.18089947331160822
2004-07-18,1.0594874128755918,1.4714875003194665
2004-07-19,-3.0310364858201795,2.888883054922902
2004-07-20,1.2765479370478847,3.241169264034962
2004-07-21,0.046572031543366116,-2.2444616972471407
2004-07-22,-2.5521414372225637,-1.90169383560422
2004-07-23,-3.929687435025448,-1.140941605944891
2004-07-24,-4.010327892404767,0.630542513386713
2004-07-25,1.6281705140342853,1.8446736180619414
2004-07-26,1.4234008579309922,1.024026916998293
2004-07-27,-0.96807712825412,0.8138330192031777
2004-07-28,3.2692106669046512,-4.718537119150751
2004-07-29,4.402724698688566,-4.518027116104419
2004-07-30,-0.6898384082093714,-5.159773376373026
2004-07-31,-2.8049074940650303,-3.6146422329751986
2004-08-01,-2.836997243199501,0.1411734632664774
2004-08-02,-2.343442598666269,-2.077721833940044
2004-08-03,-5.256015554530069,0.15208048847002065
2004-08-04,-3.548095559214742,1.2387469497164911
2004-08-05,-2.0442856547671657,1.40443196390095
2004-08-06,0.16503991853729058,0.7593685908477943
2004-08-07,2.093753105929111,1.4121518181118
2004-08-08,2.5233945286938937,-0.4271144238816446
2004-08-09,-1.5945986849696856,-3.0208735992697022
2004-08-10,0.4881519488051092,-1.6013716073155764
2004-08-11,2.9831017244525384,-1.173390757175877
2004-08-12,2.2572784350863553,-4.0315445132462715
2004-08-13,0.5617167014176151,-2.7243662677114444
2004-08-14,2.5166327885341486,-5.525037788440942
2004-08-15,0.9435759140806201,1.4603064268394803
2004-08-16,3.600691561451414,-0.39208302972549797
2004-08-17,-0.3770569575725144,1.2986664680156164
2004-08-18,1.5489853997153702,1.3995130392857946
2004-08-19,-2.9525299861946097,0.3429496299567105
2004-08-20,2.0496020409376223,5.297412031694786
2004-08-21,1.0176722739429795,5.404659055597805
2004-08-22,1.7848558785712296,4.721206502905327
2004-08-23,3.764418151989949,2.048991847490748
2004-08-24,3.8313393871943986,-0.07408692544962649
2004-08-25,-1.9079142919048644,0.20817576492761378
2004-08-26,-5.0064940718770305,-0.29362398880752716
2004-08-27,-3.1852572656403746,1.6500349448979372
2004-08-28,-0.06531640441876722,4.319962926929723
2004-08-29,2.664232203664523,5.249176863683579
2004-08-30,-1.2027595015640489,2.5433840819161944
2004-08-31,-3.1616434524293244,1.562569736053009
2004-09-01,0.004814369600547901,1.2695126075988428
2004-09-02,0.33017386815580935,-1.6735295839333537
2004-09-03,-2.1569540922633346,-2.860441478292694
2004-09-04,-2.5323062624267725,0.3920171163134226
2004-09-05,1.650237405693321,1.7124989800986852
2004-09-06,3.732358168339308,0.08684540072756766
2004-09-07,4.901760124631538,-1.4194135448454628
2004-09-08,2.675924735521807,-5.393415313281429
2004-09-09,2.527392848171826,-0.5616069626444222
2004-09-10,2.7492795354352757,2.176735891645047
2004-09-11,3.0604507529896985,1.4858982792230242
2004-09-12,2.2062737446987932,3.5476804751157216
2004-09-13,4.896510597374542,4.37315834299456
2004-09-14,4.221658379745241,7.646687286599885
2004-09-15,1.6314088743669264,5.38180918152301
2004-09-16,2.9086806545245882,2.622245936425111
2004-09-17,3.915724912845334,2.1479422641469834
2004-09-18,4.594647305622977,4.215035130150892
2004-09-19,0.8193351009161616,5.891672582609315
2004-09-20,2.832061232674777,4.273011822944497
2004-09-21,-2.152717757473392,4.769088553391972
2004-09-22,-1.9198527058545931,1.206692819568632
2004-09-23,0.7526353637196734,0.29346074394027033
2004-09-24,0.19390189501946584,4.2603148655491205
2004-09-25,2.841825311831355,3.6947737924315294
2004-09-26,2.633223905070983,2.2822552897942363
2004-09-27,0.7892937982431073,7.243277506036815
2004-09-28,3.3492275230171606,4.705888710958052
2004-09-29,3.9709446530297883,-0.8941093671103669
2004-09-30,0.4718345276292749,-3.1347905272780174
2004-10-01,0.06979579009229972,-1.840685728092531
2004-10-02,-1.1624985498634715,-1.1777336820064428
2004-10-03,-2.4959635852412503,-0.3743166871882131
2004-10-04,-2.1109676266904867,1.8578004770363128
2004-10-05,-1.1828311809115926,5.203165033583527
2004-10-06,1.7296515793018594,2.5622080280480235
2004-10-07,3.0395740541045635,3.3153164116961027
2004-10-08,1.7803560328133137,1.192654892286569
2004-10-09,1.1858626345309045,-4.105277193685578
2004-10-10,-0.4559539216159795,-4.510855667797112
2004-10-11,1.3059596472271349,-2.8305202774655327
2004-10-12,3.2679948845356566,1.0633118773364714
2004-10-13,2.4821894566263865,1.7814231988513902
2004-10-14,0.26051032420046755,3.5125559854117174
2004-10-15,-2.166479356248912,2.0400296977820656
2004-10-16,-2.774221197407882,3.070560888503052
2004-10-17,-3.921169274728871,-0.9628759497186694
2004-10-18,-4.761682640027636,-0.9951560720205326
2004-10-19,-2.7257155158368813,-4.459414632497079
2004-10-20,1.7179484371086622,-3.5711358950568997
2004-10-21,-2.1409187806069148,2.7567250479061522
2004-10-22,1.1943524614478092,6.054270826076916
2004-10-23,1.716051541132,1.8578535859543124
2004-10-24,0.21371789037599026,-1.103823432690615
2004-10-25,-0.9258790204665098,0.6047910803496873
2004-10-26,0.9112825173705277,4.552449710530497
2004-10-27,3.5053297775346186,-0.08847118069555161
2004-10-28,3.7738682488401207,-0.031067495617420768
2004-10-29,-1.8649137934666309,-1.6514068584272825
2004-10-30,-4.402921688392062,-2.8446164106578866
2004-10-31,-1.6081392902342402,-1.5055908234469388
2004-11-01,5.067052834126749,0.16716721336049367
2004-11-02,4.140430331983278,-0.11460771138423115
2004-11-03,4.444053389856462,1.024421072000908
2004-11-04,1.9784319597026536,2.577432970489402
2004-11-05,1.485566438326066,4.220633948101092
2004-11-06,0.2869891134920176,-0.6368173713782285
2004-11-07,2.6289051905065,-0.8621478260075152
2004-11-08,2.4282612440010296,2.3461509140478283
2004-11-09,3.2079587851726865,3.5055508521312837
2004-11-10,-1.894171473318048,3.0414158159863756
2004-11-11,1.246985444143704,3.577771716581197
2004-11-12,6.264813486987088,9.63068933878034
2004-11-13,2.7190403988187732,1.1245532870658348
2004-11-14,3.415866256800758,0.4515201892237658
2004-11-15,4.765460420126487,4.048654149423682
2004-11-16,6.048974684433754,-2.071435065890344
2004-11-17,3.2610098152169056,-0.46004746582811484
2004-11-18,-2.4907285584704604,-2.6646592716451676
2004-11-19,-0.04428556617818288,-1.4191719661813553
2004-11-20,-1.572140937478579,0.43216147360825147
2004-11-21,1.2696508499857466,-3.793169816247664
2004-11-22,-0.07012595961290373,0.2602047935024953
2004-11-23,-4.822054723727833,-4.041950327396863
2004-11-24,-0.7876098972355832,-2.947111477897138
2004-11-25,3.387029520873118,2.1239388651828772
2004-11-26,4.142130965782172,-2.112688505177487
2004-11-27,2.8984827646335924,-3.1280095353719486
2004-11-28,-0.39261939177323973,-1.1681252447449886
2004-11-29,-0.9301767732749812,1.4435458839051567
2004-11-30,0.9499417689144524,1.293470130308964
2004-12-01,3.9772360832785765,1.1287839243150941
2004-12-02,-1.7687983085945327,-1.272512172640929
2004-12-03,-1.3527353966153366,-3.259798457111966
2004-12-04,1.1768076648946197,0.8119310471221123
2004-12-05,1.4970267055208124,3.146550373203293
2004-12-06,1.5550613136497609,-2.2752605521748315
2004-12-07,3.7802104963476544,2.193882434131662
2004-12-08,3.7573401194043092,-1.8600676732187043
2004-12-09,2.6793983615244272,-2.2947418154253847
2004-12-10,1.2980652435362316,1.2057663936866672
2004-12-11,4.608253092061542,0.8084668850704173
2004-12-12,4.750147124595409,-3.1225918893709275
2004-12-13,-0.32353369262617093,-0.04553745514483226
2004-12-14,1.1387257303026996,4.7390508546853445
2004-12-15,6.373374612100971,8.608716949647315
2004-12-16,4.350426805732584,2.4043370940650988
2004-12-17,1.3865293368700142,9.062862445991883
2004-12-18,1.8813434549316514,7.9675857387242655
2004-12-19,-0.2627323671378487,1.7599669284888095
2004-12-20,3.915296999763347,-0.606885183664278
2004-12-21,3.0898185255927895,0.40197723526824825
2004-12-22,-0.14079742966739597,8.576866202063448
2004-12-23,0.4091262907428984,6.595281969407493
2004-12-24,1.7292352383816962,2.959898777557605
2004-12-25,-1.7495876719617511,2.7092462380204885
2004-12-26,3.404516560760033,2.2922902848526845
2004-12-27,2.120164498942258,1.153730317232684
2004-12-28,-1.7415755302092826,-0.729815055992819
2004-12-29,-0.3276770431385186,-0.17936899708404364
2004-12-30,3.2572747332011844,8.22918353507782
2004-12-31,5.412779634104764,-0.36567538835073476
2005-01-01,2.641434580917827,4.240205027887279
2005-01-02,-0.3527615051708487,7.7950840301867865
2005-01-03,3.5822646777633507,3.581358377004262
2005-01-04,3.46254324920994,0.5165026892775509
2005-01-05,1.3478764120428237,0.18474129805001036
2005-01-06,1.6577327694781372,1.37306359312603
2005-01-07,4.0510125878233305,4.038218182965676
2005-01-08,3.788681073704212,3.840374309063081
2005-01-09,8.059108549263101,1.9581102437603808
2005-01-10,2.4132613186858203,1.9133619606943562
2005-01-11,5.5009974276544416,1.3789495906301026
2005-01-12,2.912598815605314,4.318524204313921
2005-01-13,5.861534487180284,8.549469367073181
2005-01-14,4.936770592955122,-3.0794450431384313
2005-01-15,2.651863025149536,-1.7527906814208316
2005-01-16,2.351129941586421,4.079795900806937
2005-01-17,4.956794230441656,5.221998149892569
2005-01-18,-0.7362368072579514,6.732867186293585
2005-01-19,-0.9779039223677043,5.530527959733761
2005-01-20,-2.256125185676865,5.836923331616295
2005-01-21,-5.503243071288785,2.319671980485145
2005-01-22,-1.041302394579151,-1.2088597758539126
2005-01-23,-2.2442433329810703,-1.3046476678978938
2005-01-24,-0.6175916243476687,-3.769354092603958
2005-01-25,-2.975006784978134,-2.982701878717302
2005-01-26,-1.2899982470198887,-0.28361060362058943
2005-01-27,-2.1624743777240885,2.573925408356144
2005-01-28,-2.3716268557295606,-4.809820945710619
2005-01-29,-1.7978400814924607,0.790961920889183
2005-01-30,-0.3087929486434121,6.483938566336085
2005-01-31,1.563787435158661,3.3721386510870524
2005-02-01,-0.7028768025481656,-0.09319695920981043
2005-02-02,-3.4181941445788984,-0.0028356834295272183
2005-02-03,-0.7799099344150469,1.837991745062539
2005-02-04,1.4551138262504588,7.102933341816822
2005-02-05,3.484804970870359,8.834980551144906
2005-02-06,4.304535820667763,4.244900505408151
2005-02-07,2.823350227514787,2.636084904098889
2005-02-08,2.566809986305276,3.0568464630497143
2005-02-09,0.6939352871274448,4.393809524234481
2005-02-10,-0.3288675450992329,8.862465666724232
2005-02-11,3.3069751765722195,4.366446353208493
2005-02-12,1.9755615069202042,3.637548651540062
2005-02-13,-8.264770685985695,3.1065224903431354
2005-02-14,-6.72029599283391,-2.133122704701595
2005-02-15,-1.5439822184678982,-4.493767894011625
2005-02-16,-0.9069511767278821,-2.50585389930698
2005-02-17,-0.8350196338842978,-2.2851040859796834
2005-02-18,-1.2416304883558398,2.152438036320821
2005-02-19,-2.544340285430793,4.250798610201948
2005-02-20,-3.043346980569199,-0.8568336959084786
2005-02-21,-2.354517854438135,-3.0854339965031916
2005-02-22,-4.077690614752364,-3.7929676711788027
2005-02-23,-3.6003343715589504,-2.7434464572017943
2005-02-24,-1.7360034964487547,-1.2616087653139845
2005-02-25,1.1569552025880496,-2.1760040155480174
2005-02-26,0.8472146318785542,-4.466972513982443
2005-02-27,1.06586103663047,-4.654663315411785
2005-02-28,0.28373414525655294,-3.478084408938508
2005-03-01,2.2218405490329496,-4.88506368440824
2005-03-02,3.0049675699753813,-0.35844232798609776
2005-03-03,1.0741847133260412,2.2076524307033245
2005-03-04,-1.4542682977640127,1.027567270156389
2005-03-05,-2.679974192764595,-1.8415925166079832
2005-03-08,0.33845904113463166,-6.180876018159124
2005-03-09,1.719759183025148,-6.390746998814782
2005-03-10,1.325960023625774,-1.5666277064447034
2005-03-11,-1.5027565821901987,-1.9642341699374442
2005-03-12,-2.809917350000754,-3.801663240398719
2005-03-13,-0.35461955317892196,-4.1570216076397495
2005-03-14,1.7066255145575104,-0.7315478777601196
2005-03-15,2.0683303215512407,-1.6746345215553875
2005-03-16,-0.3106358233248827,0.8523289728081531
2005-03-17,-3.9047280620129072,-0.6118182711168141
2005-03-18,2.0518550202392576,-7.3615616575384974
2005-03-19,3.5872906727647527,-7.621075162170149
2005-03-20,2.619888725321975,-5.984830889124616
2005-03-21,4.753302795838874,-2.3776949085949965
2005-03-22,2.6343157636956347,-3.0166828446862266
2005-03-23,-0.3165405670872667,2.509864618792636
2005-03-24,2.1027032190989745,2.7421435107686842
2005-03-25,4.536096839860557,-2.0824468635890927
2005-03-26,0.32707668380093574,-3.5441967741265406
2005-03-27,-0.8084465788253256,0.5452338052131234
2005-03-28,-2.3112770348105083,1.2139290325659196
2005-03-29,0.6798213960506299,-1.8722906443491125
2005-03-30,2.465583074937406,-0.5129950143075154
2005-03-31,1.495412791871802,-1.7302682862538115
2005-04-01,1.8042458066222247,-1.4383735184234505
2005-04-02,2.174182119676608,2.699866855140953
2005-04-03,3.121475084480664,-0.9672596697944926
2005-04-04,1.9066861405154543,2.904787045673963
2005-04-05,2.467472639226267,4.848018293250016
2005-04-06,4.51365437730819,2.9532841929765983
2005-04-07,-0.7143988250121133,5.253678898818816
2005-04-08,2.3587331359980186,5.733034486183297
2005-04-09,-0.6252724916341286,1.562745000304843
2005-04-10,1.562107664181538,1.0419916870167951
2005-04-11,3.4992906088404427,4.7159984617709245
2005-04-12,2.176776620745541,2.79730737351122
2005-04-13,2.824085363594798,4.280173108457861
2005-04-14,1.3032410032289414,2.73964163502031
2005-04-15,-0.7171842058444146,-0.5130575122912416
2005-04-16,-1.9218577304175462,-2.043720014959349
2005-04-17,-0.7544721499996891,-3.7733069414012346
2005-04-18,-2.06080207098277,-4.317544273235485
2005-04-19,-0.21906406188669214,-5.83480191732165
2005-04-20,1.8467023573431607,-4.453654581688936
2005-04-21,1.334148107325529,-1.3427428394210532
2005-04-22,1.7982431661857168,-2.431929408307378
2005-04-23,-0.8364844687935392,-0.7850176683153858
2005-04-24,1.0320401696849384,-0.3645023467900407
2005-04-25,-0.6346919865162823,0.8925260858415569
2005-04-26,-0.3920103235431918,2.0947087563060887
2005-04-27,-1.6058468507835921,1.8065717841958415
2005-05-01,-0.5779560253189562,-3.1646399213930865
2005-05-02,-0.13299519498462692,0.2937880779685147
2005-05-03,-3.837461469986722,1.1596049675832525
2005-05-04,-2.5110295170491783,-0.7276587901584153
2005-05-05,-2.285041049136099,1.6455776585700475
2005-05-06,0.08183019894143145,0.541832507049402
2005-05-07,-0.13572295666043202,2.797043960010635
2005-05-08,-0.2079229910793661,2.130068382777998
2005-05-09,3.144061117242362,-0.7735261361208846
2005-05-10,-1.4886776460813205,-4.553055943388725
2005-05-11,3.6944758437174885,-2.1299363976275534
2005-05-12,0.4636348941748429,0.3641364824190023
2005-05-13,-0.7481771755982527,-5.433425954938356
2005-05-16,-1.5729341943140007,2.622201722528259
2005-05-17,3.6361056947331827,6.131834356417827
2005-05-18,0.964116818727558,-0.7150865467454542
2005-05-19,3.359340069078377,3.5085750794402446
2005-05-20,1.0884809482189841,3.5049665720900745
2005-05-21,-3.1439477141629864,2.8182290464996447
2005-05-22,-0.9645464685773631,3.3932538345846526
2005-05-23,-0.686937402816456,2.2540646644890305
2005-05-24,-1.3646795126821372,2.826014210610237
2005-05-25,5.431622966312822,1.7112662051242749
2005-05-26,3.3387701793227937,3.8919316641951824
2005-05-27,6.245390834465736,4.331315463205013
2005-05-28,6.013303411324911,-1.6772811292430443
2005-05-29,-0.3454138216066045,0.4016403723137101
2005-05-30,0.4252894887011316,0.15665753724702028
2005-05-31,-2.804521880212854,-1.594688111836061
2005-06-01,-0.4979701338937823,-6.1268992900736965
2005-06-02,1.7325102689964054,0.19991688642697314
2005-06-03,1.751452037835808,2.5663516222617866
2005-06-04,-4.042305291899343,2.2431690822347026
2005-06-05,0.5658583225484188,4.69184033840738
2005-06-06,2.9730062786841702,4.091116942407478
2005-06-07,2.7877126888199393,-1.2678387527979897
2005-06-08,1.6371982224387125,-5.279372667968732
2005-06-09,2.332956256674703,-1.2589267409999376
2005-06-10,0.19883032610788376,2.666985998926969
2005-06-11,-4.857959507851461,0.08562684164393544
2005-06-12,-1.5005335500097776,1.412686757133808
2005-06-13,3.8395052483818075,-2.1468317161056616
2005-06-14,3.3053350908925223,-2.935756602120371
2005-06-15,1.5586077424642888,-2.7926704299306024
2005-06-16,-0.6013583633457967,-1.9077337523813933
2005-06-17,-0.4381393241966572,0.9073741239107193
2005-06-18,0.2606806405824787,-2.3608132706437734
2005-06-19,-0.8174367492660035,-4.310789887354482
2005-06-20,-0.12571542751962173,-0.19150819516821405
2005-06-21,0.383110901187818,2.770269377222585
2005-06-22,-1.7664735290112938,3.2930141897470167
2005-06-23,2.860345229051443,-0.08087455739121849
2005-06-24,2.760669428443714,3.588453706122636
2005-06-25,1.9633725105449051,-1.7827346071718426
2005-06-26,4.431615646074297,-2.123665238785329
2005-06-27,2.462459377147108,3.188215730236172
2005-06-28,4.735558937612361,-0.49157633455126465
2005-06-29,1.5353213962392116,-2.0316766010760037
2005-06-30,-0.2789562539013733,-2.961311951823765
2005-07-01,-0.9971296922181689,-3.590807337609298
2005-07-02,0.26888524287993687,-2.686157399209474
2005-07-03,0.4574693089624933,0.3854956395208097
2005-07-04,0.5887105988103724,0.6479121908151779
2005-07-05,0.4147978183387676,1.1558865714571243
2005-07-06,0.03706259229468955,0.19121889112164986
2005-07-07,-2.6095975626865346,1.226623973951232
2005-07-08,-2.061376925929325,1.4895151009581151
2005-07-09,0.7632643243355695,-0.9018951582775939
2005-07-10,0.9361263788824633,-0.46574212574479523
2005-07-11,3.6686982487739757,-2.3222597833350305
2005-07-12,2.2112651971418558,-3.605790306297138
2005-07-13,2.3405988127516304,2.788217560277685
2005-07-14,1.6901537118011711,-1.5679328844574232
2005-07-15,1.5897830586729635,2.135228423893375
2005-07-16,-2.436361737222495,2.3936046531459123
2005-07-17,0.8452740477594792,1.5384447257844398
2005-07-18,0.05054789235101706,1.8522237434982993
2005-07-19,0.44013994763607656,0.3334353844604619
2005-07-20,0.8968909458348606,3.9228280403044438
2005-07-21,-0.9127169214448485,2.0649374073599134
2005-07-22,1.870711765920801,1.1663812663760817
2005-07-23,-2.773973560289057,3.1282291627010212
2005-07-24,-0.3356441656429922,7.446380759827953
2005-07-25,0.3198120804708375,4.356612294625997
2005-07-26,-2.6920028236290516,1.9209121012596109
2005-07-27,2.266443179714692,1.8170801049638972
2005-07-28,2.775115795506663,2.0343527849222207
2005-07-29,1.9873807095564688,1.0097523264600698
2005-07-30,0.6930139342022816,-0.34497877244537595
2005-07-31,-0.34678631864951265,-0.3999347480849235
2005-08-01,2.166420092796242,3.136153835331062
2005-08-02,2.319584860599808,-0.8547409079168291
2005-08-03,1.5272363422396984,-0.23061242234517032
2005-08-04,-2.257368196591223,2.3934129307951584
2005-08-05,3.3307036297099244,1.7099433627194345
2005-08-06,-1.343827828180905,2.7208654208791248
2005-08-07,-3.015206385188078,1.7871463752724832
2005-08-08,-2.3738553990856173,-1.5413585070509397
2005-08-09,-6.239876453224022,-2.3064703557639046
2005-08-10,-7.967943493305034,1.1592460417444923
2005-08-11,-3.556842888660445,6.681223603931806
2005-08-12,0.7331052373749244,4.239740107581435
2005-08-13,1.2508355626615417,3.016104215679667
2005-08-14,1.6668145976537825,2.8044100128601785
2005-08-15,3.3942764669876797,-0.40787124639379996
2005-08-16,3.1603480628518708,4.046206149125573
2005-08-17,6.1067639100710505,-0.9509868701847753
2005-08-18,3.244179354526837,-0.31354915850167836
2005-08-19,1.418403531501276,1.9004408770685748
2005-08-20,1.9247386376663247,2.388656419672463
2005-08-21,3.2284970995480093,-0.313319838558079
2005-08-22,-0.3826332924975001,-2.7663916981397327
2005-08-23,-3.1174764432785853,0.4565863125859047
2005-08-24,-3.031448933357992,1.3424514404531782
2005-08-25,-3.6498372340625225,3.121529141085349
2005-08-26,-3.0879958822130593,5.92294180665435
2005-08-27,0.5912209607061325,4.257977598609142
2005-08-28,1.3696592636777696,4.075795747458475
2005-08-29,2.94970714553866,4.448485475693768
2005-08-30,6.40124895296247,1.1947869240820572
2005-08-31,4.854575231634753,-3.043099212895531
2005-09-01,0.5642787757699987,-2.06505450917941
2005-09-02,0.055102434147893675,0.9107406772714017
2005-09-03,1.6113030313879924,0.6104222581316603
2005-09-04,0.8072834081827053,-2.237221718921012
2005-09-05,3.150926840385579,0.1846575088664871
2005-09-06,1.4728843676435515,1.9396782864954651
2005-09-07,4.095186092525795,6.10945237584313
2005-09-08,5.00648658222043,4.2525351324479566
2005-09-09,6.28684177280879,1.9308533123775984
2005-09-10,2.953095528721923,-0.8179070455372996
2005-09-11,-1.0563109160560122,-0.14082619820496872
2005-09-12,0.5702367156215882,1.3187292107901005
2005-09-13,4.5404049607746275,-1.3632887894614705
2005-09-14,3.173447528949915,8.808561754326686
2005-09-15,3.681775390309104,0.0635087364024949
2005-09-16,4.118280974360509,-0.6631923240775583
2005-09-17,3.256807947502225,-0.7951655273618872
2005-09-18,4.178318115762778,4.790203370690569
2005-09-19,2.53194744382658,1.2263378635613378
2005-09-20,1.8659346630359002,3.4792211984193853
2005-09-21,3.5447061922482326,2.745655783534607
2005-09-22,1.876882950849095,1.770362431278504
2005-09-23,3.450501617206635,3.2796490351929406
2005-09-24,1.3871472018919992,5.348801728831001
2005-09-25,-0.02300021445699096,3.5605102723190503
2005-09-26,-0.7214290524495294,4.004253749281655
2005-09-27,-0.22437499320769183,4.399764483201135
2005-09-28,0.2057027633086794,4.918071275312091
2005-09-29,1.612082210933552,3.8193873668742526
2005-09-30,-0.6185264506390504,-0.5966542673564097
2005-10-01,-1.0816373910357755,2.0665852626129415
2005-10-02,-0.9103162661075733,2.894484649673297
2005-10-03,2.7549939438499518,3.190905933094091
2005-10-04,2.840844135051493,-0.19035285313266473
2005-10-05,2.352981297770887,0.8220674143757417
2005-10-06,3.4695317817798093,1.353552942594361
2005-10-07,1.460987055423414,2.123297763431706
2005-10-08,0.45481328478698163,2.7258465356862
2005-10-09,-1.6144469571850586,4.782016227148758
2005-10-10,0.9409808225990279,4.967434205192005
2005-10-11,0.4760402844882529,3.381913554658354
2005-10-12,-0.912102813905425,2.3845147053598037
2005-10-13,-1.3398535156288245,1.5165991801495797
2005-10-14,1.325329838121166,1.5392960890368212
2005-10-15,4.958144617508356,-3.673139074705831
2005-10-16,0.22162406128448608,-7.005580797500783
2005-10-17,0.7235827751943666,-2.020739004563962
2005-10-18,1.0126875367473096,-1.7019873767673743
2005-10-19,-0.3585699713538305,-0.43072485420235235
2005-10-20,1.9971888792180439,3.702010901736246
2005-10-21,3.9374470114109967,5.748039447126963
2005-10-22,0.09096741808652245,4.033898016039908
2005-10-23,2.886750604122287,-1.0146429339686356
2005-10-24,2.58222812063037,-3.212129877578917
2005-10-25,-1.1848677631625608,1.442566086315916
2005-10-26,-6.969364202159421,0.06871922254295165
2005-10-27,-0.6062087460125989,-4.348110046783995
2005-10-28,0.10993682211233304,3.117192210155576
2005-10-29,2.4635580588897508,7.704785668362935
2005-10-30,2.5061453596600343,5.637579153640643
2005-10-31,1.6838262003524318,5.2769923112109645
2005-11-01,0.41158427051118374,4.824177481763841
2005-11-02,0.543837990136602,5.509211235356956
2005-11-03,1.3200346546444937,4.327242726379098
2005-11-04,0.07108684052723938,5.347927183511744
2005-11-05,1.5748767670442236,5.411743125491991
2005-11-06,2.154544214285108,5.075215160125529
2005-11-07,3.5299605177625497,3.8730103387639483
2005-11-08,3.1586382985964385,4.036441783838517
2005-11-09,3.0501712739935583,5.344339068883482
2005-11-10,3.416241173619509,7.2129254518710795
2005-11-11,3.3545989507057437,4.21068300509279
2005-11-12,1.7368412808358624,5.362403029640677
2005-11-13,4.6477240988292605,5.755221036965055
2005-11-14,5.919948143174722,5.828347494536907
2005-11-15,7.6078894341603185,6.034027748445984
2005-11-16,1.9999221283521313,-0.2622144761809553
2005-11-17,1.307706698926902,-1.6598750528538049
2005-11-18,3.8023689351591763,-3.7106283785688845
2005-11-19,3.822461190586955,-0.6915675321645005
2005-11-20,0.07277666220992615,-1.3132929353366558
2005-11-21,-0.32321749388943327,-1.3422665458420746
2005-11-22,0.6961877238872259,0.32971890393498715
2005-11-23,3.321065749774389,2.1658704365344286
2005-11-24,2.441449544108779,6.427253650466799
2005-11-25,-2.195201200146808,3.528240320930647
2005-11-26,-0.15892367971306848,-1.271450242309223
2005-11-27,-0.04035152178911363,1.058617334555794
2005-11-28,-3.932835829420113,2.556819224067506
2005-11-29,2.2812899061645107,5.385927467329232
2005-11-30,1.0098304149990835,7.367137901143734
2005-12-01,1.7026925669654644,0.3843825812546903
2005-12-02,3.472556035705914,2.4299552089287735
2005-12-03,0.15942059946082515,3.4061325522817523
2005-12-04,-3.9098358940695976,2.7727094340615537
2005-12-05,-4.63467624178813,2.8862397621202773
2005-12-06,-3.438970091278762,1.514072759345716
2005-12-07,-4.154302234573824,-2.2909859053555706
2005-12-08,-4.571165234495467,-5.186580536775539
2005-12-09,2.8465380502628967,-2.573444995440607
2005-12-10,3.44068974866349,-0.6541854775379936
2005-12-11,0.06499449883396591,1.0586334190072682
2005-12-12,7.871584283115365,-0.34977933519704346
2005-12-13,6.580725141068187,-2.1019479003475814
2005-12-14,2.189658751754584,1.0151829692041658
2005-12-15,0.12575107647167305,1.1980337708801019
2005-12-16,0.6976930405651671,-5.551387691898756
2005-12-17,0.10600288567350784,-1.9393666287296425
2005-12-18,1.0041523760948328,-3.8018229086725115
2005-12-19,2.6831053055578655,-1.5259125022043205
2005-12-20,0.012535370483392348,-1.782976110390288
2005-12-21,1.4892309938126571,-2.0225754691346918
2005-12-22,1.433452823767643,-1.1981453463822447
2005-12-23,0.5102133880864778,1.16704949163262
2005-12-24,0.23048562432134612,5.973654554366488
2005-12-25,-0.576251764373524,1.2983384710982329
2005-12-26,-4.959249471311448,-4.718043555512094
2005-12-27,-2.767588899472279,-4.124160748014131
2005-12-28,-5.428721718490715,-3.9001949863407686
2005-12-29,-7.471840879704298,-2.8271160393437675
2005-12-30,-3.738916989072504,2.4073431914564525
2005-12-31,-3.9043265316162827,1.9887784637817225
2006-01-01,-3.7511249104351476,5.244881378747637
2006-01-02,0.19317607844551982,4.071844241675773
2006-01-03,1.044316249991063,-0.600877545654533
2006-01-04,-1.9040869739833657,-1.9865712066130772
2006-01-05,0.5979406507914331,0.5247052711516232
2006-01-06,2.5810290386020913,-1.0710626129771685
2006-01-07,1.3658234271330034,-1.8703431269823125
2006-01-08,1.9705745133433252,-0.040730182920678544
2006-01-09,2.4237531045627643,0.431162297692581
2006-01-10,3.2704163219768434,5.70136417398715
2006-01-11,5.566462316025561,6.981114998516833
2006-01-12,6.455955966137663,2.1235551559082473
2006-01-13,3.4799719892844383,0.6530887267008586
2006-01-14,3.4972272952105055,2.8471993565554614
2006-01-15,3.9199495281045804,-0.1459642648097652
2006-01-16,-1.1559830203733166,0.05899169515030665
2006-01-17,-7.229862788172828,2.0889782982993563
2006-01-18,-8.05178464901252,-1.9688120220671284
2006-01-19,-4.275588249481064,-4.994575539085602
2006-01-20,-4.0747747812428186,-2.3849224519272
2006-01-21,-4.047006535718217,-3.0861956347819817
2006-01-22,-1.6819538556290918,-2.106111633986543
2006-01-23,1.1618849352688585,3.4031828002054345
2006-01-24,5.554101955556318,3.3916507894801433
2006-01-25,3.207925258668388,1.5463997682220278
2006-01-26,2.195921838425758,-2.083601049866529
2006-01-27,5.4127517117569575,-3.842632516895396
2006-01-28,3.2708868103151434,-1.6293669770493262
2006-01-29,5.129835837517698,-1.7723282753062535
2006-01-30,4.6421879672512505,-3.8382567627116138
2006-01-31,0.6225466243741046,-0.9422433712739435
2006-02-01,-2.2345861902994493,1.5202047280648707
2006-02-02,-3.3364044758889433,0.10282656148116832
2006-02-03,-3.623717909871288,-2.7002295101296587
2006-02-04,0.2246957279248723,-4.01590791685174
2006-02-05,1.3113914531951119,-2.506633003126325
2006-02-06,0.5435632645237093,-0.8280476500005315
2006-02-07,-4.506545489047792,1.9917018798389774
2006-02-08,-3.7754379344694065,3.3979655651610203
2006-02-09,-3.801904654330649,1.421849853437495
2006-02-10,0.8599048730600853,-1.3082888844408302
2006-02-11,0.6509878139083899,-1.382441418560014
2006-02-12,0.5385177425862748,0.5385290809818193
2006-02-13,0.22145869113384545,2.9596573779623547
2006-02-14,0.0029162826548332285,-2.3830228161302216
2006-02-15,-2.642922551755469,2.5665513323731997
2006-02-16,-5.583970940388747,2.959130513386262
2006-02-17,-5.997419356033474,1.6866846918625507
2006-02-18,-4.6384372839791865,-0.010099063518014291
2006-02-19,-2.296808848793015,1.246662600657944
2006-02-20,-1.0265047881181837,-1.613604421787667
2006-02-21,1.1474683990842895,-2.155100574163523
2006-02-22,0.7366291156232581,-2.171105570480395
2006-02-23,-0.14898536968912546,-1.4412025084853113
2006-02-24,2.4285270355120967,0.10101362195085928
2006-02-25,3.01608094308134,-1.9485131818109154
2006-02-26,0.9385859394482947,-0.7732687638837982
2006-02-27,-1.2422515138045715,-0.8644201988155203
2006-02-28,-1.010681031855726,-0.403174148174901
2006-03-01,-3.30965343788435,1.1731257766475238
2006-03-02,-4.703283808098538,-2.7966978918540906
2006-03-03,-4.7864778753050725,-1.6022478702321497
2006-03-04,-4.345910744105355,-0.9638588810648789
2006-03-05,-2.9494479963101554,-1.1297925010847216
2006-03-06,-2.2236131070131067,-3.736835374349276
2006-03-07,2.3603836721966416,-2.6891321987493244
2006-03-08,-1.0805647116452417,-0.06340987046720171
2006-03-09,-0.5159160424016294,-1.8474105938614727
2006-03-10,-1.9159431541519454,-2.715137606325215
2006-03-11,-0.2590811840666459,-2.340560787659115
2006-03-12,-1.3261605839259822,-4.231317413880467
2006-03-13,-2.7233003592321894,-3.1893498287794846
2006-03-14,-3.906499504673398,-1.4420706337054858
2006-03-15,-3.1703877820897213,-2.110011177761508
2006-03-16,-0.6581974694568545,-2.99688740213239
2006-03-17,0.7083267863614692,-0.8045072073673828
2006-03-18,3.3451352847742197,2.5292287477870903
2006-03-19,4.731893658216316,-3.786385240826951
2006-03-20,4.64831082380642,-4.296360546845556
2006-03-21,4.262395205079712,-2.236234600382131
2006-03-22,3.5044086255846567,0.30473064984104004
2006-03-23,0.7441169458938472,-0.5044630028463236
2006-03-24,1.847878448098419,1.7352401512089741
2006-03-25,3.274764177649171,0.9219745136378774
2006-03-26,1.6313990604221327,-0.5905155206225188
2006-03-27,-3.929310461133742,1.3941932580954264
2006-03-28,-5.007454664627682,0.7012689615323581
2006-03-29,-1.5772279628584873,-0.4179768690285872
2006-03-30,-1.0704758208016962,2.3195016504857078
2006-03-31,-1.8773610752499679,2.561546056374844
2006-04-01,1.1522705707416945,1.3256313815872562
2006-04-02,-0.39604535087443804,0.7038960244885397
2006-04-03,-3.490443037142988,2.694203756753867
2006-04-04,0.7919570886472048,2.8374532556752583
2006-04-05,-2.9144876378944673,0.3544882163614193
2006-04-06,0.5439458039646751,4.057444470327957
2006-04-07,-0.1609915820854879,4.518890565558025
2006-04-08,0.808588033665749,4.358587178876307
2006-04-09,-2.6902322941928136,2.383420308370077
2006-04-10,1.5664504410627698,3.4246002577129824
2006-04-11,2.2410163429538663,3.122991901643528
2006-04-12,1.0250847556204323,0.8254642823034175
2006-04-13,-1.27656946279172,2.2361346962712827
2006-04-14,-4.256815677120055,2.1716151009839324
2006-04-15,1.5473128758110337,-0.5634513965711254
2006-04-16,0.7598271161402494,2.2019991584958802
2006-04-17,0.5228592756456343,4.099370877972658
2006-04-18,2.7756489712156385,5.4785699424166445
2006-04-19,3.0558381426403183,4.775092498170142
2006-04-20,-0.12253472918931795,3.212110930872809
2006-04-21,4.707957194828274,-1.5882451692672515
2006-04-22,3.293726091664732,-3.7362225177703006
2006-04-23,1.6824666487449935,1.2778120510769515
2006-04-24,-1.2082702793319045,1.491655803646275
2006-04-25,-3.8450693153763162,0.45395645312377997
2006-04-26,-4.49828465590326,0.8430780355715741
2006-04-27,-3.4844736240117653,1.3092909032817484
2006-04-28,-4.029159776068885,0.4812183481509587
2006-04-29,-7.150632851342885,-1.0340898069580495
2006-04-30,-5.943092146382535,0.19517070288962968
2006-05-01,-5.031671968866934,1.4781330442917857
2006-05-02,-4.747106455089509,2.42286172018519
2006-05-03,-1.0731164380586597,1.4249703880022615
2006-05-04,1.541800361623558,0.5536636214955502
2006-05-05,-0.8778215591073737,0.44589974290894174
2006-05-06,0.26461985585373105,0.339280231595146
2006-05-07,-1.0125489520225919,-1.9908156517371054
2006-05-08,-0.16605232913000575,1.2258585707626692
2006-05-09,0.07591044928512153,-3.9005804780949997
2006-05-10,-1.4194490698626259,-2.6233738079893927
2006-05-11,-0.5500904270288631,1.258667978633727
2006-05-12,-1.0179682207719267,2.5555567008868785
2006-05-13,2.5197284805558144,4.08867864276141
2006-05-14,3.9337459223451523,1.2688528988272807
2006-05-15,3.8696834104830633,-0.5107414446485047
2006-05-16,2.8989510869841184,-2.3181895428572385
2006-05-17,-0.677600414699055,1.33653323408076
2006-05-18,-0.23144369760296402,3.045231183872672
2006-05-19,-4.782018434231383,-0.8503668013269178
2006-05-20,-1.237725941572739,0.9989706372795959
2006-05-21,-0.8052816436021896,1.639174736063233
2006-05-22,1.1901515139607666,0.5742410539101268
2006-05-23,-0.637147283599809,3.6840012176385333
2006-05-24,4.490238005697352,6.4436599042415645
2006-05-25,3.407817145004026,5.336839573191218
2006-05-26,1.6475914604057624,6.42382765989419
2006-05-27,0.8431704992472984,2.2825251294169453
2006-05-28,3.3549614845166813,-0.14403121750543726
2006-05-29,2.6301562491827717,-0.14931438269736616
2006-05-30,1.0139560885112258,1.7876232268415229
2006-05-31,-1.3068571957503663,1.4092110942754532
2006-06-01,2.365098677292083,-5.50910876228352
2006-06-02,6.146600976924642,-0.30143091556013724
2006-06-03,3.0355297464662097,5.984417372164323
2006-06-04,1.4424445107980535,1.3721407057569333
2006-06-05,0.45195448643698555,-5.430048773385464
2006-06-06,0.660529073787713,-6.6094042205219035
2006-06-07,1.083295960684444,-2.210586831279632
2006-06-08,-0.032370972355016014,1.7909533560381519
2006-06-09,2.0502806205101285,2.180951374268252
2006-06-10,2.93632061004208,-3.8332606876303807
2006-06-11,0.9672813940448559,-1.7280719681642838
2006-06-12,0.8799172575474847,1.9733551941825123
2006-06-13,2.1934142918743484,3.791615333843888
2006-06-14,3.7846660389327362,5.522331968069566
2006-06-15,3.0426843117171747,-2.8486767421679766
2006-06-16,3.469621621191396,-1.5233713955229051
2006-06-17,2.0570547321565735,1.4738667214503944
2006-06-18,0.9311612341666097,2.6526792157395236
2006-06-19,-0.26587065678288413,2.612022519180716
2006-06-20,0.8054620528411762,3.259013553483041
2006-06-21,0.2928467840803162,3.797214594152215
2006-06-22,0.16272780490675046,3.3536614467709454
2006-06-23,1.9802982043297146,4.9639768663118895
2006-06-24,2.6670262623417957,3.217194629738653
2006-06-25,1.855895908034141,2.8676051459047915
2006-06-26,3.4196307127057906,2.2158576715638074
2006-06-27,-0.9641724376035258,0.29304690778005626
2006-06-28,3.396045548029433,3.951835942418967
2006-06-29,2.4500494013139185,-1.8335512570188988
2006-06-30,0.9077568136300582,-0.9561141315865275
2006-07-01,-2.867439120054034,0.6256551280655557
2006-07-02,1.5913384189027466,1.7175651019603881
2006-07-03,2.9451003735095207,1.0634212881351304
2006-07-04,3.87598692098628,2.2825828758706264
2006-07-05,1.7691901422000371,-2.464630185301591
2006-07-06,1.756737355534857,3.3403397147437555
2006-07-07,1.9408276037024192,3.2179588254483367
2006-07-08,0.3565386459006835,3.7837755870831344
2006-07-09,1.3644737802923248,3.3374106721297134
2006-07-10,0.8538951018421848,3.1389657999667153
2006-07-11,2.303577002935045,2.7154274575865784
2006-07-12,4.052045977705291,3.351662739277625
2006-07-13,2.038564595062457,3.3810798048624457
2006-07-14,1.9610189323978093,-1.6269727586175786
2006-07-15,2.9825502053272364,-5.7361324164728815
2006-07-16,1.7628720373908158,-4.269232544647331
2006-07-17,1.705762196613247,1.6158490929498506
2006-07-18,4.5151613232609105,-4.476179925961192
2006-07-19,4.086546806420073,-3.069433343106969
2006-07-20,2.9665706413148456,-2.588787882276619
2006-07-21,2.077723075170684,0.3421399132011483
2006-07-22,-1.5418208057514604,-0.2556128544726455
2006-07-23,0.4040554069434885,1.4992619159587834
2006-07-24,1.6332334116780236,2.1873104365455514
2006-07-25,2.769530361692515,-2.115393815268203
2006-07-26,2.4961732384014232,-3.6841565944139316
2006-07-27,1.5893928722187407,-4.717510637131937
2006-07-28,1.696585000275772,0.22730411370939754
2006-07-29,0.2920775933184296,1.578221582792397
2006-07-30,-3.4851388877961607,0.44295330955001344
2006-07-31,-1.4329258283896686,0.6097035288270596
2006-08-01,-2.530734464585542,1.3027786196391669
2006-08-02,-4.35711992241867,-0.5227909205000434
2006-08-03,-4.6571392504569875,-1.4185066405893116
2006-08-04,-1.2306993605520553,-1.2182163491198836
2006-08-05,-0.7217860386954036,0.2762583385489851
2006-08-06,-0.41557895095054287,1.0233714552384476
2006-08-07,-2.459796541746135,1.4462921675630378
2006-08-08,-1.3076712670157835,0.24240128301126979
2006-08-09,-1.6336742837202831,0.7828481242123546
2006-08-10,-1.0808130654644117,1.037523363004762
2006-08-11,-1.7698217466797217,1.3245223245101974
2006-08-12,-4.712681687678937,-0.02033985461526863
2006-08-13,-5.390648682288948,0.06634219809101938
2006-08-14,-5.271732142480582,1.3068849729287373
2006-08-15,-2.39381560947279,0.8811812124471714
2006-08-16,0.033916094177836524,2.4640063533499608
2006-08-17,2.951116090973191,5.135042278225257
2006-08-18,2.1869847262030815,1.496461497627703
2006-08-19,0.7243137465478601,0.30258747433278005
2006-08-20,-0.8773444377427059,1.3157619464660126
2006-08-21,-3.3234574136694475,1.0572825070387049
2006-08-22,-3.715821617837633,-0.7725422030792197
2006-08-23,-4.583705397392387,-1.6126896335946685
2006-08-24,-2.388800538146176,-4.0876893704605655
2006-08-25,-1.931545951928784,-2.514943595542744
2006-08-26,-0.9932922865751205,-1.1148814484139833
2006-08-27,-1.9829451823922761,-0.1453036516314391
2006-08-28,-2.7460848983129638,-0.2352562635818243
2006-08-29,-0.16941759277853674,3.873172273948073
2006-08-30,-0.6994839242214089,-3.947862829920993
2006-08-31,1.1855466325739827,-7.3732878607088495
2006-09-01,1.7179409414900049,-3.2072057593158387
2006-09-02,-0.571466720618055,2.5806551124368253
2006-09-03,-2.478073390660009,4.6715249056798
2006-09-04,-1.4627619948345485,4.423279169094879
2006-09-05,0.5183290343284355,-1.674317629801937
2006-09-06,3.4930974766285203,-2.921538695124784
2006-09-07,1.2582982582303743,1.8262044991261457
2006-09-08,4.97235060761327,1.4783983875630677
2006-09-09,7.646128662819774,-4.4971556683340586
2006-09-10,5.399475688909065,-3.0275350060183137
2006-09-11,3.7434436739013965,-0.04244219008101278
2006-09-12,3.4881124686246463,2.2112763351616547
2006-09-13,2.9219345318085486,2.0807780519072283
2006-09-14,1.4916992907363678,-1.96827562851318
2006-09-15,-1.016953182049684,-2.9506677330581734
2006-09-16,2.2459329228813996,1.3107809572093416
2006-09-17,2.036296906300122,1.6797537371294384
2006-09-18,1.7211953387221697,2.102382437868211
2006-09-19,0.8936853686457231,2.66069616370512
2006-09-20,3.111446367368276,4.064473248299688
2006-09-21,3.315989628083633,2.4035217485297897
2006-09-22,2.9347763072317865,1.8475786767929436
2006-09-23,2.4395566432251,2.4909566253954925
2006-09-24,3.5692031214692874,3.1373411757767697
2006-09-25,-1.8527032445969964,-1.6315360605057365
2006-09-26,-3.0470429813573587,0.620562974312795
2006-09-27,1.5904629574584577,2.8385884633699376
2006-09-28,1.5954548749508133,3.539082819562632
2006-09-29,0.24957395862687118,0.1323494359929136
2006-09-30,-0.12888937595349864,-0.724993552343187
2006-10-01,-4.155311388568242,1.7234960288694616
2006-10-02,0.3100852116495324,2.373220778321821
2006-10-03,-2.92093022010601,1.7591018364893476
2006-10-04,-0.44045757898337445,2.75528244461424
2006-10-05,1.4078611635275935,2.873477796008887
2006-10-06,2.133468284072108,2.1796727816573025
2006-10-07,-2.361591016213033,3.6949141327380737
2006-10-08,0.6546751929578808,5.25061149219909
2006-10-09,3.7944549429942818,-1.4765738660269239
2006-10-10,1.89552557749234,-1.9518656030245238
2006-10-11,0.41396292176840305,-0.9779494430195427
2006-10-12,-0.8544566761031775,-1.537218222435427
2006-10-13,2.5068961809240013,-0.9433651982887264
2006-10-14,3.978441201943589,-1.2073282122593576
2006-10-15,0.9111136199412624,-3.8412832417727287
2006-10-16,2.4172501982527703,1.3552708088693945
2006-10-17,3.3946648669589514,1.5475603148906056
2006-10-18,2.037688466666862,-1.0549450815147445
2006-10-19,-3.6208207433192987,-2.526229556965035
2006-10-20,-5.8295398073697875,-2.648901860303444
2006-10-21,-4.2705466117118425,-0.312162694425295
2006-10-22,0.8709499172168507,1.9440793732807606
2006-10-23,1.9236991011146276,4.585007847965562
2006-10-24,2.6761519214291645,6.502464994979905
2006-10-25,4.61108709471525,0.08222023485052696
2006-10-27,2.782946317038555,5.687779880620249
2006-10-28,9.907350628609032,-3.0947596388175946
2006-10-29,1.9012447181508918,-3.526442399952041
2006-10-30,2.3920706527636444,1.123177308497153
2006-10-31,-4.239961632464977,-1.0413309551128251
2006-11-01,-1.5566833879828392,-7.419948753422692
2006-11-02,3.9153340311294387,-9.110220192194628
2006-11-03,2.4332290903953675,-4.561121198081535
2006-11-04,-0.6173862616217216,-1.785924510112242
2006-11-05,-2.0138580172884337,-1.626882564953443
2006-11-06,0.883096649858632,3.5060589901671912
2006-11-07,4.715603719382526,0.5244736272946763
2006-11-08,4.806172301188631,0.42434919150468725
2006-11-09,0.7510717138687121,-1.0630082686814144
2006-11-10,3.622039041550941,-3.0510112086555
2006-11-11,-1.0741792959808685,2.463834828906508
2006-11-12,-4.287073684908313,2.4470619979847603
2006-11-13,-3.383502618559178,-2.964186918756893
2006-11-14,-2.6096180856539934,1.9577206528911881
2006-11-15,0.9149317063262263,3.283055124663559
2006-11-16,0.7650703132005973,-0.8237502914140554
2006-11-17,-4.997811608620798,4.898035602336603
2006-11-18,-1.0112215270448097,4.252617641638321
2006-11-19,1.4437354935225424,2.4342684516096047
2006-11-20,-1.2623714558498875,1.8994109296188901
2006-11-21,-0.9581105194330328,3.2593092041204135
2006-11-22,-2.5425438555053876,4.786866059642885
2006-11-23,-2.6178139928647037,4.942201855958805
2006-11-24,-1.2443386755347363,4.910776617698253
2006-11-25,0.8979761097258732,4.349295245578197
2006-11-26,2.6423874252589608,6.437514201435935
2006-11-27,4.078363021321744,2.6535036666155865
2006-11-28,3.3441021881023945,2.0045225880266964
2006-11-29,1.8624008128810126,3.386924745775002
2006-11-30,4.949312983210228,1.1177534218188865
2006-12-01,3.5205472726003837,2.7574120690747934
2006-12-02,4.7639515966876544,3.4922126546107224
2006-12-03,4.155388622936309,2.9928523669091875
2006-12-04,0.5802963382413325,5.477738035576144
2006-12-05,2.0797690038167773,6.767875699900444
2006-12-06,5.834504984767729,7.049843756381247
2006-12-07,4.6191535977241545,4.586584768317647
2006-12-08,1.259067413245561,8.81901016266674
2006-12-09,0.20944927927552745,7.5260064883724285
2006-12-10,3.468657952721642,4.509350868120339
2006-12-11,4.782001957940171,8.557355965334416
2006-12-12,4.034960311109513,6.622137831112539
2006-12-13,2.035371741886883,6.755674584285278
2006-12-14,2.705189507354082,4.563883639096944
2006-12-15,7.20416716223319,2.2799609891951795
2006-12-16,4.179490629142769,1.8765629931415173
2006-12-17,3.14425181335312,-0.2443622985251697
2006-12-18,4.086223686300436,-0.5368112286866615
2006-12-19,2.0712253782606913,-0.0590842481751965
2006-12-20,-1.069490388771124,0.620832256164752
2006-12-21,4.02165019384937,-0.06685222918092004
2006-12-22,5.850295597885995,0.15219457379174828
2006-12-23,6.681580952664472,-2.030391243603134
2006-12-24,5.353448393777588,-5.25502674718721
2006-12-25,2.2957301799013132,-3.1161725694650566
2006-12-26,3.681905498475239,1.0942058425985344
2006-12-27,6.418460974425144,-0.5829028871312304
2006-12-28,5.337918178692474,-2.8873428937314087
2006-12-29,3.6169121534310977,-1.3181576883379518
2006-12-30,1.1195726487030704,3.059216205201918
2006-12-31,2.4826026932015077,4.826178363938962
2007-01-03,5.2656065880292315,0.32852543624511
2007-01-04,0.9934845748266856,5.587976033431981
2007-01-05,3.437526207748436,4.182786967833587
2007-01-06,1.529817662905842,0.5954411120443766
2007-01-07,-0.38155828981675827,1.1848317773851094
2007-01-08,1.1663082622865246,6.222437215063276
2007-01-09,2.3493408439817682,7.938630503011362
2007-01-10,6.840730101437134,3.951089665504515
2007-01-11,0.021887491945715924,-3.2736455378922114
2007-01-12,-2.2817614173929237,-1.9952140057683574
2007-01-13,-2.123275775098679,0.6387023284251161
2007-01-14,-1.176549162952623,2.6819799526660826
2007-01-15,1.8593813552680474,-2.22365831589951
2007-01-16,4.19220632673886,3.6078215250187147
2007-01-17,5.28169054709625,1.6332865189114238
2007-01-18,3.083711582153626,5.411204423787775
2007-01-19,2.9839963324938545,-1.7816690314667123
2007-01-20,0.8594084277107361,-4.433719101912309
2007-01-21,-5.389384330238983,-4.702240029392646
2007-01-22,-0.49927558762349067,-3.0149430075700168
2007-01-23,-0.6260507909610854,0.1562541369343976
2007-01-24,-1.526937038057374,2.0244715228547947
2007-01-25,0.008989265944093106,-0.7339252462738559
2007-01-26,3.6995512822246885,6.849179710828562
2007-01-27,3.7326746214053688,-3.832670745906987
2007-01-28,4.4420497960740235,-2.844552263683871
2007-01-29,3.368917547756829,-1.3804001735359885
2007-01-30,2.194643400835661,-2.243872091832003
2007-01-31,-2.4391301403820638,1.8336577836476002
2007-02-01,-0.5754571413178923,-0.7185503969103642
2007-02-02,0.3964164758946035,2.6811202542347514
2007-02-03,3.423544218800123,-3.5321819894504864
2007-02-04,1.5989406512371513,-1.3364668691175121
2007-02-05,-1.0916866135113508,-1.441863254848252
2007-02-06,-1.2315118827970253,-4.557056139038209
2007-02-07,-0.025056409934775297,-2.227777007382584
2007-02-08,-1.8984199522703817,-1.463851304451711
2007-02-09,-2.572047503265459,-2.7715122509395775
2007-02-10,0.6543634912351605,-1.0877423778489255
2007-02-11,1.378882631209802,1.3512209974629557
2007-02-12,-1.0046008060872211,2.449997475476624
2007-02-13,-4.227296649822128,-0.3835273932051288
2007-02-14,-1.3906304541910517,-1.9846517059788786
2007-02-15,-1.8294017611294446,-0.06895981786626511
2007-02-16,-0.22458228781550987,2.733267265121564
2007-02-17,4.530835033611779,5.600830585829346
2007-02-18,3.4324527361008466,0.9959532983396194
2007-02-19,-0.018916084956483472,-3.001542763076049
2007-02-20,-0.7077065641738722,-2.949289135605789
2007-02-21,0.13869224803951205,-3.2585291959776743
2007-02-22,-1.508051044405899,-2.331638992333568
2007-02-23,-1.2512272780819835,0.3956029686148375
2007-02-24,-2.942881582613138,3.4503175666076524
2007-02-25,-4.9782064237384365,2.6926870084646835
2007-02-26,-2.113761906375333,2.163081879673079
2007-02-27,-3.1617665170292124,-0.9297035585240174
2007-02-28,-2.6944532238018586,0.2510355022832307
2007-03-01,-4.30565313049491,3.055860830370118
2007-03-02,-2.970317459829169,0.35193017661498005
2007-03-03,-0.5918029738189607,-2.1869662099014273
2007-03-04,0.9347120324425666,-3.889107426342803
2007-03-05,1.7961059773815937,-1.885610548252998
2007-03-06,-1.7773669792117526,1.5123191928518402
2007-03-07,-1.9319541677282244,3.457671699038174
2007-03-08,-3.0296245269407787,2.159797900935414
2007-03-09,2.255200627353718,1.8748041083809674
2007-03-10,2.7345320257996892,5.120492164621331
2007-03-11,4.386546727558279,1.227816544655342
2007-03-12,0.6026527617857738,2.3683337422167403
2007-03-13,3.9089852565630974,2.978634285850321
2007-03-14,4.49352859125775,-0.015964097067323633
2007-03-15,1.7261499244193867,1.6090155005527138
2007-03-16,3.32654702997755,2.1071373970902783
2007-03-17,-0.1139990997497468,3.6977335714294233
2007-03-18,0.62148517143735,2.9179496495040596
2007-03-19,1.5979852352896913,9.255321863424625
2007-03-20,2.1241350543639967,6.1686903237628705
2007-03-21,-2.1063381685914213,-2.6809011624647074
2007-03-22,-2.629485806034918,-2.8991109943820037
2007-03-23,-2.438360582102695,-2.8653521254385357
2007-03-24,-2.8772703104199975,-1.0644133262178241
2007-03-25,0.05100864638800147,0.3307584611082653
2007-03-26,1.9214223749931219,-2.5822931422828352
2007-03-27,0.7730678858570414,0.3466194634336861
2007-03-28,1.154291408772335,1.212306287702274
2007-03-30,3.3758235825785325,2.39216893952668
2007-03-31,2.1303730358652118,-1.3193798473891196
2007-04-01,3.633646018229514,-1.0512255862497943
2007-04-02,5.066214949868923,-0.27470889127465564
2007-04-03,2.928533896084131,-4.780450087585795
2007-04-04,4.051741842071828,0.9605155600960533
2007-04-05,7.851586299174763,0.09807632983552901
2007-04-06,6.5296905217923085,-2.7005002560689073
2007-04-07,6.938187545817878,-0.7908138418799188
2007-04-08,3.182706451694869,-4.144434385388887
2007-04-09,1.0901586936543575,1.2743944268391305
2007-04-10,-0.7812417326721529,3.3486700739155517
2007-04-11,7.4486099825227114,2.0684921277418944
2007-04-12,6.930772110142176,-3.2735774144391288
2007-04-13,3.1161096982963774,-1.8617643554739405
2007-04-14,2.5226052902399894,-3.8994958633608445
2007-04-15,0.9098040864027201,2.0017144885459195
2007-04-16,2.008962361172004,2.975025854947502
2007-04-17,0.9126182358889618,-0.9120873771703386
2007-04-18,3.2566961279190547,-2.784893554470715
2007-04-19,0.4479824120306705,2.7493517968218777
2007-04-20,-0.7768098849919416,2.285289616140502
2007-04-21,2.8124133474134894,-6.6462100873603305
2007-04-22,2.7466818369604518,-5.394896481164444
2007-04-23,1.063402355483993,3.9045213124121414
2007-04-24,0.5384493976770303,-0.4083995419579739
2007-04-25,1.887750329261741,3.661271738051405
2007-04-26,2.2416878950235755,2.7271180315600665
2007-04-27,4.884795648871109,-2.1235518601040333
2007-04-28,1.87959459252844,-5.144673873334511
2007-04-29,3.753027378743081,-1.8984179619478507
2007-04-30,0.8509970507718442,-8.263137900515469
2007-05-01,0.8044575714768913,-0.982507721333557
2007-05-04,-0.29185246279779165,-1.7516333372310997
2007-05-05,-0.6048689938336359,0.818790559276385
2007-05-06,3.7961128692318584,4.122486541236222
2007-05-07,-1.0206692642509114,4.362763184265295
2007-05-08,1.106077818780599,3.737324738962603
2007-05-09,1.8427086410242277,0.388173991299203
2007-05-10,6.8998126354770974,-1.9714820495642955
2007-05-11,-0.01420100788017289,2.321797769190732
2007-05-12,0.5054451837447358,-0.5073372145146109
2007-05-13,-1.7567058256247674,1.7133672705240472
2007-05-14,-2.637770952015696,3.597456985277644
2007-05-15,1.523082556881805,4.3258328906725065
2007-05-16,4.367164580512082,4.476304045349493
2007-05-17,2.4513717507363513,2.567491354644554
2007-05-18,-1.1697470879172691,1.8970118033380623
2007-05-19,2.5924028670055694,4.271669038369344
2007-05-20,2.8207296515408076,5.084295940262987
2007-05-21,2.3813886157168884,2.5907447201899734
2007-05-22,-2.3356761686176797,-0.4928917997681247
2007-05-23,3.8882511934067012,1.0234166361035306
2007-05-24,2.882531481164229,2.9198272663163967
2007-05-25,2.412734129846479,4.013916614994293
2007-05-26,0.09542168375811377,2.3512588690703495
2007-05-27,-1.4090413051931294,1.3822524482571832
2007-05-28,-3.022861646468247,-0.31241251535535336
2007-05-29,-3.9557471556117845,-2.544884926583721
2007-05-30,-3.254122262099965,-1.7686019379624898
2007-05-31,-0.6512696453604122,-2.4537162819079334
2007-06-01,-5.3237139296091645,-2.543095330385882
2007-06-02,-3.4238599730048804,-1.1513262062687095
2007-06-03,-1.4895632363825773,1.306696580124165
2007-06-05,-2.454149249747733,1.6691455433469053
2007-06-06,2.725236753984746,-1.3826670243560661
2007-06-07,0.425849271584812,-3.1671241787884217
2007-06-08,1.3175577396180163,-1.8078914088160407
2007-06-09,1.5629928674796043,-1.4850564760379825
2007-06-10,-2.1106244217033923,0.893817656159159
2007-06-11,-2.7804096629199346,0.5741731023950963
2007-06-12,1.306996463672386,0.9446622993086362
2007-06-13,2.9397523967305004,1.1789920978684625
2007-06-14,-0.36478125293280395,0.34094956865507026
2007-06-15,4.898011755041468,-0.8471428143239664
2007-06-16,-0.3056267996562741,0.6129960939672401
2007-06-17,-2.673959168709489,-0.37374524071548904
2007-06-18,-1.0279041848634212,-1.6204394629609122
2007-06-19,1.9553679543731584,-3.345410273427985
2007-06-20,3.063264908637798,-1.0863627853618993
2007-06-21,1.0165496782002843,-0.1655484321546195
2007-06-22,-1.7082968681896256,0.6624946998412531
2007-06-23,-3.0723061329659482,1.835926316206797
2007-06-24,0.5597023294080323,1.107127412312638
2007-06-25,3.7443335897935053,-1.9630205674673957
2007-06-26,1.6256898856060673,0.08464946845606511
2007-06-27,-1.728280721443458,1.05680103829058
2007-06-28,0.6583945318518921,6.8939184926828565
2007-06-29,2.2457539230759247,3.1555929390426494
2007-06-30,1.4017336146210186,3.345047179330334
2007-07-01,-2.424194537889339,1.380506563590594
2007-07-02,0.3294658412611533,-0.9880979293684402
2007-07-03,-1.7268746999902178,1.0259812933971744
2007-07-04,-5.092813462911538,0.2603985407655661
2007-07-05,-5.045055543926145,-2.4496231386776106
2007-07-06,-2.8443255107898726,-4.524286017103349
2007-07-07,-1.594851730358269,-2.3624649523902606
2007-07-08,-0.07720551259416097,-1.0003312221623817
2007-07-09,0.23209668811945144,1.5864225004394914
2007-07-10,2.3201348606378813,1.2218795369786593
2007-07-11,-0.03691415964495771,-0.547754465557569
2007-07-12,1.5741113315728472,2.6951708342410234
2007-07-13,-1.1197799142230807,2.1658890227573906
2007-07-14,3.8344834256060034,-1.2801472554775282
2007-07-15,2.6796048512184005,2.4366141534574535
2007-07-16,3.9388836903795044,-0.6121603374169733
2007-07-17,1.8738255143336626,0.7568821781744397
2007-07-18,3.935068885063108,4.524609853095541
2007-07-19,6.371313090948685,1.7710567312093428
2007-07-20,4.12435532790186,-1.3736758922212835
2007-07-21,2.095454273013283,-1.0487929148856836
2007-07-22,0.8957555359691148,0.847330810859768
2007-07-23,-4.760127333776655,2.4130546065157987
2007-07-24,-2.637030925504733,3.58531450480848
2007-07-25,-2.2436528263417705,-1.4177074990339247
2007-07-26,3.469240010569625,-2.2261671676316843
2007-07-27,2.925775108121329,2.6611833381999377
2007-07-28,4.5682346693430596,5.427477809508644
2007-07-29,-0.04085549814716122,5.175342474138251
2007-07-30,-2.17307703399694,1.8278726856446295
2007-07-31,0.7483934453206427,5.0120397444624505
2007-08-01,4.963119708716426,4.014819271041976
2007-08-02,2.053902311655893,5.402206406995065
2007-08-03,-1.1037362546280785,1.7755145501802783
2007-08-04,1.2722198942002068,-2.238204553778387
2007-08-05,2.688199196980081,-0.7454806192250775
2007-08-06,0.585159092921351,0.6397542217135166
2007-08-07,-2.311927842269258,0.16404491958512657
2007-08-08,-5.299612763931066,0.07857704230076597
2007-08-09,-4.061826771412313,1.6149557810276567
2007-08-10,-1.3880192100269737,1.5697885366622188
2007-08-11,-2.9806448768577245,0.8453900989901697
2007-08-12,-2.877443786725411,-0.19223262857614043
2007-08-13,-0.7163882496862837,2.134956248608629
2007-08-14,0.7275829969835641,-1.926006446222612
2007-08-15,1.8746033922018903,-1.5628923618603796
2007-08-16,-0.15243655149663476,4.33310781802982
2007-08-17,4.255410156305779,5.742805802221079
2007-08-18,3.684609328253367,4.132878814206834
2007-08-19,2.122614895214822,3.1936942171395737
2007-08-20,-0.7975932083104412,1.3130167263957704
2007-08-21,-2.379631342908671,-0.7765909550093694
2007-08-22,-1.4844515714664124,-2.011224572446955
2007-08-23,-2.1077570643271137,-1.1448944381434498
2007-08-24,1.4585085336425554,-0.8614938304898014
2007-08-25,3.339083966174557,3.2142983140357257
2007-08-26,3.21111026259424,-0.6537573837589352
2007-08-27,2.4018627275086764,1.4084055976020606
2007-08-28,1.7197071315286845,-1.8871418795659207
2007-08-29,4.951541426775709,-3.3135922864256866
2007-08-30,2.3639673027999937,-0.04512768545217341
2007-08-31,3.067048672322339,-0.48339451541361794
2007-09-01,2.5926123144736213,-0.6305548831855843
2007-09-02,1.9646227569335786,3.619417283782182
2007-09-03,2.8417749297918857,3.122104300574872
2007-09-04,0.05198745220429559,-0.9411032862773803
2007-09-05,2.0417067546970324,-0.2560988866501704
2007-09-06,3.1911579198857916,2.8402918685227116
2007-09-07,3.4809960353784453,-1.2767025557124634
2007-09-08,-1.6034344136522367,0.8876623630918736
2007-09-09,-3.2062442620770457,-0.586755321233947
2007-09-10,-2.299518961989554,1.3422805992614024
2007-09-11,-1.3369239804446063,0.09446740794533912
2007-09-12,2.445213651382259,3.248792854222057
2007-09-13,3.9974160845334024,-2.7821323777127196
2007-09-14,0.5094232853513944,2.370759346458937
2007-09-15,-0.3254537210163947,4.394619503574696
2007-09-16,5.310475602758012,-0.8685790902473113
2007-09-17,0.4998286003352597,5.115136526112639
2007-09-18,0.35759688585244165,-0.4159146873523043
2007-09-19,3.5994240857304387,-3.008251163546724
2007-09-20,1.1761883968441404,4.75807330026829
2007-09-21,3.317466125639424,6.47315411485014
2007-09-22,3.6624278404330037,5.689906486789564
2007-09-23,2.2917275024151134,1.9118474569999837
2007-09-24,2.2383960837214216,3.8624592897950016
2007-09-25,-1.553659241730805,4.8025778253205305
2007-09-26,-1.010627911999544,3.4483640634810335
2007-09-27,0.1831333677349457,-1.192564252520241
2007-09-28,-2.0006658813180302,-3.7480834221699464
2007-09-29,-6.03950735780357,-1.4179475291769748
2007-09-30,-2.5947410253234477,-0.09776055868829991
2007-10-01,0.6003251891771899,3.0510366509407
2007-10-02,0.3842421037013978,3.0600890307150537
2007-10-03,-0.32774422263275593,-3.1275360852764336
2007-10-04,-1.781141748362219,-2.619993728638768
2007-10-05,-0.6056089052160423,-2.97755012596817
2007-10-06,-2.1744073412929117,-2.620228722734536
2007-10-07,-2.0132632926525407,-0.08559255329051182
2007-10-08,1.1100146610226167,1.717184428042385
2007-10-09,4.453159246717932,-2.724541760449854
2007-10-10,3.9991215520193784,-0.28298662935060176
2007-10-11,3.1821747719742177,0.3498553734293713
2007-10-12,-2.0722523624302864,-3.962728429353925
2007-10-13,1.9038938709012854,-5.432397828716827
2007-10-14,1.3890401143238973,2.805799590955707
2007-10-15,1.5769099872709862,0.03962480601923144
2007-10-16,0.47920338352721564,2.502560125809291
2007-10-17,4.041252015961415,3.9432676178261032
2007-10-18,3.489943024754289,-0.695117353372587
2007-10-19,2.6630864860396115,-4.380441773541889
2007-10-20,0.981747495328433,-3.221902275665512
2007-10-21,-0.5228959440921043,-0.6955382984516043
2007-10-22,-0.8655651053252503,1.0323058045988667
2007-10-23,-0.9882807281737683,-0.4475813269981834
2007-10-24,0.8387043579350948,0.8710973105313177
2007-10-25,0.3277823214398922,1.4153331417083412
2007-10-26,0.40837814110797055,2.0082863989352253
2007-10-27,0.5849426239410754,3.9599567424434863
2007-10-28,1.225917085745991,6.706455393502888
2007-10-29,1.4242933821863248,8.31533578591338
2007-10-30,0.4948502851311838,8.383469291619889
2007-10-31,2.2229436700849154,2.1961263925661214
2007-11-01,5.523605661758583,2.72538119908829
2007-11-02,5.821445290664765,-4.63798333530575
2007-11-03,-0.5146756783791826,-1.5601382866889932
2007-11-04,0.16484648741700014,-3.383039437845729
2007-11-05,-0.2243856984570826,1.8445082561388397
2007-11-06,0.7396904123091709,8.346593521558637
2007-11-07,-0.6813892381556269,4.914122771083252
2007-11-08,0.054996625424152866,3.825196493582723
2007-11-09,-2.815781172816868,7.003874565820964
2007-11-10,-4.612548035792346,5.614391361264587
2007-11-11,-3.7298741102648765,4.57179161576032
2007-11-12,-5.03388276070697,-3.10957641353616
2007-11-13,-6.193318900770412,-5.202693537365369
2007-11-14,-1.2515753775579388,-4.654787428578795
2007-11-15,2.7017617172227326,-0.22190222453179104
2007-11-16,2.9589261654613157,-1.0558966316449068
2007-11-17,0.9539569742795437,-1.777822699990511
2007-11-18,-1.2684896506572778,1.6137694756728822
2007-11-19,3.829564775650754,-0.4826156499876969
2007-11-20,0.5851704183191251,-0.8359180297653015
2007-11-21,1.8664541280681686,2.468033368080311
2007-11-22,2.276795934312268,6.29444397993635
2007-11-23,2.769304678216642,4.577792329779354
2007-11-24,1.0868994455405216,-0.3941701379077225
2007-11-25,-0.12066346702337281,6.055949987725141
2007-11-26,1.2245088385399563,-0.36312661435978455
2007-11-27,2.3531440878115353,-7.041033213471437
2007-11-28,4.039861645893559,-4.668790550231999
2007-11-29,-1.0711914947432686,-1.4350969863097724
2007-11-30,-2.9415471007507903,-3.127243896257101
2007-12-01,-5.1633400270594105,1.7493400499269856
2007-12-02,-3.042720542627162,5.84046425059168
2007-12-03,-4.842096677710999,3.5544028941827115
2007-12-04,-1.3562239262376499,-2.3455457679427894
2007-12-05,1.1377697576849362,2.0519476210752408
2007-12-06,2.408841558035578,9.80436256496632
2007-12-07,-1.440149167030989,8.13602046948836
2007-12-08,-1.06354109114632,9.707358927150443
2007-12-09,2.078685561409153,4.9482918792728166
2007-12-10,-2.3943656117813483,3.310092053520155
2007-12-11,0.7940596624358514,0.8509948519815219
2007-12-12,2.2269826641755768,-5.357864633295494
2007-12-13,1.0596857229875922,-3.0568961361314684
2007-12-14,1.3388085080815204,0.5533673724022928
2007-12-15,3.121530001881697,-1.797520406076996
2007-12-16,2.4394400515230736,-0.5669408432515627
2007-12-17,3.0998497047700573,-2.4695701799332443
2007-12-18,3.780812578433319,-1.8219408399971169
2007-12-19,5.2799200271937226,-1.6401343050501813
2007-12-20,5.775416922208937,-1.5917262082175196
2007-12-21,5.526222481229868,-1.0623223257779253
2007-12-22,3.9210219429081348,-0.8414311339275468
2007-12-23,1.388458636953369,2.123982633875058
2007-12-24,3.3228473938849508,3.4346431062550353
2007-12-25,4.187631021493404,4.02237032821264
2007-12-26,2.9765329107536282,8.104915120890066
2007-12-27,5.6414483434522085,6.915810753405595
2007-12-28,4.119814069576822,7.288228500089461
2007-12-29,4.3388911380485125,7.411177200271223
2007-12-30,5.549832307582306,7.199590253156485
2007-12-31,-1.2750132221711754,-0.957163588681964
2008-01-01,-5.634315108899479,0.19263291490821144
2008-01-02,-5.751544451798084,-0.6064950342937753
2008-01-03,-6.9921503271997265,2.911477489172977
2008-01-04,-4.63695821886545,3.4944381172975145
2008-01-05,-5.473852099924719,5.285653188943891
2008-01-06,-5.916499467605346,5.214681843950123
2008-01-07,-1.8243918123374505,4.499297500872288
2008-01-08,-1.9083892735940602,3.801643833682821
2008-01-09,-2.2080002453577534,0.6827914557690871
2008-01-10,0.30421226017162434,5.1516718710253855
2008-01-11,2.5164942032681465,8.506861474063564
2008-01-12,1.364334516292448,4.206313602508947
2008-01-13,4.488246835242741,5.216107332443173
2008-01-14,3.021951467868837,3.6765277793751703
2008-01-15,1.735277009081334,6.943297901633272
2008-01-16,-0.564470858832191,6.904777853585279
2008-01-17,0.9671005518489179,8.399607093734685
2008-01-18,-0.6421977002738197,4.807974214932158
2008-01-19,-0.8947291956218788,8.613874064102363
2008-01-20,7.214723292215197,1.4752015668935547
2008-01-21,2.3584579247300024,2.3025153106845924
2008-01-22,2.671415250006569,-5.223537272677069
2008-01-23,1.434717920691749,-3.1540613027601117
2008-01-24,-0.5234659917239041,6.145304716415508
2008-01-25,3.982177061267052,2.6174183714360355
2008-01-26,4.294299166308387,-0.5799885573899554
2008-01-27,3.488717720037424,-2.9098108066743174
2008-01-28,2.3791221244932963,0.29371867456610384
2008-01-29,3.153668159891824,4.171108858492054
2008-01-30,0.7711385316826094,0.8358960907261637
2008-01-31,3.8128084795825257,0.5810664194291052
2008-02-01,-1.9875112911809418,8.72658797983552
2008-02-02,1.9039074129227267,9.753710933075794
2008-02-03,7.03626010595803,3.41700309080232
2008-02-04,-0.8761062701223881,1.1666149402918513
2008-02-05,-1.36373321555262,2.7802908435052878
2008-02-06,-1.6381229668010069,2.4397461549472834
2008-02-07,-4.270147115615677,-0.29089912252388267
2008-02-08,1.8422016660952216,0.2369769815251128
2008-02-09,0.9129443963425018,3.942822605285512
2008-02-10,-2.5424365637926125,2.1739790536236665
2008-02-11,-1.8116056795729174,-1.7299447407375064
2008-02-12,1.2519226649785593,1.30695541998771
2008-02-13,5.668051313376759,-1.0910640640780276
2008-02-14,5.785975402759599,-6.2786538159697685
2008-02-15,1.8330690485301382,-8.161513122635048
2008-02-16,2.3551727434123313,-0.07390559720669308
2008-02-17,4.8012359961901625,0.0920576986699041
2008-02-18,3.560743946001555,-0.8779445870906117
2008-02-19,3.8275226192135525,-2.9775022320805946
2008-02-20,1.481234837204201,-0.10801999328433028
2008-02-21,1.4918594370446672,4.373606379416484
2008-02-22,6.018106539617696,5.130262774228391
2008-02-23,5.660914617906837,-2.0947541007601624
2008-02-24,0.7942094150972728,2.1406826594454187
2008-02-25,5.559431458156891,0.22895565177136684
2008-02-26,2.63444801227677,2.0804109682666163
2008-02-27,1.256358810129001,3.8452918605247333
2008-02-28,5.341755190195587,-2.0953535795639593
2008-02-29,-0.3721864837397154,0.03242426564332439
2008-03-01,-4.361405455892689,2.4464117675781463
2008-03-02,-6.184569060829146,-2.561837021543262
2008-03-03,-0.22479657801944541,-1.1558764912866906
2008-03-04,2.864650543947357,-3.8995897121018737
2008-03-05,4.854579590877144,-1.1635093980047808
2008-03-06,1.4760861761075363,4.700097883436128
2008-03-07,5.5305118960318636,-1.209162823581916
2008-03-08,-1.2172458105340502,2.6948300056495547
2008-03-09,-0.6331041675023068,4.531385341873037
2008-03-10,0.3448131034764547,6.1356767678806525
2008-03-11,-1.4673121555543036,4.120452896674083
2008-03-12,-4.921763989143619,2.495655585170594
2008-03-13,-4.996910728378849,-1.0000172792293023
2008-03-14,-0.9232900060327295,-2.07285248771487
2008-03-15,1.5912274549179561,-1.4947113544170905
2008-03-16,1.804983966153723,-1.6459049586696428
2008-03-17,-1.6608847281796906,0.6262468622628516
2008-03-18,-2.268084397362318,-1.9005778530154038
2008-03-19,-0.6381764879602391,-3.8376478015202373
2008-03-20,2.1010283187782393,-3.461429410195177
2008-03-21,0.2182178891736562,-0.29423947871519485
2008-03-22,-4.258073396956242,-2.5760363220087306
2008-03-23,1.1890176065618046,-3.2473141306373496
2008-03-24,2.386372934134119,1.6241195509874182
2008-03-25,-3.691567507793163,-3.1979370539499525
2008-03-26,1.7118908246311348,-7.612669815508825
2008-03-27,6.090634991337927,0.9488536113743399
2008-03-28,3.4769185605796307,1.6531624941915806
2008-03-29,-2.5979227447400413,5.090577757606818
2008-03-30,-1.0802837553942917,4.661408993486799
2008-03-31,-1.7981079494394026,3.3842863275693356
2008-04-01,0.38640313186093594,4.573266391384575
2008-04-02,-2.1764901653495157,0.9210796365500147
2008-04-03,-1.3038057587725571,0.35859875885851955
2008-04-04,2.020721492113619,0.47963719352378814
2008-04-05,0.6474106998690872,4.547750492194818
2008-04-06,-2.7906298976666144,-0.7271736130447111
2008-04-07,-2.5093920998934327,0.5187159152303814
2008-04-08,-3.7258972006272986,-2.054319246401979
2008-04-09,3.5280378254868365,4.1371710883966974
2008-04-10,0.4037575795666239,4.277713434381613
2008-04-11,1.0820170142422791,-0.9101989406604108
2008-04-12,-4.441203516880463,-0.03192972669941434
2008-04-13,-7.5715827396768605,-1.1111530865630852
2008-04-14,3.760773069504653,-2.3887329006273523
2008-04-15,-2.3677256585007926,0.962837829376867
2008-04-16,-3.4565343017147554,-1.1087467619234164
2008-04-17,-3.1666905999198516,-3.3964036788192282
2008-04-18,-1.0704490190898612,-1.4027891022651928
2008-04-19,0.21737450043571635,-2.3088682843438573
2008-04-20,-1.8789482627740737,1.5543330730561284
2008-04-22,-0.7932274481116177,-0.5407529127970369
2008-04-24,2.7326894359353444,0.10864702456938378
2008-04-25,0.7403026749677679,1.2127670186861694
2008-04-26,2.737549437817121,1.4846663791138024
2008-04-27,2.8855933428172955,2.668036202530807
2008-04-28,2.3542887685355636,2.63596099925389
2008-04-29,-1.7635854584557535,1.6985472079975201
2008-04-30,-4.5486422843487935,-0.630111180755143
2008-05-01,-2.3394347604960473,1.6491733502831398
2008-05-02,-3.0156628096662668,0.38357345145645866
2008-05-03,-1.5789421313620204,1.110546061951567
2008-05-04,0.5727556184964065,0.42728105573820035
2008-05-05,5.222149768115694,-3.8146376815470657
2008-05-06,1.1686234562019815,-4.171225086237453
2008-05-07,3.0775564492628633,-2.3118382159009547
2008-05-08,1.079745159995374,-2.6550464958955486
2008-05-09,0.6555936944274651,1.3036934481591367
2008-05-10,2.195823522828255,-1.709048244744958
2008-05-11,1.677489855286074,3.4462870343608754
2008-05-12,2.389106663280032,-4.653882796355617
2008-05-13,2.7275620015299284,-2.7454556236980916
2008-05-14,0.9761361263048327,-2.1776855894622473
2008-05-18,-0.6301450434046364,-1.5986062813223156
2008-05-19,1.1343455976626633,-2.268893078764175
2008-05-20,1.3294718405733932,0.1619365088579551
2008-05-21,0.8504429019539309,0.5347508567466386
2008-05-22,-4.312742965841396,1.723877025684493
2008-05-23,-5.151800377575397,0.2778363379658472
2008-05-24,-3.1587992337142046,-2.1087241892428867
2008-05-25,-0.8356689509581798,0.32350643185948064
2008-05-26,2.673463753223504,2.6708766554509458
2008-05-27,2.231407800336598,-4.5221896828382935
2008-05-28,2.6340770877935524,-1.7504269083567656
2008-05-29,2.914863086580339,-0.7266938661367253
2008-05-30,2.10761101437389,-3.6738780663644732
2008-05-31,-0.4001471691274954,-0.6961008209082312
2008-06-01,-0.03058264641190227,2.8608330549812084
2008-06-02,3.9497265100473866,-2.900165704101968
2008-06-03,-1.1193181268859227,-6.48139507581737
2008-06-04,-0.5295184452893668,-2.2369422318811885
2008-06-06,2.4167976759902503,-0.40979225888912635
2008-06-07,-3.1657077220091385,0.5119246097540162
2008-06-08,3.7976668545313896,3.8132939402018846
2008-06-09,5.267269090023193,-1.4716815618559997
2008-06-10,1.906054069258402,4.835528530679497
2008-06-11,4.007648730818209,0.965398898487728
2008-06-12,2.1922448203022316,0.08839018273420873
2008-06-13,0.8021891886157262,3.082310187202919
2008-06-14,-4.201979452244933,0.033296916741381806
2008-06-15,1.8446025857745143,0.17985245044577522
2008-06-16,0.6126735546975691,3.327172160534221
2008-06-17,-2.6933909802189637,1.3240287288861008
2008-06-18,3.3116829700517814,-1.5071171266835433
2008-06-19,4.583378739485888,2.7206330612654805
2008-06-20,-0.13141150964762324,3.5781408964429193
2008-06-21,2.892704163133097,5.736499828917326
2008-06-22,1.2657107346014327,3.49891621435555
2008-06-23,-0.9356679082440645,3.915139187123701
2008-06-24,2.63927965958571,3.4492419194448805
2008-06-25,5.922983373397881,-1.3458870555911517
2008-06-26,1.7096367339696577,2.3096358067302636
2008-06-27,0.7165274724328804,2.101498702101068
2008-06-28,0.18993640575247353,1.760744792859129
2008-06-29,0.010181606779839186,0.20089337584872488
2008-06-30,-0.2676385066112309,2.6183022869032464
2008-07-01,-1.0456037437715004,0.058518090542413484
2008-07-02,2.049160548279987,-1.983466997185265
2008-07-03,1.2809314175211834,-2.9934624208463205
2008-07-04,-0.7426691811965506,-4.304482645833939
2008-07-05,-1.0151481293994844,-5.289477501214529
2008-07-06,0.11817076256797916,-2.4720166291620886
2008-07-07,-0.09857728794676392,-0.5443639314631881
2008-07-08,-1.3926557751016189,-1.7540477347765386
2008-07-09,2.0542416525208806,1.9209704789412176
2008-07-10,3.2779904700352636,1.8881395506696224
2008-07-11,2.5465011402192563,3.5501641581972962
2008-07-12,0.6167160924412884,3.8317491923538136
2008-07-13,2.4716854518876854,4.106535125797555
2008-07-14,1.1409507006619508,2.068716569232801
2008-07-15,3.3127824920371154,3.089262506046512
2008-07-16,2.247297754429865,6.023566681083957
2008-07-17,0.8862133620769239,4.409072473479065
2008-07-18,1.623127611381607,4.4985271703793686
2008-07-19,-2.1097992762910045,2.974991069547586
2008-07-20,-0.4666698804727573,-2.215658335267883
2008-07-21,4.273784334862368,0.43751416290742884
2008-07-22,3.72929479062378,2.9387641821123083
2008-07-23,3.8834445243320492,0.859245156677573
2008-07-24,1.849760810810146,-2.7424503249303593
2008-07-25,-0.1226716571487904,-2.3317638938490015
2008-07-26,1.0737238195539716,-2.870569504849958
2008-07-27,-0.5086150504038124,-4.713406556189722
2008-07-28,-1.1912707001598601,-2.617303913669945
2008-07-29,-0.27367421840855893,-3.046385789667177
2008-07-30,0.3140290888164653,0.24694665446104352
2008-07-31,1.5824136097522008,0.9515561240898782
2008-08-01,1.5343629308846503,0.5273902977173025
2008-08-02,-2.5066089727039094,0.38685421328327607
2008-08-03,-3.798032750032326,-0.46801871204866025
2008-08-04,-5.392215754880222,-0.6592335516712761
2008-08-05,-6.850704070729341,-3.2539700566080803
2008-08-06,-0.2521309862695687,-2.712394923516527
2008-08-07,1.4987239633122214,1.6256376393148098
2008-08-08,-0.5112614204321012,5.038910108915445
2008-08-09,3.647737565425589,0.19627722444362594
2008-08-10,1.7711205410444786,2.4863767430544796
2008-08-11,1.2009096241359938,4.684939936058336
2008-08-12,0.9687898438233188,4.770011571424109
2008-08-13,0.2066756907231473,4.200870443282782
2008-08-14,3.49997808151095,7.2089351275077576
2008-08-15,4.179685209119559,5.388401497642385
2008-08-16,-1.5881427945947661,-2.3239230260091484
2008-08-17,-1.5856436350477519,-3.014391675546134
2008-08-18,-1.385088519042707,3.594218191032062
2008-08-19,2.3731626751324586,4.109665004586389
2008-08-20,-0.21164792238373165,3.455228705636193
2008-08-21,2.082456860180774,3.771630536506613
2008-08-22,4.473013963414343,1.7156272721058827
2008-08-23,2.1859528728863493,0.7506686475131551
2008-08-24,-1.2683711182750546,-3.4196930655776514
2008-08-25,-1.0489145449149144,-4.895985638427465
2008-08-26,1.2636011758357797,-5.115005425762854
2008-08-27,-1.7312708479109424,0.31780534021507384
2008-08-28,-1.1616625150013067,0.8008322016698018
2008-08-29,0.6877611726984202,-4.735374841409586
2008-08-30,2.4018686573865913,-3.59526254928868
2008-08-31,1.471146828649927,-4.682390339351501
2008-09-01,4.3315580518186945,0.5480867759543337
2008-09-06,1.8921712832252617,2.886860456196474
2008-09-07,-0.24153876747212305,-1.722749889714053
2008-09-08,-2.4590724285386667,-3.0459647760659863
2008-09-10,-5.46422748707837,-2.2676487485320185
2008-09-11,-4.458881322876427,-3.1225513197428962
2008-09-12,-3.2301271546997135,-3.806510384768187
2008-09-13,-2.6802805355001462,-3.805474941272177
2008-09-14,-2.3092970920386615,-3.0452310004752228
2008-09-15,-1.5535678643560136,-2.7389882515031383
2008-09-16,-1.430464779500742,-1.8364555190638363
2008-09-17,-2.813153157749094,-1.9170573039700507
2008-09-18,-1.8968767921205691,-1.496465019128222
2008-09-19,-1.1513552411056538,-0.596431372828079
2008-09-20,-0.7791020118106209,-0.9408149561468668
2008-09-21,-2.6339947136771618,-1.5531621931011272
2008-09-22,-2.8174823129750877,0.08199352643764767
2008-09-23,-2.083019988775334,0.7726673405813231
2008-09-24,1.582426084484445,-1.6788439922580227
2008-09-25,0.5294944986444255,-2.5844741397610003
2008-09-26,1.5546787065663223,0.4740398656807523
2008-09-27,3.0225098563942914,1.679994934442695
2008-09-28,7.219944760256417,0.6483637323180307
2008-09-29,4.649814183904073,0.2873993182968846
2008-09-30,1.2438915371228492,1.8168304955413492
2008-10-01,-4.486215347889378,4.066649762150564
2008-10-02,-1.928710754298661,2.436038562646248
2008-10-03,3.2470084968578368,3.618939905161773
2008-10-04,1.8146624178762492,4.144565617027885
2008-10-05,0.562384969833705,6.8076822559355845
2008-10-06,5.065188343512851,5.689359987432365
2008-10-07,4.216893118304406,1.4577466599486393
2008-10-08,2.5290466350257774,-0.7520458896348167
2008-10-09,0.20461502185319372,2.124103508178527
2008-10-10,3.7041675874923796,-0.5218940279898574
2008-10-11,4.01025196764375,3.4741362837835457
2008-10-12,4.991907713949396,0.348365534956669
2008-10-13,4.008682649609576,0.8312898854386206
2008-10-14,3.118355917335473,1.1315642737847853
2008-10-15,3.638543141345135,0.4953626784543156
2008-10-16,-1.5499823759035016,4.209357750525098
2008-10-17,3.2300069164797973,0.3809451418112968
2008-10-18,6.040902122107966,-2.116768767678845
2008-10-19,1.865391374425098,1.9434409973127857
2008-10-20,3.148831464801616,2.499140207382084
2008-10-21,4.289573166490376,8.651913061634156
2008-10-22,6.745069736446053,4.501394109388437
2008-10-23,3.659881468907205,2.586817071093494
2008-10-24,4.86716598968214,6.619684758470932
2008-10-25,6.087505623080053,6.340585555731213
2008-10-26,5.884433826299924,8.220376994737647
2008-10-27,3.6835920235311854,4.972461609301168
2008-10-28,1.7437752500369554,3.5418062364940814
2008-10-29,0.5399312188453405,2.194729654969227
2008-10-30,-2.4393907589520256,-2.8246379500473062
2008-10-31,0.0038833448920962085,4.148891742457953
2008-11-01,5.667920306671571,0.28237403804420197
2008-11-02,2.149325594496405,1.6179353758380008
2008-11-03,3.189324691318819,0.9691895922841035
2008-11-04,3.553808691330194,0.8667204176274882
2008-11-05,3.7443477333567805,-2.53615741447625
2008-11-06,-0.5381552710317188,-2.529102269343236
2008-11-07,0.9318738302594994,2.062191745706416
2008-11-08,-0.18988699845682286,3.5462077969064385
2008-11-09,0.8740912088637753,4.6437584146680795
2008-11-10,3.4209192445638497,7.227392856370898
2008-11-11,4.8663033087903065,6.331933054427417
2008-11-12,5.038756577957477,4.881791724162115
2008-11-13,2.0375933603499563,4.8975704851373205
2008-11-14,2.089843688879016,3.2135016130869953
2008-11-15,2.8314167190512634,2.8078476372501724
2008-11-16,3.1250644409797115,-2.1631255122005753
2008-11-17,2.9425484123570813,-3.85689369484644
2008-11-18,3.7771520289459204,7.417304030925528
2008-11-19,3.693102280923554,2.6765936187055046
2008-11-20,0.21074334603565784,-1.004366202228836
2008-11-21,1.3982555203037852,0.33137119145937416
2008-11-22,-2.312969175349026,-2.754878717303825
2008-11-23,-2.7230374825611445,-8.787462676068708
2008-11-24,-2.2930107057810027,-5.34839403958733
2008-11-25,-2.6760589808341364,-0.2365037719702907
2008-11-26,2.3933721273124764,1.0115933261261758
2008-11-27,2.4382454017896618,2.3952593042446617
2008-11-28,5.357282774454,4.730107294807323
2008-11-29,-0.8246655707452094,3.8728682103675007
2008-11-30,-2.516044832516002,6.228962104481669
2008-12-01,-0.8819485752320839,4.824344626603378
2008-12-02,-3.219478044262691,3.854800319595315
2008-12-03,0.3445761636031187,7.440806772166794
2008-12-04,-0.2602866188125559,3.0297418381682424
2008-12-05,-0.7392158320073228,-0.471050183061169
2008-12-06,-0.7001689038928408,-2.722915753643112
2008-12-07,-0.25189756602471586,-4.330448271752723
2008-12-08,-0.002899867717320242,1.0620683158128634
2008-12-09,-1.8423426021851124,4.932494405464399
2008-12-10,-3.453070390430511,0.2247741419293059
2008-12-11,-2.859071941682087,0.3007698397790652
2008-12-12,-4.89438502529454,4.4426076674015045
2008-12-13,-0.8230730887825016,4.680791899079346
2008-12-14,-3.8824610149914762,1.8031546451294764
2008-12-15,-3.501079218433204,0.864494711227764
2008-12-16,-1.0220164379043515,2.976099297387877
2008-12-17,-2.885465300360803,4.397879843681685
2008-12-18,0.6827625909945789,6.41434601074135
2008-12-19,1.5459889959887116,6.290171911337003
2008-12-20,1.0075425847579227,4.839168504025679
2008-12-21,0.9422302076163432,3.6959380785882074
2008-12-22,2.5540739578436567,3.557550844664301
2008-12-23,2.271204677768622,-6.60383985336934
2008-12-24,0.48538408757233004,-3.6993786252495573
2008-12-25,0.5407599293492109,-1.131518944110423
2008-12-26,3.717402923618663,1.1507285350822007
2008-12-27,3.4047740781471902,-1.179266107239965
2008-12-28,2.5386112290769574,-1.5185755479980687
2008-12-29,5.001520868667853,-2.1506104860897275
2008-12-30,5.453428250157676,-0.35343788685755156
2008-12-31,5.3914465637189135,1.359865575632689
2009-01-01,4.187694798963768,-3.79037685436884
2009-01-02,3.2530832571685298,-1.7809478866577417
2009-01-03,2.4484154521898747,-2.571047404211115
2009-01-04,2.473570282188816,-3.172044145099942
2009-01-05,2.7822796811980655,-0.3314363581971394
2009-01-06,6.9094643483307445,2.326573751670364
2009-01-07,1.0709390096062898,-2.7521333144743934
2009-01-08,2.2029067556809228,1.5776223115509078
2009-01-09,3.7559161616314025,-2.6267239404079925
2009-01-10,3.0878232579577314,1.9568694928530412
2009-01-11,6.777582553453299,4.600433158742774
2009-01-12,8.911545331650363,4.715944501013219
2009-01-13,6.4787990079904345,4.335834123158028
2009-01-14,4.456417448361187,2.7290753050147853
2009-01-15,-0.6455473839894114,-4.526859587224711
2009-01-16,-1.171467119489165,-4.909594635595294
2009-01-17,-2.0657515949460756,-1.6425016409309658
2009-01-18,-3.0342781145627304,0.9208841713312129
2009-01-19,-4.144167125409272,2.715439784781082
2009-01-20,-5.12478199802674,3.7129955321515338
2009-01-21,-1.1165860417476363,3.2118935446832415
2009-01-22,-3.522926593593211,-0.8752157054656481
2009-01-23,3.440398466863859,-0.7108142308057809
2009-01-24,-4.98118015762239,-2.0879972750584708
2009-01-25,-5.11916831761657,-0.6985037331284206
2009-01-26,-1.5758154656632386,-2.9501304350435946
2009-01-27,0.669241085639529,-1.46484864244462
2009-01-28,1.356618231038017,-1.0198311082726532
2009-01-30,-1.0643532841185634,-3.621079326939678
2009-01-31,-1.7169340880635329,-2.284543834441386
2009-02-01,1.8162959021768064,0.18766060982775912
2009-02-02,3.6881080069353267,-0.9327996211149742
2009-02-03,1.504570868446286,2.1900722934470336
2009-02-05,-0.9072822581553189,2.897110738074793
2009-02-06,-2.7179892596060906,1.4057332674745082
2009-02-07,-2.1898585722298316,2.2777809334364933
2009-02-08,-2.4298645218279598,4.808171192365067
2009-02-09,3.884179963296425,3.666567511189227
2009-02-10,0.034909707384786416,2.6434937853019096
2009-02-11,-2.3198363342696453,-0.5386988347095669
2009-02-12,-3.7486831811316286,-2.4864091740130205
2009-02-13,-1.7948890903491153,-3.3617395920026465
2009-02-14,-0.29361614836910865,-4.504140120543552
2009-02-15,-0.29153090337864673,-4.041492322811633
2009-02-16,-0.7670052655069963,-3.260602442292576
2009-02-17,-0.7553334470627995,-4.746086430086335
2009-02-18,-1.0266688758826408,-4.3206910604007565
2009-02-19,-1.95074808502793,-1.2846333211336114
2009-02-20,-3.6458321227059782,-0.9482535321686189
2009-02-21,-2.6547215809595723,1.8706301369984641
2009-02-22,-2.193013705057923,4.474567129467673
2009-02-23,-3.2785205772268924,2.1008596597517304
2009-02-24,2.2842930254392413,1.8598370529488746
2009-02-25,4.1956477630036,-0.03911005645547116
2009-02-26,-1.5433319485826813,1.8232907379485848
2009-02-27,-0.2951543507990019,-1.83644023879127
2009-02-28,2.0608769795616,-5.579644017384513
2009-03-01,1.4112325858858388,-2.6139778167023016
2009-03-02,-0.5422345363647988,2.4418385706527306
2009-03-03,-0.6784423763707195,3.738713991831597
2009-03-04,-0.0024278379979627497,2.2042618762919672
2009-03-05,-4.272388488888212,0.8606145816914775
2009-03-06,-4.753091065296713,-1.3690410261390311
2009-03-07,-3.7927547777094306,-1.8184235173160888
2009-03-08,-3.561113933575406,-0.5418080710488791
2009-03-09,-4.995803293219772,-0.7150933390237515
2009-03-10,-5.1990828776140114,-2.401819102052408
2009-03-12,-1.840437498611323,0.6017606902353319
2009-03-13,-0.4109557941002984,2.234496218396843
2009-03-14,-0.44517427861207265,3.520827797775459
2009-03-15,-1.3944255177366254,2.0553947608791576
2009-03-16,2.9195157647583465,3.189015827329016
2009-03-17,0.4821019015863242,-0.9546371832533029
2009-03-18,-1.3552114215679052,-3.0159500010460096
2009-03-19,-0.47669727645611965,-4.776524973339486
2009-03-20,5.0703562160341145,0.8651113935528482
2009-03-21,2.8154650954708345,-5.19373782048005
2009-03-22,1.79011470799818,-2.752305796825889
2009-03-23,0.0852869671916541,0.2257546294426046
2009-03-24,-2.463408886034564,-3.37063669499468
2009-03-25,1.086021349699211,-4.0408158232922275
2009-03-26,2.1796463836830804,-2.2423020923701156
2009-03-27,-1.4904883036392484,0.42899262018145035
2009-03-28,-6.189502994708805,0.528839127063708
2009-03-29,-0.20210487567118565,0.32347669483108565
2009-03-30,3.8851904226318634,3.6054896389198707
2009-03-31,5.502203169551106,4.452668058080058
2009-04-01,2.865106638326845,-3.227622015233947
2009-04-02,2.7858029438115675,0.7406216691522717
2009-04-03,2.3898405242420573,-1.010508154273125
2009-04-04,-1.1703894857681767,1.9169935941246015
2009-04-05,-0.907639958828524,0.5675543437320285
2009-04-06,3.04580149956618,-1.1192710497207483
2009-04-07,-0.27477306902867593,-0.019678511521871465
2009-04-08,-3.6669073767501295,1.0105119590543223
2009-04-09,-7.160669263931847,3.6859146466245734
2009-04-10,-1.593931321062741,2.6754569421620022
2009-04-11,0.0831579845537821,-0.318341606594778
2009-04-12,-2.898655522202552,1.2324263029495455
2009-04-13,-1.4964406475913499,2.215402919259808
2009-04-14,-0.3715708015521695,-0.08946758895416923
2009-04-15,-1.2761382819658953,-4.43304928538988
2009-04-16,-2.293459747204947,0.615047762165381
2009-04-17,4.317713844489947,-0.09774609198620537
2009-04-18,1.9833582762462765,-7.011250225405591
2009-04-19,5.440772626349732,-0.03917478578362008
2009-04-20,2.0752546823205327,-6.3836402646059005
2009-04-21,0.8752940046130573,0.7659764363476884
2009-04-22,0.9866736182609236,1.2783285525078343
2009-04-23,2.165324897157313,-1.8164882750325677
2009-04-24,1.894573445163334,1.717867817776032
2009-04-25,3.6495702507952625,3.0656956446090207
2009-04-27,1.627816227447715,3.6079430993131356
2009-04-28,2.823476155972794,3.2596396025901804
2009-04-29,1.4205904767219553,-3.451978803649254
2009-04-30,-2.4893627305464983,-1.011768477212662
2009-05-01,2.4963947495319365,0.6027597157019591
2009-05-02,2.872970487867979,0.8798503818290853
2009-05-03,3.1626777613324224,3.272703331979152
2009-05-04,1.0892013375035359,2.8827644172496854
2009-05-05,4.435809327172249,4.124649021070124
2009-05-06,1.3182598991380547,5.25754544858581
2009-05-07,1.6439611141043085,0.8272963477295707
2009-05-08,4.306713734364372,3.7678842262241656
2009-05-09,1.081354301555522,4.832886053381978
2009-05-10,3.784086840845171,5.092328031544944
2009-05-11,2.3520573402884852,0.03477952079343032
2009-05-12,1.6999611895022138,-4.450913158603438
2009-05-13,-0.9257711218478464,-5.8897461683665515
2009-05-14,-2.548930868001885,-7.613180861673297
2009-05-15,-2.532964019807021,-4.40049070504893
2009-05-16,-1.5316592003066698,0.12487221309434848
2009-05-17,-0.5980387679494223,0.7612897951975847
2009-05-18,0.7344929269711222,2.4777695237150734
2009-05-19,0.43640368738749846,1.4615049388604573
2009-05-20,3.44584732599733,0.4851610144933066
2009-05-21,0.515138384627588,2.8520524605556905
2009-05-22,-2.4542964837491117,1.187616476520062
2009-05-25,3.381980007496233,-3.4574923000742683
2009-05-26,4.091628687640535,3.4535391020228072
2009-05-29,-0.18897990241273463,-1.4123978685331435
2009-05-30,0.9047431257876418,-2.8123611170086034
2009-06-01,2.4465694478311644,-0.6080853005532725
2009-06-03,0.41264833691100666,-5.234818198065179
2009-06-04,-2.5117887133954118,-4.921993651935404
2009-06-05,-0.7401876234835277,-4.622365626253908
2009-06-06,1.4525284922474206,-2.779126088399232
2009-06-07,-1.2013700568539545,0.3201330396959997
2009-06-08,-0.508726909751841,-0.6978673388758618
2009-06-10,-2.938617640275543,0.3412596356103432
2009-06-11,0.3927051180247154,3.3389776328075644
2009-06-12,-3.918444218519723,-1.7207159809200194
2009-06-13,-1.8361168905000895,-2.7260876955149165
2009-06-14,-3.928786230055167,3.8788851972630276
2009-06-15,1.488158275939254,7.583375209156887
2009-06-16,4.30978027665353,1.3459145235236312
2009-06-17,3.9006382166330895,-4.213143312621997
2009-06-18,5.69270844237172,0.0878663356801814
2009-06-20,4.819667389714543,2.0417045601234936
2009-06-21,2.843072784558457,-0.1753321624185027
2009-06-22,0.23353005744659786,1.534997026373151
2009-06-23,-0.6899168884383841,0.9815721975223562
2009-06-24,-0.412710395469935,1.1062550584297117
2009-06-25,-3.28252348880444,-0.39114979593078103
2009-06-26,-3.450102597372655,-0.5677907912811976
2009-06-27,-2.4758546998150965,-2.26153721535646
2009-06-28,0.504615458974249,-0.7738531319336349
2009-06-29,-0.8086165045360493,0.2641868167634621
2009-06-30,-2.0089676653044464,-0.09105994304820304
2009-07-01,-0.30450076692886496,1.2587488139933507
2009-07-02,1.7637528295549247,-3.0032909794447997
2009-07-03,1.0974018278358013,-4.46941312849766
2009-07-04,0.5575138609734496,-4.114235982969391
2009-07-05,-0.2760405282838093,-4.137589769477048
2009-07-06,0.4039145892822048,0.14144303423478247
2009-07-07,-2.223147407871407,2.45645719514171
2009-07-08,-0.32700046128089594,2.720112236256871
2009-07-09,-5.064628951082821,4.069538385318234
2009-07-10,0.9911459539584573,6.326676297225225
2009-07-11,-2.3524260862783875,1.7083675820687625
2009-07-12,1.3952224500115726,3.016318468961417
2009-07-13,0.597694254470578,-2.619862401710327
2009-07-14,3.1061272621673353,0.5262403722746374
2009-07-15,1.8666777352905544,3.1277275037333037
2009-07-16,0.6314840988222201,2.5227104669580873
2009-07-17,4.817647478885484,1.055081826132703
2009-07-19,-3.647206320511116,0.22488876097835095
2009-07-20,-0.18495184575499685,2.6967423162268918
2009-07-21,3.677215707968561,5.367748224089992
2009-07-22,1.090020558188814,3.3568668219538638
2009-07-23,0.16377985833105393,1.6507515809135591
2009-07-24,-4.048472323696931,2.558273780574324
2009-07-25,3.3606362215758323,3.4583895193001015
2009-07-26,1.2148769011159881,3.758541575255311
2009-07-27,3.2810732596158534,0.14668315380385785
2009-07-28,2.3427020937785143,0.881033044193458
2009-07-29,2.272007179544827,2.466623177608083
2009-07-30,2.0505968464928133,1.9591134474012564
2009-07-31,-1.356193865898289,1.1133900696823105
2009-08-01,1.2021821601363676,2.4122066945401417
2009-08-02,0.4270003484480609,-0.8358359762847507
2009-08-03,0.1397059875072287,-2.471801072099524
2009-08-04,-1.5172412345770045,-2.800474261698625
2009-08-05,0.24809725819995349,-0.3432712490957487
2009-08-06,-0.9859388258557651,-1.100437324151082
2009-08-07,0.6337393180014198,-0.5972361629866051
2009-08-08,1.1263560437051185,1.0910112357035746
2009-08-09,2.617286474537317,-0.479609062456245
2009-08-10,1.641967222311377,2.635811268152563
2009-08-11,0.3750227576076051,4.008503197402504
2009-08-12,1.5257735214928974,2.3094058477445807
2009-08-13,2.3340671016834844,-0.5497241751351878
2009-08-14,0.9531015913792922,-2.4939912868721312
2009-08-15,4.590829017858132,-2.2550960308935073
2009-08-16,2.431048595464967,4.401734606255621
2009-08-17,4.857202122145783,1.8863951226748576
2009-08-18,-1.6560819340789275,-1.0770630882688452
2009-08-19,1.3207098799668204,-5.038706116264957
2009-08-20,1.6841905478537524,-1.2047186331151476
2009-08-21,-1.4624755950627533,2.0685569195377616
2009-08-22,-3.7827816950848048,2.069871290212085
2009-08-23,0.7893577612682775,-0.4391843262369045
2009-08-24,3.1724734364027696,-2.4470650412131763
2009-08-25,2.6840117616575485,0.9815596659336724
2009-08-26,-1.6848838758711695,2.1944897039281774
2009-08-27,2.6721688539314212,1.571577571520544
2009-08-28,1.2146576176295767,1.0658008244718649
2009-08-30,1.745236186579557,3.850790543603252
2009-09-01,3.9652404552653393,5.29954484694367
2009-09-02,1.5655695716276798,6.730594813753136
2009-09-03,-0.4549230814666027,2.639852953187555
2009-09-04,-0.7142622838234834,5.740189366720841
2009-09-05,-0.26228553959391737,3.5558743748528223
2009-09-06,1.0666842218669557,0.08644101842413922
2009-09-07,2.567300793424064,1.7538750281393678
2009-09-08,4.266501108244295,4.881161582889642
2009-09-09,6.327731114650616,6.514795189476691
2009-09-10,2.4566320417832768,-1.327752810663473
2009-09-11,2.4072509293717133,-0.6121932721382127
2009-09-12,1.3243168806271268,1.6266503874202605
2009-09-13,-1.8320734857582979,0.5140555094171727
2009-09-14,-1.528731807150643,-4.339366696821695
2009-09-15,0.16830453117216423,-0.030170093590699845
2009-09-16,2.0266680639728962,2.240702144735601
2009-09-17,4.667186884669838,-1.7677338808943655
2009-09-18,3.8446184159923407,-0.637045888279494
2009-09-19,4.0955638936542735,-0.6506380421338264
2009-09-20,3.397137759345229,2.3647310880189107
2009-09-21,3.113887190892475,1.3723187200243832
2009-09-22,3.9187316231606184,3.2360785132279934
2009-09-23,5.716156197497423,1.4357292609701093
2009-09-24,2.6236451931646303,-0.3492300441542744
2009-09-29,3.795053830492676,-0.9385817931150936
2009-10-01,-0.2491611728463417,-1.6609129016129378
2009-10-02,1.0854209613418273,-2.8220826754814192
2009-10-03,1.6286063676616718,2.271582341053721
2009-10-05,5.464119436307852,-2.340900510370421
2009-10-06,3.9500644016238566,-0.7098677669457788
2009-10-07,1.9643851068988831,6.288886434216884
2009-10-08,4.395646757860037,0.02123198161696351
2009-10-09,-1.3933001898600261,-2.873403908409138
2009-10-10,3.428985576579567,-0.5435870593648385
2009-10-11,-1.4358626413391162,-1.0910086501821532
2009-10-12,-3.0148417189259207,-5.567881526319351
2009-10-13,0.48117091545764,-5.698383706000683
2009-10-14,-2.3050880305070574,-6.825539387650626
2009-10-15,-3.4400427218824863,-3.835608591831027
2009-10-16,-1.4462875277531704,1.6935534522058462
2009-10-17,-1.2921954345078805,-4.515438145038512
2009-10-18,-1.4377246129484673,-3.33368265864275
2009-10-19,-0.5239005256277208,-0.5144306989740004
2009-10-20,-0.8008710475431183,-0.8523635874336634
2009-10-21,-2.574680173237517,-1.18684181544388
2009-10-22,-4.804038011116621,-3.4924126975375573
2009-10-23,-3.1970474154822695,-3.3383447147369516
2009-10-24,-2.868217364367247,-2.164835493051043
2009-10-25,-3.2748850013445394,1.422204680742273
2009-10-27,1.0951297492994674,-0.03670366257655426
2009-10-28,1.1059613212997286,-6.859102214022855
2009-10-30,2.171286250009488,-2.08166935348927
2009-10-31,-0.5856697548160743,-1.593789758045217
2009-11-01,-0.30407963419271905,0.16657657447326124
2009-11-02,-0.38943786041424905,3.602612188500801
2009-11-03,-0.6803896944769378,3.981418088125762
2009-11-04,-3.5582947488327226,3.315060182941356
2009-11-05,-5.194701995846685,3.7343638137207664
2009-11-06,-3.406313261901031,1.0704280180126635
2009-11-07,-2.1558211351641585,2.1677708245340477
2009-11-08,-1.6296712025388322,-1.4783835832923742
2009-11-10,-2.070772794761053,-2.995261458425025
2009-11-11,1.2185534143832963,-2.599672718439001
2009-11-12,-2.442315151470488,-2.8201089394179903
2009-11-13,-1.8895882805626827,-3.0369279396423954
2009-11-14,-3.859342713840853,-0.9443562754112613
2009-11-15,-2.7616250117538153,4.724087518357637
2009-11-17,-2.647529894353155,2.981788463039815
2009-11-18,0.40654105019265185,4.636105153289436
2009-11-19,1.686297061127974,2.5890665806671924
2009-11-20,1.14033249878794,4.082806117382721
2009-11-21,5.323696989099481,1.721121460136824
2009-11-22,2.311738708410446,2.6370985929861295
2009-11-23,2.285634849750491,5.762137868481024
2009-11-24,0.3787711733040361,3.4741398688494822
2009-11-25,-0.0713100663638325,2.506088667933166
2009-11-26,2.3276152721470296,4.554661345671768
2009-11-27,3.8058254459274212,4.65189814277078
2009-11-28,1.6285856456199228,2.9702464845638668
2009-11-29,1.053440819556324,2.6372455655700096
2009-11-30,-2.5842650989192295,4.579363397523644
2009-12-01,1.0608753268808582,4.624679539600603
2009-12-02,0.12909280177251314,-1.9636796958331497
2009-12-03,-2.474921414870535,-3.649775847690779
2009-12-04,-4.7351272005844605,-2.6821779725258685
2009-12-05,-4.159426922208381,-0.3657240254483978
2009-12-06,-2.365808699965835,2.562837326416489
2009-12-07,-3.3180327811671795,3.068809732789715
2009-12-08,-3.8909331831838307,1.1120597020766405
2009-12-09,-3.399001856896682,-2.6012285231946666
2009-12-10,-2.524506310152302,-1.2359782108921396
2009-12-11,-2.1628193553516613,-2.1975777783682617
2009-12-12,0.3782129381017185,-2.3930856568722523
2009-12-13,-1.0626229796225648,-2.7179296417465233
2009-12-14,-2.8624761439230633,-2.856453073620923
2009-12-15,-1.123066189696441,-1.2914710030842527
2009-12-17,-3.2394642172450423,-2.8023695216500686
2009-12-19,-0.31642008795933857,1.8097519078166506
2009-12-20,-6.010637802362617,0.4650560033648075
2009-12-21,-0.11388661137755211,-1.5988087086299012
2009-12-22,1.1023787794392779,3.0279158100543953
2009-12-23,-2.2490025794477653,4.650039722293094
2009-12-24,5.661053715926409,-0.9559858765284912
2009-12-25,-4.947801888551006,-2.5881022768325055
2009-12-26,-6.856838121689681,-5.004368612428826
2009-12-27,-0.6780334434404867,-2.1077136071890448
2009-12-28,-1.6650500450949792,3.8506551694972995
2009-12-29,-2.277856189102079,2.7898911587739073
2009-12-30,-0.6516128777732642,-3.9575310958693817
2009-12-31,-0.5834805684572442,-3.1166465588451437
2010-01-01,-3.5956559837692854,-4.271392443100016
2010-01-02,-0.8882403080519188,-3.9201290428035067
2010-01-03,1.4486741498625906,0.7060093654422276
2010-01-04,2.459133978608893,1.9910214347750181
2010-01-05,3.299447112212409,0.5689544024043172
2010-01-06,-0.9336367354415273,-1.2161654793968733
2010-01-07,-2.8799638041772853,-5.085057715471817
2010-01-08,1.047974009503682,-3.4152721469711693
2010-01-09,1.0686925662117064,-0.9964167599484932
2010-01-10,0.9572352492642375,-0.8010878061105295
2010-01-11,2.2589319209792276,0.45839772829287023
2010-01-12,2.5160626444299687,-1.3214335303587048
2010-01-13,0.869919678207634,-1.2346667322701608
2010-01-14,2.6428750364481015,0.3044906628853655
2010-01-15,-1.1677493847317155,-0.11002111940297166
2010-01-16,-1.3871747041217013,2.023186772857488
2010-01-17,-3.095363488161399,2.4097535967858996
2010-01-18,-4.4164999038296475,2.3473013576268205
2010-01-19,-3.717140619447346,1.596993964082621
2010-01-20,-3.594746494724673,-0.877400473189927
2010-01-21,-3.507413034000441,-1.682602987780022
2010-01-22,-3.550886286568193,-0.8014037736466486
2010-01-24,0.02854968506980615,-0.4975838053323063
2010-01-25,1.0786252403981422,-1.1907993293970804
2010-01-26,-1.772508480958005,-1.9301454973778533
2010-01-28,-6.713913941958939,1.8672172734800034
2010-01-29,-5.5677328106832915,-3.6406899626002676
2010-01-30,-3.699682802811569,0.2519766482588366
2010-02-02,0.11882488085166042,0.5204595071356701
2010-02-03,-3.527285838732365,1.0541071514650378
2010-02-05,-0.8419251389322199,3.89423844051752
2010-02-08,1.2628055468165131,4.942292068810746
2010-02-11,-1.0365271410242085,0.724742550939779
2010-02-12,-2.228679923258974,-3.01633824689542
2010-02-15,1.8387497460952267,-0.9217050253791972
2010-02-16,0.35900941541035675,-1.5781766207729824
2010-02-17,-3.710171898949701,0.5659635845322285
2010-02-18,-2.6672420903377705,-1.5600023879960823
2010-02-20,-7.960841724649893,-3.7924414873512085
2010-02-21,-7.139939729984886,-1.929732234327422
2010-02-23,-2.3000126446032096,-2.8341424460842832
2010-02-24,4.825929093178929,-0.8050503078275935
2010-02-25,1.1287775948440328,1.8723547051761527
2010-02-26,-3.227642431121629,1.3389363439546054
2010-02-27,-2.628870310344045,2.497177076661982
2010-02-28,0.03504837567781126,4.881509434053192
2010-03-01,-3.8570774877898213,3.239957881273305
2010-03-02,1.1449603431419246,-0.9556665196783586
2010-03-03,3.8218575860731745,-0.2624051332694885
2010-03-04,0.31682000047221637,-3.064837220929147
2010-03-05,0.5996045498593573,-4.695140041585164
2010-03-06,1.2640396941551164,-2.0353005892077736
2010-03-07,-0.43103892846222086,-0.3365375721568283
2010-03-08,4.601324538267685,3.3713692830452087
2010-03-09,4.44648441936633,-1.46158337139316
2010-03-10,6.589236224663155,0.13418095255665663
2010-03-11,5.24717655876399,3.7240812627378794
2010-03-20,3.3326754225478203,3.8837092070676085
2010-03-30,2.004174640222052,3.1369788930576967
2010-03-31,-4.827267184856167,0.41914587289516925
2010-04-06,1.1768873792897836,-0.2883420475865922
2010-04-11,-0.33238579000893165,-3.1687650501222033
2010-04-14,0.3995057056101848,-3.1361161766184193
2010-04-16,2.1025801688328207,1.4538790212634634
2010-04-17,3.6076839230910753,3.9088458134200086
2010-04-18,6.486956774650399,1.3078061531847793
2010-04-25,4.603780069449972,-0.3146509087533242
2010-04-26,3.0106405175052418,2.6078424796974433
2010-04-28,3.8981002933264928,-2.6936473409556485
2010-04-29,2.073248820283718,3.693323071001902
2010-04-30,0.08801400014746183,3.547385919903047
2010-05-01,1.8094638677085588,4.019019512662214
2010-05-02,4.943449642955192,1.9835012492337443
2010-05-03,2.642074909428375,0.251790497608741
2010-05-04,-2.2150456000081613,-3.7313734056016945
2010-05-05,2.4455485018370813,-1.3424219787062692
2010-05-06,0.7177133755784433,0.6354961497898568
2010-05-07,-5.149825202422214,-3.7287797601289765
2010-05-08,-3.8310374146131427,-3.9055645998616257
2010-05-09,2.098450671903944,2.9235236211888673
2010-05-10,0.739241054668098,2.9726626710702937
2010-05-11,-2.6068815249862873,2.6460373486489965
2010-05-12,-2.4033548104540743,1.5457231668838873
2010-05-13,-4.819921329644084,0.3401853297523893
2010-05-14,-4.4935400151455855,1.1196887982690915
2010-05-15,-5.705743406185849,-0.36648869012030943
2010-05-16,-4.820053945348338,0.06415785990698133
2010-05-17,-3.691729132268171,0.05729963607770144
2010-05-18,-4.021956811690647,-0.9850975712680254
2010-05-19,-4.294415888095344,-0.20066805316537065
2010-05-20,-1.9012052721419794,1.0167311311294847
2010-05-21,2.1400315340594362,1.563271025404089
2010-05-22,-0.3616959091017918,-1.3921793667871625
2010-05-23,-2.5032225204047585,2.3577844718113385
2010-05-24,1.132697622056477,2.507015209339081
2010-05-25,2.6949532091937565,1.9733194006196995
2010-05-26,1.564168872378736,-3.897332747186674
2010-05-27,-0.21333822779133424,-2.034936021109675
2010-05-28,1.595780129968535,1.7945569198555675
2010-06-01,-2.213283390038954,-1.817256970581705
2010-06-02,-1.7030992275864834,-0.6692628945410597
2010-06-04,4.571084972043564,-3.7376712358513284
2010-06-05,5.9590220408907015,-2.8373377848850114
2010-06-06,1.1042885677879581,2.3627141990936003
2010-06-07,-1.3210883159328668,-0.9391079768487647
2010-06-08,-3.9313794167949823,-0.8709193165076003
2010-06-09,-0.7552048376132465,1.3081027272440426
2010-06-10,-0.27786361548374977,1.1152836064522402
2010-06-11,-3.724588898605815,0.9058648839066107
2010-06-12,4.59216298891589,6.320482077476574
2010-06-13,2.7197018852784227,2.486025350868316
2010-06-14,1.7736643929779567,1.0684398337495957
2010-06-15,3.5155973775995433,0.08145690745219877
2010-06-17,3.6405246620964333,-1.626024037313645
2010-06-18,-0.473208027117079,4.137511523498795
2010-06-19,-5.273907015917911,4.095384963593897
2010-06-21,0.20700658245824957,0.7187198594679071
2010-06-23,0.5696573936050279,-3.0359261541371416
2010-06-24,-0.8645378073826564,0.05775475739976186
2010-06-25,-0.31228821282776464,-1.107053087788095
2010-06-26,2.448436514035122,2.9823346257422005
2010-06-29,1.706172247515629,1.336123077048534
2010-06-30,-0.6987028092339177,3.2585324390355956
2010-07-01,2.2864264141231443,3.7090080499768017
2010-07-02,2.1859339336754102,-1.5821356772081607
2010-07-03,0.2568698552813187,0.9966491846614448
2010-07-04,0.21973960069553516,2.782558120151491
2010-07-05,0.31012187573178124,3.3082377147517428
2010-07-06,-0.7636262828980559,-0.8098176292479076
2010-07-07,0.6246590709045027,-0.4268213498310729
2010-07-08,0.7774827564858015,-2.805188796590881
2010-07-09,3.383639777843039,0.08627142537082247
2010-07-10,1.8946768602272286,2.855300726742057
2010-07-11,1.7736591529945538,2.364298941867349
2010-07-12,1.7975957809093728,3.3486661835971487
2010-07-13,-2.8499903744146704,2.551638402447051
2010-07-14,-0.3403191476126916,3.494277705630955
2010-07-15,-1.294915866405693,0.6952535125804372
2010-07-16,2.5592459003939623,2.236805099897803
2010-07-17,1.895983879317661,-1.0087289578085261
2010-07-18,-1.3696331102385135,2.994013421337252
2010-07-19,3.486936965296334,-0.33534774509564547
2010-07-20,4.099875674417339,2.746233389862885
2010-07-21,2.5226875505561575,3.8614299276724933
2010-07-22,0.8270222426761629,4.729672867622107
2010-07-23,1.881404959827572,-2.4629370668050137
2010-07-24,-3.7636751952502414,-4.014631110551617
2010-07-25,-5.587430284132674,-0.40767291462186156
2010-07-26,-2.4247157277159754,0.7894419946322081
2010-07-27,0.4026184698839784,2.905631872889388
2010-07-28,-2.451238727204915,-0.1257748928526948
2010-07-29,-3.9472719207937392,1.8287151268778985
2010-07-30,0.5686525863677794,4.655890694641471
2010-07-31,2.7755302697436837,6.0329338670784205
2010-08-01,1.7083246786413875,3.5667593011704515
2010-08-02,0.2646292075842393,2.680930049421647
2010-08-03,0.1918597003087469,2.3774689996654743
2010-08-04,0.5875589461747452,3.9056644403288963
2010-08-05,0.688635243185178,0.7123729526073018
2010-08-06,-1.0221024741969198,0.5725071356447732
2010-08-07,-1.2621580807756543,-0.80424251193489
2010-08-08,-1.5278629372193935,1.9616596026146607
2010-08-09,0.9052075863981476,4.348283729303828
2010-08-10,3.5319389594268573,4.693471784689983
2010-08-11,3.662525153384285,2.3818517487903788
2010-08-12,-2.1020760520787536,1.0050867541550113
2010-08-13,-3.7557741268475913,1.0190591004674756
2010-08-14,-2.914630836238608,0.6194297822745587
2010-08-15,0.8028394843197889,-1.660148466282176
2010-08-16,-2.68651354763655,-2.541006707864718
2010-08-17,-5.040834333105507,-0.6497432739813763
2010-08-18,-3.874208947037041,-1.38169877113019
2010-08-19,-3.36428251590594,-3.033744391071124
2010-08-20,-0.5828095421430295,2.2543894375934146
2010-08-21,3.087301709994343,2.3601428484681275
2010-08-22,4.83560253265815,2.305215619565097
2010-08-23,4.574208465825059,0.10721250552601405
2010-08-24,-2.17549362031082,0.7964227190862151
2010-08-25,1.1793281961746174,2.789677339640947
2010-08-26,0.6067570591607884,-3.190021666019161
2010-08-27,-1.5034490421804907,-2.435800755580865
2010-08-28,-2.7515547506904916,-3.2471929631363112
2010-08-29,-3.9256142114018013,-1.4977533919173769
2010-08-30,-2.577104515535993,-2.003023185279943
2010-08-31,-1.6048190997355631,1.4638324927445938
2010-09-01,0.4626911034854091,0.382551775710625
2010-09-02,-1.227325810047652,-6.508959020473849
2010-09-03,1.1618465434145826,-7.921744902181613
2010-09-04,2.1653625677938346,-3.807075741306389
2010-09-05,2.7180317776575103,-0.37393564095245074
2010-09-06,0.7453732667562548,-1.2775162637880615
2010-09-07,-0.4345904867259853,0.7290729154057208
2010-09-09,-0.6300128026794499,0.46523781427436517
2010-09-10,-2.6688359110577737,1.876366162418609
2010-09-11,-0.4801909110986279,2.807674930417047
2010-09-12,1.3999832767874905,4.144347395776548
2010-09-13,2.0872687070908817,4.373762673868402
2010-09-14,1.3610751629061701,3.877987380938343
2010-09-15,-0.5714349221600248,5.929624285333824
2010-09-16,-0.8866201216178643,5.123814982668104
2010-09-17,1.180161195123567,4.05933387556382
2010-09-18,-0.24239304829453537,4.754281243000211
2010-09-19,1.7658248367743765,1.7874341237114124
2010-09-20,1.8394397694064386,1.8938791458939785
2010-09-21,-1.7322255356269893,5.003394489841758
2010-09-22,1.3853188564065388,-0.6457548149937551
2010-09-23,2.678553893193873,3.582169027204494
2010-09-24,0.6741304183402586,3.9824289343691675
2010-09-25,0.44018069889991007,3.4033014066878766
2010-09-26,-2.2531722977315116,-3.449126093520388
2010-09-27,-4.156574722771033,-3.752859753720547
2010-09-28,-3.9175730630069365,-4.988054331647277
2010-09-29,-0.6496452800869182,-4.123432491499107
2010-09-30,0.6911156751221254,-1.4506732392347632
2010-10-01,0.8796725190498221,-1.90140070076332
2010-10-02,0.1407763773753467,-0.641535167396402
2010-10-03,-1.094595773425229,0.9806688396251207
2010-10-04,-0.31605757994839745,4.218933745756017
2010-10-05,-0.11443137558999363,4.745408569480308
2010-10-06,-0.4926551231776709,4.832582551677894
2010-10-07,0.7604045819699838,5.528206712469002
2010-10-08,0.9760404744681147,2.261853558307748
2010-10-09,2.448255731132757,1.1530682186401768
2010-10-10,4.543087108435102,-0.8957356918741337
2010-10-11,5.538817491534319,-3.943243083648967
2010-10-12,4.482341578911188,-5.375607140082892
2010-10-13,4.1577368673434085,-2.58918642168355
2010-10-14,3.619825176293147,0.5687730385981719
2010-10-15,3.586819219686338,-6.776356138329083
2010-10-16,2.66322237659142,-2.519933199542489
2010-10-17,2.930884406353469,1.6899958518075036
2010-10-18,3.594182206518738,4.853479172737903
2010-10-19,1.3240698758535208,7.355029548675883
2010-10-20,-0.5849525020331181,4.098117214758783
2010-10-21,1.4641655198428183,-1.5467034868794032
2010-10-22,-0.053135327069827175,-0.9347171840368734
2010-10-23,4.277467130497288,3.140742415365397
2010-10-24,-0.23652539368755582,2.308421601530992
2010-10-25,2.6639354132389195,-0.007309736317987138
2010-10-26,0.9174341042484824,-1.0746551512212197
2010-10-27,-0.015553345758363486,0.6333923803728888
2010-10-28,2.1074397141146495,6.212969059988544
2010-10-29,3.0944242477985924,2.2027520176176263
2010-10-30,1.9345568976783138,4.55321825204547
2010-10-31,2.1428050768298377,5.603795919646124
2010-11-01,2.9925557163512533,2.88375857025865
2010-11-02,0.0380079941172478,0.6637785622960035
2010-11-03,2.421191927411812,7.483454116782969
2010-11-04,6.598583566208524,2.886742044004575
2010-11-05,3.6323064679039616,0.2445796096856562
2010-11-06,2.4944664246001675,-1.0342837903947992
2010-11-07,3.6398383224622917,1.5534746135145967
2010-11-08,0.45775747819374807,0.08445131329951129
2010-11-09,-7.3491041621116215,-3.7375292871967054
2010-11-10,-1.7961993195723087,0.8790358451431116
2010-11-11,2.858636066758852,1.1781328440178438
2010-11-12,-2.0590355171944235,3.7797845620955526
2010-11-13,0.7818574386850502,1.7548844188168966
2010-11-14,3.5704807438210855,0.8310982688452977
2010-11-15,0.14173923611572115,3.029648604887016
2010-11-16,3.0304828380151565,-2.259711437871029
2010-11-17,-2.5916274760209537,-2.958730922393141
2010-11-18,-3.8023787453123474,-2.860883995363346
2010-11-19,-2.654339991608385,-4.967390727933733
2010-11-20,-6.067473604090348,-3.842961001320891
2010-11-21,-3.9434361763244077,-4.380566932582239
2010-11-22,-2.7358732365126803,-2.897005773748543
2010-11-23,-5.170921776582292,-4.538608728734721
2010-11-24,-7.618317752478315,-6.319785352240465
2010-11-25,-4.015746291532314,-6.218743696831893
2010-11-26,-1.6613545751455803,-4.407411902027942
2010-11-27,-2.2470078468731485,-3.707566266430057
2010-11-28,-1.2030854225865615,-3.3955713564050023
2010-11-29,-0.8797833797022621,-3.310574171049921
2010-11-30,0.34016834284687886,-4.11790796998996
2010-12-01,2.166000621085347,-0.9504820298150847
2010-12-02,0.27147090055525525,0.4351055484923952
2010-12-03,-2.049965973679788,3.4883115490078858
2010-12-04,-2.0820132560393367,1.625089255840924
2010-12-05,0.28423204154956727,2.9785494998618063
2010-12-06,-3.116150346829142,4.482299825988282
2010-12-07,1.8588050724884342,0.226703817964591
2010-12-08,1.962750412054674,0.1774717462756471
2010-12-09,-2.5758541566658306,-4.146410542783927
2010-12-10,1.4776452168366854,-9.434780967996273
2010-12-11,-1.114824040071064,-2.0544703768187453
2010-12-12,-2.0326517562671103,-4.446864810256818
2010-12-13,-2.5479944287288054,-4.187532048598029
2010-12-14,-2.4054232506266064,-6.103941751589477
2010-12-15,-1.3766716165634205,-3.444260639222437
2010-12-16,-1.215908998512539,3.845091515796475
2010-12-17,-4.1514597666223585,2.1366977921573618
2010-12-18,-6.218126522937663,-4.426036853004784
2010-12-19,-7.079359324437951,-3.9225286776881614
2010-12-20,-4.057757397380183,-2.1834712854248797
2010-12-21,-1.994711085912213,-1.319811128185061
2010-12-22,-1.6872134675078427,-2.388103520642763
2010-12-23,-0.567380699116945,-2.5373145374604373
2010-12-24,-3.177542613960807,-3.79158336786615
2010-12-25,-5.142825467340378,-5.663384439700134
2010-12-26,-7.355427853329543,-2.955267946803894
2010-12-27,-3.3275017026616767,-2.299699431222751
2010-12-28,-2.1898256558763753,-2.591601062271339
2010-12-29,-2.7604148246457885,-3.6707613494650464
2010-12-30,-1.0278419945539592,-1.161822424882943
2010-12-31,-0.5491380228152165,1.4710276037343546
2011-01-01,-4.470828661609147,-0.6447959002425694
2011-01-02,-0.06191646931896966,-3.4938728985704173
2011-01-03,1.5460611137382168,-0.8918636218946137
2011-01-04,-1.1912945543599276,-2.087576281294395
2011-01-05,-2.5659644224552673,-1.621621163373665
2011-01-06,-3.3131584123752926,3.9904263098208945
2011-01-07,-0.5932175489912604,4.855400784953906
2011-01-08,0.7088194777939948,2.705914402720979
2011-01-09,-1.2477354580040927,5.43440021230007
2011-01-10,4.718984147674122,6.100363862473643
2011-01-11,6.651943928827742,5.391012274486644
2011-01-12,-1.2370684920237185,3.17776801771914
2011-01-13,2.3799205497982543,-2.8605757892474157
2011-01-14,4.960720000633175,-2.7028386958561432
2011-01-15,0.864383688937309,-3.0999131681061334
2011-01-16,-3.674543632207329,2.308205109121713
2011-01-17,0.11897441784768861,3.96867184023244
2011-01-18,2.2069642740389,2.4087038747655587
2011-01-19,0.2288303379808894,0.10108687067763725
2011-01-20,-0.8210316817666774,-2.971474853130892
2011-01-21,-0.1610379678013779,-2.2765181992396952
2011-01-22,-0.3922444213606878,1.6023225988429715
2011-01-23,0.08615295877266145,-1.856721727507728
2011-01-24,3.996108662292563,2.8902445986025134
2011-01-25,1.4218737177148153,-1.1590774481219286
2011-01-26,0.1310499988335907,-3.5937193825840645
2011-01-27,2.696545085605068,0.5864262589828404
2011-01-28,5.012785064317524,0.8213920055908545
2011-01-29,5.99363329801048,1.8656019897850789
2011-01-30,5.640760466830709,-6.002080842993055
2011-01-31,4.2549122296069015,2.67768437366889
2011-02-01,2.687726441708204,1.5086118839388996
2011-02-02,4.031553402239689,0.7790786205728781
2011-02-03,2.92070163334008,4.169138279815964
2011-02-04,5.203731510282009,3.8608724934878342
2011-02-05,2.362122800664533,-0.6346589683567762
2011-02-06,3.4210720443203093,-0.1774543283024772
2011-02-07,1.7726524241798125,1.3050178620260375
2011-02-08,-0.11629874210951766,-0.3460305793738586
2011-02-09,4.312805477021584,-6.306688714003145
2011-02-10,0.8976431228373087,-1.5731245367058513
2011-02-11,-3.1433687024286523,-2.9951373478301835
2011-02-12,0.4141132208534473,-5.204085076651382
2011-02-13,-0.9286537677605142,-4.355838996906799
2011-02-14,-1.0980328941272925,-3.2804568524486504
2011-02-15,0.31651576164410555,-2.26529539484041
2011-02-16,-1.3784485167727654,-1.2559016872242534
2011-02-17,-2.855425158313177,-1.6624781338644679
2011-02-18,-0.9603168452383842,-2.0073050534631216
2011-02-19,-0.12231551023252335,-1.530740936266178
2011-02-20,-0.54268011698848,0.07815118498900929
2011-02-21,-2.0043791402805944,-1.0340845017015519
2011-02-22,-2.0331160765442924,-1.5145318259895315
2011-02-23,-2.075359578231131,-0.8150667759843012
2011-02-24,-0.4589961896920335,-0.6165939241981497
2011-02-25,-0.5571909324924367,3.493161669529753
2011-02-26,2.8035050743662753,6.601486612293246
2011-02-27,-0.060159158922901634,3.206268735323796
2011-02-28,0.5689838727687849,2.2106608833613035
2011-03-01,2.8259492021245327,0.35952114700643834
2011-03-02,4.007354672372724,0.070308721974802
2011-03-03,6.706309855009702,1.4045057178686102
2011-03-04,5.93329633124399,1.0747473626937876
2011-03-05,5.631212193831006,-4.853242876415801
2011-03-06,2.154056844215611,-6.637415293835976
2011-03-07,3.9041649666365488,1.6865069693569517
2011-03-08,4.464905941644358,4.4470623905329
2011-03-09,2.8650981787920595,8.29162984611351
2011-03-10,3.2315189864125236,8.910592962332933
2011-03-11,2.5063353352544406,6.693555234233863
2011-03-12,4.075549357096228,3.0475684838408466
2011-03-13,0.7859221049313687,2.5926149250372434
2011-03-14,0.2577071868447526,-1.9886665867889266
2011-03-15,-0.06646350371617099,-5.236933264295856
2011-03-16,-1.6386231854721698,-0.4118908029109636
2011-03-17,-4.313882538983959,1.6659028582104192
2011-03-18,-4.922126932184577,3.380251277192148
2011-03-19,-1.4790717721559943,1.7374407784669952
2011-03-20,2.629977809393504,-2.0022429973927633
2011-03-21,2.48370880629217,4.612172020949795
2011-03-22,4.467122734296884,2.0297773069764475
2011-03-23,7.631433749103105,-2.311517813699345
2011-03-24,7.917520305903779,-4.835609136060599
2011-03-25,4.836922402222823,-3.2120328410685866
2011-03-26,5.465326659103075,-2.234801659928366
2011-03-27,5.4952324701757504,3.100854338177333
2011-03-28,5.91859856587106,0.2303496733590313
2011-03-29,2.1912738402193424,2.0633900698775007
2011-03-30,1.5896040221490004,-3.6796841149916446
2011-03-31,1.6674598789532917,1.513424582663071
2011-04-01,-3.9262175780051543,1.6949001896885372
2011-04-02,0.9284025757313287,2.241481160517822
2011-04-03,2.652306338005067,5.945825066232607
2011-04-04,2.252188863428988,5.159969705359065
2011-04-05,2.1970186752091503,3.4520117572007263
2011-04-06,1.549641140374112,3.2425644345292053
2011-04-07,-1.3372008393506865,0.8926264351137516
2011-04-08,0.8413290366212275,-3.9510428766522856
2011-04-09,2.1818912944533846,-6.589345419725814
2011-04-10,2.068183811542217,-6.769972891396131
2011-04-11,1.9017469615152227,-1.3376795793253058
2011-04-12,-0.28946611450335996,0.8217364469028813
2011-04-13,-0.1594349137843778,-0.45966847225170987
2011-04-14,0.1506890952185004,0.10025632676853018
2011-04-15,3.828633342494123,0.954636953999419
2011-04-16,2.3563444720287245,2.16054640410562
2011-04-17,5.526532007014138,1.0012328255383316
2011-04-18,5.034418990799049,-5.952618330414262
2011-04-19,2.527779457863909,-4.815926387526231
2011-04-20,2.0575717562026883,2.0132320920936535
2011-04-21,1.8341638391682833,0.8821776342714328
2011-04-22,0.7857223302158474,-0.12813683847461416
2011-04-23,2.3996214282026824,0.46101541555944353
2011-04-24,2.7226691923969906,0.13843792003202
2011-04-25,3.4255846813929214,-0.07473306446310783
2011-04-26,2.8563087192979637,2.3238611689937914
2011-04-27,-0.7216428431034859,-4.132992580145773
2011-04-28,-0.23260820117655656,-1.855167228987565
2011-04-29,0.11122796187887846,1.1077399137016988
2011-04-30,-1.1973724778365902,-1.5260169288683938
2011-05-01,-2.606201964442812,-4.7007010157401945
2011-05-02,-0.841257757602881,-1.4747602332098895
2011-05-03,-2.6349188992542305,-0.22894533797744515
2011-05-04,-1.492324758793293,-0.3558483554083879
2011-05-05,1.699660247278141,0.3081345913959536
2011-05-06,2.9058964228862214,-0.7173258802608359
2011-05-07,0.9048451544926336,-1.9973297166298765
2011-05-08,-0.7191675033296926,0.11990307134885052
2011-05-09,1.1374650852905566,1.7680585062393603
2011-05-10,1.144436935931437,-2.340299710682839
2011-05-11,-0.6638455486736979,1.5126392271675912
2011-05-12,-0.8126337093355114,1.7923942854602364
2011-05-13,-7.13102847840733,0.42790554920325746
2011-05-14,-7.290827966438981,0.4896463109415497
2011-05-15,-3.5287441104459676,3.18214889825925
2011-05-16,-0.5692650840352479,3.2037815322547107
2011-05-17,3.093236866222839,5.098608374821121
2011-05-18,6.535418105745152,1.403145914192476
2011-05-19,2.521089155461654,4.793624979662613
2011-05-20,4.073080702774472,2.4044625284851437
2011-05-21,3.7175987374845607,2.9200361459640494
2011-05-22,2.968633287863867,2.8894910816081905
2011-05-23,0.24109730462630005,3.104892984633872
2011-05-24,3.2090867789880586,5.707994376361699
2011-05-25,4.143174257962359,4.696582438432452
2011-05-26,5.918407963228363,-1.5730313987669486
2011-05-27,-2.61132817562568,1.9568659784896922
2011-05-28,2.7322270344289983,4.562614315537791
2011-05-29,1.8762754014337386,4.725036634227075
2011-05-30,4.653696709116089,4.404668450734323
2011-05-31,-1.9027838473621337,2.802387338021771
2011-06-01,0.62449604689358,4.392667209993596
2011-06-02,4.119026761372217,0.5001818952507893
2011-06-03,5.726189125707017,-3.563988552892699
2011-06-04,3.996881368421353,-0.3680015391842101
2011-06-05,-0.19974525007624575,-1.6315312508777893
2011-06-06,-4.695375861610682,1.40607976577636
2011-06-07,-4.469413648278263,2.5429024350913734
2011-06-08,-4.676554226923978,1.8702800189351092
2011-06-09,-4.295909392177261,0.7662895119872951
2011-06-10,-2.4326905361059064,-0.7587583645344751
2011-06-11,-2.163493818319569,0.797205683174333
2011-06-12,-0.34841066871439763,1.6132983751219412
2011-06-13,-3.4363424700850227,1.1840260761404446
2011-06-14,-2.4655796140033623,1.4803993189599525
2011-06-15,-1.4762631516218963,0.8187221254260252
2011-06-16,0.5728473410350429,-1.2375244327778998
2011-06-17,0.01826274388817493,2.066526554202936
2011-06-18,1.6503053934516554,0.16654704400564052
2011-06-19,-0.7848460833071017,1.6252357283231906
2011-06-20,1.3961385665414399,2.3167095902870405
2011-06-21,4.203830692841628,3.5118872947751223
2011-06-22,5.063023389181364,5.139449196523634
2011-06-23,-0.9870808655755033,4.770353829572571
2011-06-24,3.0703275811966626,4.663986589539178
2011-06-25,1.740351706893065,1.3157622950721914
2011-06-26,3.3525685435905666,-1.2199892895647642
2011-06-27,3.2951322716080282,-2.81445720762021
2011-06-28,0.8441725736617215,-1.6299192410244872
2011-06-29,-2.3964372451309197,1.8768745462191416
2011-06-30,-3.3280393518008617,1.1827223076533087
2011-07-01,-3.6665358153873107,1.7754425805355252
2011-07-02,-3.2838637067052443,-0.4203677986563951
2011-07-03,-0.8747969118016884,1.2845199948029564
2011-07-04,-3.4890212620987855,-2.601120258547024
2011-07-05,-2.4154715159399767,-2.0386669364802175
2011-07-06,-1.8340461884495534,-1.1026955244588026
2011-07-07,-1.5303941533074028,0.3272896752930179
2011-07-08,-2.117201803672915,1.5412816986265132
2011-07-09,-0.48784395550595133,1.101040642702044
2011-07-10,2.7987772795478607,0.9141326080404375
2011-07-11,0.8091154734771341,2.955400179250286
2011-07-12,3.191885569569449,-0.5908192867992461
2011-07-13,4.3398622074404685,-0.5656003703247772
2011-07-14,1.7543149662036848,-0.2342869781470404
2011-07-15,-2.177475950645305,-0.6255804981189265
2011-07-16,2.1034834894457894,3.7265375981660447
2011-07-17,1.5191081326471922,2.491224183090797
2011-07-18,-3.546276224282505,3.267434112607265
2011-07-19,0.021891825958214352,2.5459324501637317
2011-07-20,-0.8094310145443037,0.44258830243833464
2011-07-21,-3.6054609279859586,0.8726007743078358
2011-07-22,-4.267948728287731,0.5568211119031257
2011-07-23,-4.806825031812618,1.3145773937083296
2011-07-24,1.601768949322113,3.457699316116235
2011-07-25,-2.584080007386096,2.2368590071140715
2011-07-26,-1.2943195637665303,1.2176710600495406
2011-07-27,-0.6180060831227802,0.7522597260251707
2011-07-28,-0.5377403371256666,-2.402402791374416
2011-07-29,-2.7003469559436324,-2.0051514354433975
2011-07-30,-3.7790007262550764,-3.6284270980392135
2011-07-31,-2.2836648859597846,-2.302033567095586
2011-08-01,-2.1044483018768627,-3.4916838110741155
2011-08-02,-1.243549369175485,-2.2080680259398964
2011-08-03,0.5245890340268048,-0.03157752271881239
2011-08-04,2.938104284017396,0.5019410891784292
2011-08-05,3.4145306002273084,1.5649545427211113
2011-08-06,1.415153327930293,3.698898472052289
2011-08-07,2.3779526153746926,3.164329351611047
2011-08-08,4.165613169094916,3.7160524798499086
2011-08-09,1.4916301052359247,2.6894904212433834
2011-08-10,1.898328180823839,0.4393663556091896
2011-08-11,-0.42307108998248816,-0.5866707942157373
2011-08-12,-1.3695532940135102,0.6351256718852422
2011-08-13,-1.922616666621563,-1.452983775364427
2011-08-14,-3.786518403006643,-1.454051762494028
2011-08-15,-4.592420578005873,-0.7265348094988031
2011-08-16,-4.182103888388605,0.013084944772220377
2011-08-17,2.57718838414342,-2.023763405949158
2011-08-18,3.553206859500892,-0.2975549606604115
2011-08-19,0.7773523353652817,0.5370428608790511
2011-08-20,-5.7939157149641884,-2.4065690520064082
2011-08-21,-1.2160048908435481,0.5702316309395029
2011-08-22,-1.7712967093363787,1.078154656162314
2011-08-23,-0.45143915523002714,-1.6013470122563882
2011-08-24,-0.12254274793911886,-0.17440779430822542
2011-08-25,-0.6542271339122981,1.581201820656734
2011-08-26,-1.395502605313504,2.1953278478019436
2011-08-27,-1.1763662059345164,3.13789813790337
2011-08-28,0.5881081188603202,3.6172742326761242
2011-08-29,1.864962337991679,3.524433491778235
2011-08-30,1.1491149865596226,2.0283673295766533
2011-08-31,0.43077085796664655,1.848784488156103
2011-09-01,2.188869497862498,-0.6326011276983138
2011-09-02,0.9113309262106958,-0.7625715109041091
2011-09-03,0.41912569705572156,-3.384009591941628
2011-09-04,-1.0878365558472882,0.7347448427067371
2011-09-05,-1.886136146086935,2.8598504206501683
2011-09-06,-1.189057297706145,4.447346875441075
2011-09-07,-1.2951042174646425,5.287993191174866
2011-09-08,-1.4286414726436285,2.912113952771154
2011-09-09,-0.41545488216121673,-1.2440275767587738
2011-09-10,2.260914073894012,-1.0408308706196963
2011-09-11,2.692029092902458,-1.1616492816379358
2011-09-12,-2.1094399158505035,3.572699360038948
2011-09-13,2.7964337181162437,4.833331454958976
2011-09-14,7.389354803725638,5.366206908520234
2011-09-15,6.396997199336739,2.5256301042094043
2011-09-16,3.059206755454291,-2.8276233292710597
2011-09-17,2.5043979042864253,-1.515511519530676
2011-09-18,-0.38494509125838444,0.33701116205503345
2011-09-19,-5.7533592408052305,1.6526017948739828
2011-09-20,2.308765737095816,2.611308287501741
2011-09-21,1.9153453932994324,3.614007009171951
2011-09-22,2.9178490763837175,3.2548120793122997
2011-09-23,4.989026008482407,2.2453847395685593
2011-09-24,4.824111125731668,-2.0809887194435057
2011-09-25,1.9269545380152548,-0.6486507832929513
2011-09-26,-1.3786355316072239,1.2224235622713995
2011-09-27,4.205139471585621,0.4230433225213995
2011-09-28,4.230382959538886,0.34105403982455634
2011-09-29,3.6745162275520538,-1.1286416986595251
2011-09-30,5.296983706489745,-2.068959696367395
2011-10-01,1.3432071335679565,-4.52997326933857
2011-10-02,0.9216048865232273,2.3211222928326114
2011-10-03,-1.5812808318990792,-1.3444855159186888
2011-10-04,1.4956171257534596,1.9068338931231412
2011-10-05,5.409241697336551,1.7609172645237394
2011-10-06,3.6668798029376792,5.717953069732603
2011-10-07,6.868607852790925,6.081538686752441
2011-10-08,0.5673427998803926,0.01414121833994293
2011-10-09,0.2607607897399993,-0.9567431560039338
2011-10-10,0.7677619289686652,6.4077677064056635
2011-10-11,3.080042015404179,0.12316594472630153
2011-10-12,3.0488185048542698,-0.7628890029224854
2011-10-13,1.5436946962490161,-6.284300724440743
2011-10-14,0.9423169253598751,-4.980012628991688
2011-10-15,1.14314028313518,1.3493015740152994
2011-10-16,3.6771894279261037,2.137525350627624
2011-10-17,3.699539629082465,3.2813878300784887
2011-10-18,0.6812029232564895,7.11335424874892
2011-10-19,2.237829920505714,7.473975751745048
2011-10-20,3.2833223265558242,3.41773430881304
2011-10-21,3.747203492565249,0.9811828438557219
2011-10-22,4.487656950296535,2.4370909521234583
2011-10-23,1.6280773563116209,0.4221279493513349
2011-10-24,3.4153520794755408,2.070328301892805
2011-10-25,3.082527956442265,0.36464097605691403
2011-10-26,1.0034683810681686,-0.7686670411242816
2011-10-27,-2.0714111294117794,2.444195318800715
2011-10-28,-0.2536284478586002,3.021258051450361
2011-10-29,4.0827847820166845,1.892534478253136
2011-10-30,4.658786765136976,3.959798819130868
2011-10-31,5.267263062609669,-0.6455735066440125
2011-11-01,3.1424968071928876,1.9383006767710786
2011-11-02,5.0255380616370395,3.1303247274231074
2011-11-03,1.8761866271396308,0.6016164209077965
2011-11-04,-2.018130174267911,0.8501763031106951
2011-11-05,-4.504690494768293,3.88649744757146
2011-11-06,-1.264379508954716,4.771140982868254
2011-11-07,2.241135545355926,2.272941881776633
2011-11-08,4.108615692050827,-2.3055811289289645
2011-11-09,0.37783564176920625,-2.077451348057113
2011-11-10,1.392294170449049,-0.27827791658851464
2011-11-11,1.2811599526178368,-1.3574801450429195
2011-11-12,-1.291517732000709,-0.5189629791642527
2011-11-13,3.33803687690933,2.618028717752055
2011-11-14,4.525226072086621,-2.4244986578706387
2011-11-15,2.2666258000443387,-2.8887557334968053
2011-11-16,4.901346239239545,-0.6562088671727115
2011-11-17,4.28264311595809,-1.0059829345881213
2011-11-18,2.72509650854303,0.9676789089786091
2011-11-19,2.8076137023708596,-2.9910745040636653
2011-11-20,-1.5433973738692457,-1.5854630065016875
2011-11-21,0.50258277363771,1.4759386311259863
2011-11-22,-1.1850103065617072,-1.7288821526441869
2011-11-23,0.9167762566945823,2.5988929718864706
2011-11-24,6.055329823474557,4.213365673013897
2011-11-25,4.31474547546025,5.25748349954426
2011-11-26,5.593711485057543,3.1605638761550696
2011-11-27,4.728473643563385,4.063829317909336
2011-11-28,8.206091552688768,-4.5273199101571935
2011-11-29,1.3444433767112804,0.7777767634205981
2011-11-30,2.462599162906002,5.820954020804541
2011-12-01,2.7386483599517812,4.6474054749991
2011-12-02,3.402958616282915,6.327235618734282
2011-12-03,2.5449749064859364,3.73430875617883
2011-12-04,1.5413121923697897,6.84839997997658
2011-12-05,2.0611320483817126,3.832575806893635
2011-12-06,3.09769480296394,3.1554749799207347
2011-12-07,0.1550052892686521,3.5198465714221117
2011-12-08,0.26162034326123956,5.510091899830651
2011-12-09,-3.6130147479413663,7.791721309803666
2011-12-10,0.12323541472775966,7.620314523477368
2011-12-11,4.992446440637719,1.3675056629864542
2011-12-12,1.0198509600066346,3.230578531329628
2011-12-13,1.190437072025235,6.084549013499168
2011-12-14,1.0658157279881337,7.361886514009083
2011-12-15,1.0846732976547766,5.092977716181092
2011-12-16,0.4427046023187895,4.612607998004305
2011-12-17,-4.917472025794007,0.1142200758243363
2011-12-18,-5.221172311878453,4.13179944680327
2011-12-19,0.405548333853878,6.7634753635166796
2011-12-20,3.005658620420245,3.7876972341419135
2011-12-21,0.7267296894991976,2.290776585639819
2011-12-22,0.24165214835784915,-0.014482831641215917
2011-12-23,1.5107657799783512,5.874855694817249
2011-12-24,2.9314746565826866,4.025435934081088
2011-12-25,3.767606124765056,3.4014639177262223
2011-12-26,10.467676941275467,0.39820811834073305
2011-12-27,9.00439255287068,-0.2798749659103245
2011-12-28,5.244604650420775,0.23786028970541195
2011-12-29,4.1172292978006535,7.653809699946064
2011-12-30,4.96644743828314,3.4485003379080093
2011-12-31,3.1371220249096616,-0.04715753553757156
2012-01-01,-0.23276711830377023,-0.3904267227462689
2012-01-02,-5.741787769314201,6.096934996082215
2012-01-03,1.1904291644022433,3.611804563495434
2012-01-04,-1.9376217730346732,7.790703745739975
2012-01-05,3.206751126840079,4.650943050513429
2012-01-06,1.5290703783271962,-2.455358526062568
2012-01-07,1.556839327403693,-0.3649756119541948
2012-01-08,-0.8458396950978458,-2.16249962769398
2012-01-09,-0.5417523037684508,-2.924554029363064
2012-01-10,1.0695843230861464,-0.9563373214805739
2012-01-11,2.008174975291961,0.7487150331465121
2012-01-12,2.16680912389345,3.102129604165702
2012-01-13,4.542376798939366,-4.510588522772078
2012-01-14,0.44560974151773475,-8.166954204944062
2012-01-15,-0.03282203908452967,-4.38211242995051
2012-01-16,0.1296835686577309,-2.0358982671493444
2012-01-17,-0.4247795355963889,-0.4650295515298967
2012-01-18,-1.715581163453537,-0.8467793473637831
2012-01-19,-2.649844873164141,4.442071745693882
2012-01-20,-4.1012803789359795,2.7152097962397646
2012-01-21,-3.885733728429355,2.5494498518310174
2012-01-22,-3.6844565876586164,-0.7178805747416938
2012-01-23,-3.9787440556502593,-1.1315403592906084
2012-01-24,-3.001072031020536,-2.08946655886417
2012-01-25,-4.335754889791121,-2.641754556551413
2012-01-26,-3.6160890081654964,0.72348000935947
2012-01-27,-4.2962535878397015,2.4274077784969257
2012-01-28,-3.9476545557242315,2.010728376864597
2012-01-29,-2.9475477661488525,-1.8792175051315305
2012-01-30,-2.025352357421925,-1.521649744476262
2012-01-31,-2.763050529832138,-2.4854123627293845
2012-02-01,-3.185902433968137,-3.109680377222387
2012-02-02,-4.510361931599563,-4.401491981898289
2012-02-03,-3.8801819591588638,-2.4696352588204897
2012-02-04,-1.8370125009189466,-1.5287098526201897
2012-02-05,-1.1441009394080996,1.265452758006443
2012-02-06,1.3926589899788964,5.013196845709228
2012-02-07,2.224207495750628,0.6476037537928262
2012-02-08,-1.5403772993700755,-2.8655867808882225
2012-02-09,-1.541309212355142,-2.878675571910934
2012-02-10,0.23704490618217508,-1.2046224263436958
2012-02-11,-0.663110931620527,3.053435074967734
2012-02-12,-0.597292255612131,4.387837263147602
2012-02-13,-3.4347806892971344,-0.46090206795740846
2012-02-14,-1.3047833309894044,4.783607498445753
2012-02-15,-0.6683774140499879,3.794185013542882
2012-02-16,0.5409722258733912,2.9951008518170017
2012-02-17,0.5506011305288038,6.262453612653074
2012-02-18,-1.1584282639610028,4.55126346096553
2012-02-19,-2.527935250992613,7.1876251170509695
2012-02-20,3.812969884861345,3.0886552256948767
2012-02-21,4.346730617168149,4.130366558973768
2012-02-22,3.225748117541795,2.4918575869910664
2012-02-23,0.8702848502310953,-0.15026609456839107
2012-02-24,-0.3989027348220004,-0.8968975791725713
2012-02-25,-1.8688022464972498,-0.7187317627087805
2012-02-26,1.4351218916457122,-6.234750137983571
2012-02-27,0.4287745414755282,-3.223926439758116
2012-02-28,-0.12876758171707267,4.498272792017716
2012-02-29,2.1053474825811285,0.021963274996801375
2012-03-01,1.7092353374591562,1.468495158567229
2012-03-02,3.5569403653541807,-5.085603776183262
2012-03-03,0.7760084487849469,-6.901844827240605
2012-03-04,-0.029537737487123558,-4.455830373250374
2012-03-05,-1.305987275059543,-4.524351923481534
2012-03-06,-1.1491499458203156,-2.5410457768034616
2012-03-07,-0.5276791922019415,0.782823028388376
2012-03-08,-1.793331807260483,2.668017794956187
2012-03-09,0.5615024631456154,5.4089098696742335
2012-03-10,1.4581037587383816,4.015738266149569
2012-03-11,2.602618588293758,-2.893533887042891
2012-03-12,7.298502985640232,-3.750161051048211
2012-03-13,5.802839292442887,-5.462069809157748
2012-03-14,4.074529500046102,-6.418133957753769
2012-03-15,1.8922223575653647,-0.01558385688794049
2012-03-16,3.1110746967779774,2.8777266235000094
2012-03-17,3.501596042628951,2.991783141498405
2012-03-18,0.8219837161083133,0.493615254038085
2012-03-19,1.11413346475662,1.7161279855742186
2012-03-20,5.091819423587256,-4.06312240587231
2012-03-21,1.3239915840689123,0.21507571235923265
2012-03-22,4.219218595002748,-0.46913667796612984
2012-03-23,2.7704401801635026,-4.529109135582417
2012-03-24,2.316431793401915,0.15465283367824761
2012-03-25,-0.9646657836258639,-3.984332387514435
2012-03-26,3.7798526110439665,-1.0206727061514105
2012-03-27,2.3864073784900994,-4.690638377827401
2012-03-28,4.246807375081114,-0.9281643694379971
2012-03-29,1.8371432826108651,-3.1693916973471854
2012-03-30,-0.5669463006120607,0.3051525058722846
2012-03-31,-3.085164519616861,-2.7243059977314092
2012-04-01,1.1985709912954048,0.7664738457185467
2012-04-02,-1.9325152477036007,2.1600481767237847
2012-04-03,1.4771866774461497,-3.3405121629881553
2012-04-04,3.300302043207658,0.37600228242739636
2012-04-05,4.234879866251699,3.265448874730816
2012-04-06,2.396745990608662,1.6897017077396028
2012-04-07,-3.0212540500121645,-2.973257584530261
2012-04-08,-0.31889887467788747,-3.62293007682334
2012-04-09,0.5262681835206512,2.8339246440925163
2012-04-10,-1.7595180168629125,5.4547150161398195
2012-04-11,-3.2924434628989188,5.032499283342641
2012-04-12,-3.198378835294938,2.6782680804009704
2012-04-13,-2.8406766907589844,-1.140575323930131
2012-04-14,-0.27995621685615574,4.600312359161785
2012-04-15,5.222199129513208,0.46538473990024476
2012-04-16,-3.861804148888873,-3.6042464219932118
2012-04-17,2.595020591483788,-1.3548523385539837
2012-04-18,5.528389654690902,2.7678081252745756
2012-04-19,-2.3956503651493892,0.5098857378766182
2012-04-20,-6.595829656660197,-2.0083515436158863
2012-04-21,2.3905631368357034,3.4480102529759504
2012-04-22,-3.4775890357640993,0.3751276761086369
2012-04-23,-3.220037001824751,0.5359543456382311
2012-04-24,2.2341551907321144,-0.07071896351429036
2012-04-25,-1.204633264212468,1.0424955314908928
2012-04-26,-1.7687052767485212,2.7471181401352216
2012-04-27,3.4664950655498776,5.36938166623142
2012-04-28,4.995839735586037,3.4867507522890118
2012-04-29,1.3886667867892668,-2.431949187675947
2012-04-30,-0.14204860503334638,1.0093735011437555
2012-05-01,2.7271977333494095,-4.59109984607512
2012-05-02,4.40353810113734,0.41141063772124153
2012-05-03,4.786379585402434,-2.835653585525075
2012-05-04,-3.086287596571648,0.9347344189124336
2012-05-05,-0.41222028412028344,4.085053751753198
2012-05-06,3.162714065211256,2.0069251134984682
2012-05-07,1.8678511720807238,-1.1143775152556659
2012-05-08,2.3841285883874117,1.0362463869717848
2012-05-09,-1.4927506011338894,2.919699312945092
2012-05-10,1.987455056163727,4.365713631465866
2012-05-11,2.6894596131537116,5.141214007090692
2012-05-12,5.08502029037536,1.283636143859876
2012-05-13,1.6955555484657945,-0.5712247926784636
2012-05-14,2.817819328194278,5.340593985425165
2012-05-15,0.6198007178102705,3.9015143192641797
2012-05-16,-4.42542255811619,-0.3904375018442244
2012-05-17,-0.9733952572988305,1.9404335624462405
2012-05-18,5.823965176782762,4.612777052563685
2012-05-19,1.6189525231560484,4.112145616850646
2012-05-20,0.04072706600101113,2.7859189292562783
2012-05-21,-1.3206216812642648,1.4025014172894879
2012-05-22,-2.706879679452094,-3.637179325168722
2012-05-23,-1.7266544527070118,0.284827259755016
2012-05-24,0.6102635012946284,2.603170380855287
2012-05-25,1.023719177140242,2.5384325278882867
2012-05-26,1.2168724905806991,-4.024932765135649
2012-05-27,0.35185394276303894,-1.4581709960757114
2012-05-28,2.8985111483042227,1.5734091463095656
2012-05-29,0.7846019650197086,-1.7627144700523667
2012-05-30,0.04926283551982073,-2.0606776384008194
2012-05-31,2.682845394417653,-1.6075493139506016
2012-06-01,-2.8992389739049504,3.3856911800480565
2012-06-02,-5.0706322173945395,2.638364336628442
2012-06-03,-1.41871674456503,5.781732016042459
2012-06-04,1.0489609636310484,3.550501192211537
2012-06-05,2.149784130437654,3.1734144197585334
2012-06-06,1.0888138776590988,3.021556263366471
2012-06-07,2.44243688540439,1.898409312855406
2012-06-08,1.1469175304427064,1.5192518756048452
2012-06-09,0.05830338250770941,2.285370887512187
2012-06-10,3.2957524649450596,3.040229419407032
2012-06-11,-0.6290895059706616,1.4169653906373214
2012-06-12,1.4711386943477565,-2.7015897576792685
2012-06-13,2.713796901307815,1.1732727166355803
2012-06-14,2.7340120781095587,2.577827088021903
2012-06-15,1.753172686743343,0.24870643193677242
2012-06-16,2.218735527019426,0.08149559112545345
2012-06-17,0.6033925092765129,1.5779844814012756
2012-06-18,6.539413484535178,2.045647027669304
2012-06-19,1.250773738132506,1.3025863693976825
2012-06-20,6.620730027101011,-1.033622690898092
2012-06-21,4.15632399177329,-1.9390979270430897
2012-06-22,-1.0875006385452073,-0.9663319903707596
2012-06-23,-4.223634331306762,-1.3627671159210826
2012-06-24,1.49326379189411,-4.488538389315929
2012-06-25,-1.7571264085168898,1.394620370064329
2012-06-26,-1.759160928221334,1.9337085340296023
2012-06-27,3.56745139325954,-2.093579946612683
2012-06-28,2.1681582718715013,-1.7483234297512709
2012-06-29,1.0359092039288016,1.119950973138651
2012-06-30,-3.3651853390887605,4.076127299095589
2012-07-01,1.4736622791288458,2.6842407804473254
2012-07-02,3.3526889766815358,2.9173346458194307
2012-07-03,3.5743701346519376,2.5008742113477838
2012-07-04,-0.9062979172969425,1.080858855780086
2012-07-05,-3.310501442233175,1.2930625337817463
2012-07-06,-4.812103401114808,0.6115885047126034
2012-07-07,-4.169323976838778,1.500444851776699
2012-07-08,-1.9719786881187262,2.100841577587676
2012-07-09,3.785509911295533,4.064063183216119
2012-07-10,3.4755394334527216,4.569240648388486
2012-07-11,2.8944785319008046,4.9561517607478525
2012-07-12,-1.7201015633263312,2.3989682093288867
2012-07-13,2.5834129756623407,2.3221224766603354
2012-07-14,0.8840082326999118,4.6609197844698285
2012-07-15,-3.172655919114927,0.3736894058183318
2012-07-16,4.254204994761525,1.524081765642385
2012-07-17,3.8642836651177928,1.215341269206234
2012-07-18,3.385186115951783,-0.43900590059602834
2012-07-19,5.5411432730409915,-1.0110346241224235
2012-07-20,1.8184082695686266,-2.236798112435217
2012-07-21,2.94095220556172,-0.7740591884078004
2012-07-22,3.6066135142902596,0.29493931536618806
2012-07-23,4.073255930871945,3.9900091898652525
2012-07-24,3.7421203165556616,3.011205473139654
2012-07-25,2.630010572854926,2.963182013328841
2012-07-26,0.695615833741646,-0.20475644057245151
2012-07-27,0.7982912191087851,0.41515414308513565
2012-07-28,-2.309362628048832,1.9596909705514174
2012-07-29,-1.5125363095362052,2.0072058456388957
2012-07-30,0.6855460884893522,3.725398119433573
2012-07-31,3.528579754072622,3.778032686624007
2012-08-01,2.7814006652499543,2.7563780335640247
2012-08-02,3.6213932323902105,3.8897971861194334
2012-08-03,-0.6491127679609809,2.544805950405754
2012-08-04,2.8526578936966813,2.000501555642678
2012-08-05,3.7456867498494866,3.0612107410167124
2012-08-06,-0.5452648673721402,2.941292345482987
2012-08-07,2.8939237970813663,4.267784635860197
2012-08-08,4.607036595626915,-1.452017513518398
2012-08-09,-0.6520595849059143,-2.545316690914305
2012-08-10,-1.6445029904424524,-3.1982987994372847
2012-08-11,-0.6606110874529418,-2.5683794322830336
2012-08-12,-0.19567501626198375,1.9061979721236293
2012-08-13,-1.4795278699838166,1.0452437168601616
2012-08-14,-3.8011269841352355,-2.603404389327555
2012-08-15,-2.3545052400307007,-1.1852981362989239
2012-08-16,-0.9202012667642843,-0.8974292857322792
2012-08-17,0.36145851271862617,-0.7893596261972893
2012-08-18,2.5753581773139396,-0.1234734755087674
2012-08-19,1.8878744627078416,0.3593222263192268
2012-08-20,-2.9446545796627945,-3.960829688766938
2012-08-21,-0.9784686951360299,2.511319094353896
2012-08-22,0.7316194438836802,4.194642025394082
2012-08-23,2.872142927840377,-0.6437625711704492
2012-08-24,1.5666187079680922,-0.22369592658058124
2012-08-25,0.5250238329783156,0.24277314065179015
2012-08-26,-0.9723827920260752,2.0890157567862744
2012-08-27,-1.3709516544033444,0.937225552809114
2012-08-28,3.2887625485104968,-3.594764496038472
2012-08-29,2.3080495936967313,-1.3326993211779523
2012-08-30,-1.285635909130911,0.3892239968796505
2012-08-31,-3.8188352341149483,1.7668603626605697
2012-09-01,-4.915020906898201,2.346662150279835
2012-09-02,3.763822319858733,2.397295374396226
2012-09-03,3.5430859985494987,1.4743734147887189
2012-09-04,2.984444597838729,0.8218924104226049
2012-09-05,5.2843844297984335,3.1713834770869243
2012-09-06,5.044398631909259,-0.9718118071236874
2012-09-07,3.5985184394797183,0.37979236196687005
2012-09-08,4.941660148450265,-1.1948594552576703
2012-09-09,4.638735717981142,-2.93786953567007
2012-09-10,0.5284289890069316,2.4970521468799785
2012-09-11,0.8018822595210584,3.849771514745111
2012-09-12,0.936517797274606,2.372846430250274
2012-09-13,2.1104972307768906,2.396686541881304
2012-09-14,2.0651239917656814,6.036134530376166
2012-09-15,3.8153288634569646,3.7793431307466268
2012-09-16,3.5329872629886268,2.9972146407290583
2012-09-17,3.408445191677001,6.391270544639874
2012-09-18,1.3172334629505593,3.9608610374495723
2012-09-19,1.787231730454657,3.7971231246560926
2012-09-20,3.2054187806101146,3.7185200891881354
2012-09-21,1.52857744348158,2.782248847452202
2012-09-22,-2.356967196624195,1.973153385730332
2012-09-23,-2.9048930039372154,-5.26821291956528
2012-09-24,0.2759811131958248,-6.714723734570121
2012-09-25,-1.1317940712842964,-3.1938659343274507
2012-09-26,-3.733987690083973,0.3044257309805628
2012-09-27,-1.6386948389027192,3.6808173684292753
2012-09-28,3.3602859870471864,1.4356846906935494
2012-09-29,2.4285678718546513,1.6812848912466396
2012-09-30,2.132057476785577,1.8172367495884112
2012-10-01,2.240664390468503,2.888074711668866
2012-10-02,1.6518973219776527,4.6522579484365405
2012-10-03,0.6927500962078655,3.4829361899559723
2012-10-04,-1.3422813536829683,4.299098510580013
2012-10-05,-0.8647087823129388,4.308743143026506
2012-10-06,3.788108637317965,3.911378939825084
2012-10-07,3.8437364288194766,3.7761090642922683
2012-10-08,0.19838759034886502,0.6509325841312875
2012-10-09,-0.5274002885595355,-0.40240395232106296
2012-10-10,-0.8158884662059988,-2.2858432915556453
2012-10-11,1.0107307367898517,-3.3184257868854607
2012-10-12,0.6438533859280634,-2.0725151073029977
2012-10-13,0.00696310910558892,-0.012819244156912303
2012-10-14,-3.3840990118571557,-1.1746825988289564
2012-10-15,-4.937432388108572,-2.3394660404566827
2012-10-16,1.943873124287807,6.1796275782699395
2012-10-17,0.6007121682822849,0.21247823874498248
2012-10-18,2.29003105918038,3.9958226151127456
2012-10-19,4.126569215764789,4.346748184032644
2012-10-20,-0.19691760337778483,-0.5551458233510631
2012-10-21,-3.0689766914086802,-2.6374890709977614
2012-10-22,-1.3320119520642104,-2.357508588463606
2012-10-23,0.6220243829161655,-1.171826834582702
2012-10-24,4.689802863886228,1.1145033715218198
2012-10-25,1.1419204504978684,-1.2107454328065292
2012-10-26,3.2017018984984276,-2.1543933290158774
2012-10-27,1.2413125907163638,-0.30412654121255583
2012-10-28,1.3715260242714917,-1.384033548531328
2012-10-29,1.0596117125025128,2.4855953029479307
2012-10-30,-1.9736058939108392,5.772822405027853
2012-10-31,0.2626578139572229,0.5841733364794829
2012-11-01,0.29875813710070354,5.445254728209977
2012-11-02,-3.8276532014946456,5.504322279691192
2012-11-03,0.8451379767566586,0.5868842737141595
2012-11-04,-0.6552608214671433,-1.210393328966326
2012-11-05,-2.99425871968801,-0.8994314555481114
2012-11-06,2.376128743973471,-5.312141410380828
2012-11-07,6.682409040396718,0.38717372374006465
2012-11-08,4.311112145540612,-0.31333261388273126
2012-11-09,2.6418049773855103,-1.0592388634554244
2012-11-10,-0.98271979552275,4.573653852892291
2012-11-11,-1.0542928606131559,5.792783948469188
2012-11-12,6.591620351731515,3.9884289878875525
2012-11-13,4.284387898888987,-0.5371498852928707
2012-11-14,4.923388941816391,2.197084008001397
2012-11-15,4.487499864070829,-0.6567761781854979
2012-11-16,3.383718575138308,1.1009905568097687
2012-11-17,2.6777328492650767,3.2962124553356826
2012-11-18,1.7943755573967157,5.850837339264317
2012-11-19,4.260070674993644,2.6621318478678426
2012-11-20,4.20705113047861,4.286063361361435
2012-11-21,3.8387218170049455,4.704702328561041
2012-11-22,1.4064092478996666,5.5401408323340045
2012-11-23,2.120023285071499,3.3753874722194275
2012-11-24,0.28411203095223314,2.1888300862175245
2012-11-25,0.5601759551962229,1.6023383546749848
2012-11-26,-0.3353285623575492,-1.0928226739502116
2012-11-27,-3.026067448458876,-1.9939467341347596
2012-11-28,-6.816484160841926,-3.4801722618938498
2012-11-29,-8.022736358127748,-4.8716950054935175
2012-11-30,-9.448616204658222,-5.931760251313376
2012-12-01,-4.036290590769874,-4.540491773301038
2012-12-02,1.2927465184465619,-1.448460908449028
2012-12-03,-1.3655447865188943,-2.21433032232913
2012-12-04,-0.742399598299449,-3.877302135015496
2012-12-05,-2.585706965863471,-2.365227355182064
2012-12-06,-5.3364318289810315,-2.2797977369084843
2012-12-07,-3.6283463810976015,-3.543037594758933
2012-12-08,-2.4330364664425264,-0.06277618919250173
2012-12-09,-1.449744563378993,1.1174796150085256
2012-12-10,-3.031094737999398,-1.0658137601306452
2012-12-11,-4.831711391895752,-4.219360853085105
2012-12-12,-1.2086640233517116,2.972511713967036
2012-12-13,-4.5607001046759885,1.3478802450733411
2012-12-14,-2.5664973534254654,4.807629486886541
2012-12-15,-5.610722374568858,7.149956488183559
2012-12-16,-4.872369061168877,7.49426943038221
2012-12-17,-3.7983599955442786,5.626843774299561
2012-12-18,-4.386955721611584,4.549912282451923
2012-12-19,-5.213730564846539,2.694247888436002
2012-12-20,-3.5703394759751728,-1.8210591629030535
2012-12-21,-4.725351097027556,-3.284453246148153
2012-12-22,-4.073020894941548,-3.3197078203330195
2012-12-23,-3.90065407618293,0.0828914560969785
2012-12-24,-3.355523409760758,4.389820072472477
2012-12-25,-3.8410126555053115,-1.7421223279387654
2012-12-26,-0.6080943171563544,-0.8350100337799407
2012-12-27,0.7133216179591395,3.9559738884294604
2012-12-28,3.855730261563051,-3.188294083671735
2012-12-29,0.28074348029534457,0.1486199148461232
2012-12-30,-1.4356378294944596,5.432939660730569
2012-12-31,2.0544679156876033,4.852952654547816
2013-01-01,1.4858439107390478,5.959697490765956
2013-01-02,2.573136845549921,3.199415431558262
2013-01-03,2.3908620614185088,0.9146127961238574
2013-01-04,0.6480926968979859,0.3084393135282172
2013-01-05,0.9110796927250174,-6.291576416207292
2013-01-06,-0.4994483388431266,-4.158582344091059
2013-01-07,1.2571017230958714,0.9874254631205728
2013-01-08,2.071254537423096,5.90946657895691
2013-01-09,3.5293992166457397,1.0042064975259541
2013-01-10,-2.562145422205014,-4.072112858982912
2013-01-11,-5.4840548046932085,-4.646609668186384
2013-01-12,-1.049957318891313,-2.7711849365241417
2013-01-13,3.1478706943142147,-1.2750160775502712
2013-01-14,4.573049189041296,0.13468793200713042
2013-01-15,-1.0422214192708825,-0.9777719385424862
2013-01-16,-4.311299793229629,-2.520057365735387
2013-01-17,-2.8464782821436336,-3.0999599870325834
2013-01-18,-1.4475761478846885,-2.842171198040662
2013-01-19,1.856690226609425,0.16974889101321394
2013-01-20,0.3277025148645391,-4.1495925401440665
2013-01-21,0.7052078952236446,-3.6272145976470536
2013-01-22,4.510628460740826,-2.0491224080771144
2013-01-23,2.8561577388930592,-1.5934831896659263
2013-01-24,2.3710115368323006,-2.333972126900816
2013-01-25,2.7478774271452076,0.5896030603872338
2013-01-26,4.433871615594488,3.6541327564405766
2013-01-27,3.318636800036546,6.570883134116899
2013-01-28,1.6367905529309414,6.288490745358335
2013-01-29,2.3835141914978792,5.612640219197389
2013-01-30,-1.0350640539654963,6.991843707820722
2013-01-31,1.00125116033508,4.896497818990037
2013-02-01,3.2717694876452277,-0.6627385576795307
2013-02-02,-0.03733291785577909,1.5979436488849956
2013-02-03,1.4100041268514287,-0.35998047501629776
2013-02-04,-0.8933607399229342,2.8097191932699324
2013-02-05,-5.265463498701884,2.4865355901608845
2013-02-06,-4.3662429784429495,-1.0961410470986228
2013-02-07,-2.2690444329528288,-2.006885949062901
2013-02-08,-3.262016201151971,-3.9532259330388233
2013-02-09,-2.209921008969251,-3.1689754163963806
2013-02-10,-2.2093153233193923,-2.57585957103014
2013-02-11,0.11677429269345635,-0.7528573030601385
2013-02-12,-2.562730503922671,1.081987580995072
2013-02-13,-3.499787959149243,1.6246198351974686
2013-02-14,-3.48263453685002,1.7957988373537823
2013-02-15,-1.468413842543359,-0.6118658616194326
2013-02-16,0.2362954375363758,-0.10979065974089514
2013-02-17,0.8196398389909337,2.9483816818185797
2013-02-18,-2.1527998349476514,0.9890585793808228
2013-02-19,-3.664094590670061,-3.2872129448267784
2013-02-20,-1.1982217732308929,-5.349898984421272
2013-02-21,0.4939008884680125,-0.6338809222352125
2013-02-22,0.7878681002363213,0.36508945086809114
2013-02-23,1.8235812168770997,0.26369647407302566
2013-02-24,2.744338912343023,0.5725599379719738
2013-02-25,2.190764186859195,0.026665373795153317
2013-02-26,4.015593822571514,0.12539138369902067
2013-02-27,3.8797205822107523,-1.4076917683790109
2013-02-28,5.931002571758456,-0.8134234569232476
2013-03-01,0.7205379431879443,-6.687343340567613
2013-03-02,-1.1645363444581398,1.3954030850236014
2013-03-03,-5.434299966834884,-2.0087286181564963
2013-03-04,-2.1127329551611456,2.2292244575265676
2013-03-05,-1.2772151536621434,3.309115984535007
2013-03-06,5.7924729206119725,0.36048680300499464
2013-03-07,4.73910840304848,-4.1887143418826005
2013-03-08,3.764144027163862,-0.6408368635101814
2013-03-09,1.2389616859168282,-4.22671949930249
2013-03-10,1.7604093919925268,-1.1706288872435902
2013-03-11,3.0441130640083602,0.29947924309816004
2013-03-12,0.7996494900128472,2.403176973066785
2013-03-13,2.653235973302272,1.590446343150989
2013-03-14,2.3640062994154554,1.1974915091718712
2013-03-15,1.0603143029212276,-0.08330043475779457
2013-03-16,1.2541092050031293,-2.436042344231875
2013-03-17,-2.072698542662198,-1.4494076704959347
2013-03-18,-4.76504469596832,-2.0450208283138913
2013-03-19,-5.025577760607732,-2.6540007098902225
2013-03-20,-6.752189468302868,-3.7850114797329977
2013-03-21,-2.8871474677706117,-4.514606900158296
2013-03-22,0.19844828251376273,-3.6728013315705677
2013-03-23,0.9885483981806656,-3.5265922159535306
2013-03-24,-0.025924109923457058,-3.873743994416744
2013-03-25,0.6113270132216727,-0.8910000250156063
2013-03-26,0.23416003084153958,-4.162487840345552
2013-03-27,2.075817822730697,0.7109382093360774
2013-03-28,3.8511076850168697,2.128877214847703
2013-03-29,0.2981531509000799,0.7346844006771159
2013-03-30,-3.8184914400708156,-1.477543187499582
2013-03-31,0.1690665205908514,-0.529488989571009
2013-04-01,-2.3881207127652058,-2.1507624886320507
2013-04-02,2.321770809387154,-3.123116941403373
2013-04-03,2.5835827294862037,-1.2280851762119243
2013-04-04,-0.05889336298828762,1.4809146754425069
2013-04-05,-1.974656668780621,-3.085220724577745
2013-04-06,0.3193998389672607,-4.56976807610641
2013-04-07,-1.1719485824736589,3.292616978990381
2013-04-08,2.2201489977933333,-0.14321430455239703
2013-04-09,1.2970371496296313,0.6124452121873698
2013-04-10,-1.2120739080021488,1.0218538339712853
2013-04-11,-3.619419228170792,-0.7368426982483522
2013-04-12,-3.0255320349787578,-0.014657771081712324
2013-04-13,-1.3399046550469844,3.809701437697938
2013-04-14,2.349941668924628,1.9463971031406615
2013-04-15,2.3226032829201593,4.999798035188593
2013-04-16,1.7686065994479394,4.557506490332164
2013-04-17,2.1964893823009097,5.1645951627640345
2013-04-18,2.275715137518053,4.666532492023451
2013-04-19,5.864309742959372,4.878115199670844
2013-04-20,4.927517910527912,-2.6749424683598706
2013-04-21,3.592184018930292,-0.7218937027600655
2013-04-22,-0.7947778307939712,2.7107368675400285
2013-04-23,1.6304744899678931,6.1061346173900874
2013-04-24,5.33759971557812,1.3164655658322444
2013-04-25,5.803172907418743,-1.7482291116114415
2013-04-26,1.0531899638365094,3.1820731569254948
2013-04-27,1.7995306357235392,-1.2887086198713826
2013-04-28,2.6709653553702064,-0.6273400943031945
2013-04-29,1.9335675059107866,5.296513525575668
2013-04-30,5.017789650205281,4.837950929956178
2013-05-01,5.442292966546761,-0.9294636631533751
2013-05-02,4.027841944682828,4.378754779025864
2013-05-03,2.6284280456587137,2.5142719503818722
2013-05-04,2.2037317926130076,3.2517875730171872
2013-05-05,4.887883500738583,1.1068981745520818
2013-05-06,1.2886152226873846,1.053627699145383
2013-05-07,2.938291698934788,3.6958208668365105
2013-05-08,0.33159715507851706,0.2980939352367851
2013-05-09,-1.349950220869343,2.4208296630502257
2013-05-10,2.4287757822185547,2.4417140528464576
2013-05-11,2.753383734394697,2.122440248812829
2013-05-12,1.5300183693262626,1.2844819752348138
2013-05-13,-0.22832452308835796,0.15943440577147144
2013-05-14,2.855141635384294,2.9818506829541307
2013-05-15,1.8972317189413763,1.7609205852917003
2013-05-16,-2.0376424807628686,0.5545735060266184
2013-05-17,-5.105585902124588,-1.300110625860622
2013-05-18,-2.9636937742654395,-2.2346159256984413
2013-05-19,-3.350610632631622,0.4426034781755923
2013-05-20,-3.9099125913998,-1.0638103852199048
2013-05-21,-6.270949469263459,-0.06488646972804603
2013-05-22,-5.952500696849269,0.10107886924931324
2013-05-23,-3.056135654596723,-1.6710460090593695
2013-05-24,-1.7929088388289303,-1.5029353097184928
2013-05-25,-3.4828023504691195,-3.891979515644651
2013-05-26,-4.952608964101647,-1.0325413126640437
2013-05-27,-4.065486129390795,0.6206034628938875
2013-05-28,-6.387363436089049,0.05146206066902691
2013-05-29,-5.568943388936842,-1.2864570119898782
2013-05-30,-3.653110780871845,0.1694986838650127
2013-05-31,-3.4826167541992894,0.6130296024266174
2013-06-01,-4.743140461431387,0.7434448646258092
2013-06-02,-3.1822516390212083,1.2317214734277633
2013-06-03,-1.933736985607731,1.5886369477682325
2013-06-04,-0.7990550309569004,0.6677345881737854
2013-06-05,-1.057663505911096,0.23816059377054474
2013-06-06,-2.300755812595808,0.7448328820411451
2013-06-07,0.8850536120256921,1.364856432287815
2013-06-08,2.326541320453786,2.69643613628185
2013-06-09,2.3687685530855997,2.4923574612786163
2013-06-10,1.6094490845558607,2.607986530734506
2013-06-11,4.111170837893038,-2.3246373252600003
2013-06-12,1.3528642295670994,-0.08890816532753254
2013-06-13,-0.6827933585797249,3.1642475789904614
2013-06-14,3.0795176101048916,4.898391975680887
2013-06-15,4.837708263717989,4.982715117636468
2013-06-16,0.7675430337713763,3.9530529110434713
2013-06-17,3.7549255786706768,1.9659699857509534
2013-06-18,4.208707639437004,-1.3429773202892832
2013-06-19,1.3883897872122022,-1.9374094261500623
2013-06-20,-0.8046226673778525,2.9976376066508474
2013-06-21,-2.012261472895408,1.3004453779457572
2013-06-22,-1.5345867615786764,3.6769335054000183
2013-06-23,1.1805775711369872,3.09370917316731
2013-06-24,-1.73388131255993,0.31684668921607595
2013-06-25,-1.5334794355303258,0.8991921215335014
2013-06-26,-3.2908768589878497,0.8186618694953469
2013-06-27,0.10738248462026334,1.7739415874823126
2013-06-28,3.2122061971091793,2.2363255999580147
2013-06-29,1.0729128202845035,-1.29483607287258
2013-06-30,3.437722452588293,-1.1344800468080698
2013-07-01,2.6695294253907274,-0.036891437405402856
2013-07-02,1.592463184677641,3.8675270467317677
2013-07-03,1.3407619645664042,3.033569034250685
2013-07-04,0.1003534130790226,1.7238434627542378
2013-07-05,1.1982883584701818,3.8676662314089274
2013-07-06,3.336640692345279,-0.8100581387495843
2013-07-07,2.626371596052151,-3.0308781056896312
2013-07-08,0.7098086118221134,-2.9834853941509905
2013-07-09,2.6350348522403872,-0.5320117527432079
2013-07-10,1.4195370363968027,1.810593509844761
2013-07-11,0.3396520535097852,-3.8480412201062832
2013-07-12,-0.3090008343531291,-2.556513596890019
2013-07-13,0.3114820080203984,1.3547979694711463
2013-07-14,0.43225687866306933,3.1944912357088397
2013-07-15,2.479910119767602,-0.31082863591239296
2013-07-16,6.474757389963233,-1.7310612861231014
2013-07-17,6.016144131119434,-2.703856540131166
2013-07-18,2.8281858603783228,-0.4776930766310599
2013-07-19,3.7329868714134564,-3.40363920077794
2013-07-20,2.4439879238998046,-5.905676456803603
2013-07-21,3.558238513405427,-4.216170819260078
2013-07-22,1.9364459854068625,-7.566522150101874
2013-07-23,-1.3082647724257417,-7.778067144435478
2013-07-24,-1.5800559640990957,-3.7451658758990045
2013-07-25,-0.39261723109684016,-3.0775832212239713
2013-07-26,1.3968911029725632,-0.3466242941010485
2013-07-27,0.9154396688968087,0.6760792589979605
2013-07-28,-0.5972637518285481,1.6530000297024385
2013-07-29,-3.728298262690667,2.447926956097022
2013-07-30,-4.64504056712536,2.357702024157625
2013-07-31,1.0537344819967798,2.8443035453602663
2013-08-01,0.8593855627200307,0.091214491097067
2013-08-02,2.1019899576610177,-3.91408007491816
2013-08-03,1.394362901846263,-1.4582810505875878
2013-08-04,1.5939293703233188,1.350864626192174
2013-08-05,0.5379757521893085,0.3680352939050141
2013-08-06,1.291997739661316,0.9885312716105171
2013-08-07,-1.7784221540176424,2.7348187623712223
2013-08-08,-0.19068263802848665,2.721670417869
2013-08-09,2.293878655971969,2.1961430104264488
2013-08-10,4.249795626087391,0.771632830412063
2013-08-11,2.286204264155133,0.980894672214685
2013-08-12,3.1094393080785436,3.7146534876711574
2013-08-13,0.7515143814161556,4.385301164603032
2013-08-14,2.002920649963869,-0.6668483617341066
2013-08-15,7.5882826542297215,-0.6392047271069097
2013-08-16,3.8801166125598487,1.5584551874807886
2013-08-17,0.6688529676692503,4.856062609154538
2013-08-18,0.7883030161360006,4.852020429172766
2013-08-19,1.3743107534381158,4.030386950916702
2013-08-20,1.6143491065213833,2.6239870098227986
2013-08-21,2.4931764749395784,2.1001342423294727
2013-08-22,1.298510365029554,-1.1398154001493335
2013-08-23,-0.10894341438252877,-3.83947317356456
2013-08-24,-0.391528236476957,-1.6326903911155322
2013-08-25,-0.07146426278641904,-2.3618275530944777
2013-08-26,0.6736748068937427,0.34314722423877014
2013-08-27,1.7244863199002516,1.3344238412674327
2013-08-28,1.6902707351717121,2.8683898304338737
2013-08-29,1.9545966644682553,-1.401487449717513
2013-08-30,-2.1803847345625123,-0.8121923392110446
2013-08-31,-4.012002935635708,0.6970564431869808
2013-09-01,-0.11462645151653722,2.438858625592007
2013-09-02,-1.973036851704974,-0.7083814744725099
2013-09-03,0.021703998368356833,-4.284278517610307
2013-09-04,0.07611511072642069,0.6685019682063218
2013-09-05,2.0717920384182102,0.251765862579726
2013-09-06,-0.17617207069167184,0.5513137553373282
2013-09-07,1.547450363077745,0.24325016202758537
2013-09-08,2.434088630950888,-0.26431030248515053
2013-09-09,-1.0444468283005677,0.09516105681076983
2013-09-10,-4.16609805285721,-0.724926140476718
2013-09-11,-2.8483986187001915,1.9546861783917153
2013-09-12,-0.5010569984643664,0.13185357166403194
2013-09-13,-2.3295951747831745,0.9166991638460443
2013-09-14,-2.7444871304124123,0.584857954074414
2013-09-15,-3.5115076920187915,1.309530964681653
2013-09-16,-3.383671797533416,3.1585357399947496
2013-09-17,-4.740811066401973,2.6645787810700914
2013-09-18,-5.5051777146565675,1.9463312181361228
2013-09-19,-5.345183643009085,2.0395624839170807
2013-09-20,-2.5878860526437744,0.6109774680420866
2013-09-21,1.7467112420490545,-0.9695679991733767
2013-09-22,3.0851358080055915,-0.8199434573147182
2013-09-23,0.812303233024368,-3.9953723620435135
2013-09-24,-0.23258301824628336,-5.79235721603904
2013-09-25,1.5538355235395762,-4.828235462548643
2013-09-26,4.477466084366404,-2.9255929591170173
2013-09-27,1.0328716441343746,-3.8675011084231667
2013-09-28,-1.3424504630773761,-4.212713504509988
2013-09-29,-0.7430649021654183,-3.599961703518191
2013-09-30,0.2573762120354862,-3.469355647344308
2013-10-01,-0.012886080436306822,-3.6277052807616443
2013-10-02,1.581370436733592,-0.36629457403777776
2013-10-03,3.6612645713521057,1.0305883849128026
2013-10-04,3.972580114482594,1.849588841826109
2013-10-05,4.225981683354549,4.988259639193132
2013-10-06,4.3642619338510915,1.2967806061135405
2013-10-07,3.745282306087062,1.1482457493933458
2013-10-08,1.6773997152005662,1.956656217290883
2013-10-09,3.9118238923839126,4.839386749121299
2013-10-10,2.5437824278660117,2.948449183315205
2013-10-11,2.3632190051287916,-2.8786423380836386
2013-10-12,2.9939876103577543,-0.7380608595171683
2013-10-13,2.2797367270084727,-2.6424150863338074
2013-10-14,-0.17747807611718658,0.5648620264107254
2013-10-15,4.197434658344277,0.46562532730558864
2013-10-16,0.1692717047350416,-3.274208564251417
2013-10-17,-1.341242873342301,2.2803274904864295
2013-10-18,2.3442055170250975,-3.5913089713048167
2013-10-19,5.249629780015803,-0.1306241994527826
2013-10-20,2.651695510028769,-0.18395227139560133
2013-10-21,0.5391731495063464,-2.34282646620368
2013-10-22,-1.9279432621831791,2.165844222243131
2013-10-23,1.8408557543554598,7.534374819462909
2013-10-24,4.492634053465002,5.049696879208695
2013-10-25,6.052238477943753,0.9437647907723349
2013-10-26,0.9704781545407113,3.385946348447377
2013-10-27,3.027333178557919,3.3314452933515764
2013-10-28,2.5666625432659025,5.559120056615067
2013-10-29,5.9376340409307655,4.335057041910284
2013-10-30,4.543741704445922,0.5826812661773952
2013-10-31,3.425464312402507,2.340932200046773
2013-11-01,3.811953419155973,4.3793824197270546
2013-11-02,3.0343605360112638,2.9703475358385054
2013-11-03,-1.7532185671207141,-0.3968138869101097
2013-11-04,-1.32216918673428,1.1175461177361479
2013-11-05,0.7706698158735887,6.284089293926345
2013-11-06,1.8569409566275608,1.9368045727818428
2013-11-07,1.0075839441499066,1.716634256004954
2013-11-08,2.632999561252901,2.845809516452836
2013-11-09,-0.16589737132558768,4.037734523093319
2013-11-10,3.93256823651199,5.4596619449661965
2013-11-11,2.6745441534672065,0.06309072630614819
2013-11-12,4.145684891042986,5.818362361047745
2013-11-13,4.491643651311788,2.5789001968639966
2013-11-14,2.930296078475098,0.5236007117036602
2013-11-15,2.6798856359897325,3.1721764797266934
2013-11-16,5.338525816953783,2.034004597831222
2013-11-17,8.767770593438652,-2.2774253071259105
2013-11-18,3.0930122479820885,4.996097477218466
2013-11-19,2.453427765011819,7.107646185379188
2013-11-20,0.6835066298219185,1.0218186198539154
2013-11-21,-4.6853939746445405,-0.7243646603513839
2013-11-22,1.9609854264115973,1.8918304931457322
2013-11-23,2.0701736058698046,0.5992570206048072
2013-11-24,4.080293456103601,0.39501188665064085
2013-11-25,2.3041667425987034,-2.223956402299751
2013-11-26,2.6683474319068923,0.04627493335309459
2013-11-27,5.8845556040119416,2.192941286809552
2013-11-28,8.211397258750726,-4.019536019714205
2013-11-29,1.7885748122708773,-5.046910195352472
2013-11-30,2.7989872848394133,1.0180410246783704
2013-12-01,5.120832189567353,-0.9229062144054949
2013-12-02,3.741046298628586,-2.8991989338328192
2013-12-03,5.178527267217245,0.735871946421953
2013-12-04,1.4288236888104433,-0.562128635168289
2013-12-05,2.4194129972563654,3.126779565087567
2013-12-06,-2.7449802736836224,1.9720699280136824
2013-12-07,-0.9454900700728986,-4.267537853697704
2013-12-08,-1.3230608945226434,-3.0216520353931515
2013-12-09,-2.048806914092109,-3.0409990788851746
2013-12-10,1.2813608135651637,2.3041975865287987
2013-12-11,4.303494558891456,0.9446918086694056
2013-12-12,5.349566576950188,2.8444398133662756
2013-12-13,8.033438449245196,-4.295415644876644
2013-12-14,0.5488769947655412,-1.640321824008728
2013-12-15,-0.4710874341669665,5.95890104293072
2013-12-16,3.9648247096470137,4.885865949537342
2013-12-17,6.425947341837816,2.540816240008156
2013-12-18,4.524317072876535,0.3890554294359474
2013-12-19,-0.056999220559190246,4.018059116615854
2013-12-20,2.70409175510632,4.857066188326951
2013-12-21,4.460437411712492,4.238260426942608
2013-12-22,6.4962776287247594,5.34509370622089
2013-12-23,6.897991847856743,4.591393986016758
2013-12-24,2.153001399256627,5.187773764929824
2013-12-25,0.6386791247268194,6.835234711914962
2013-12-26,1.610906769533869,5.2158130707582115
2013-12-27,0.29557011310733866,5.83379233781618
2013-12-28,2.5954525836070195,8.133748952841634
2013-12-29,3.58996237163135,4.807952436056007
2013-12-30,4.9902586942958616,2.536113889940126
2013-12-31,4.71877403701913,4.495426240511109
2014-01-01,3.7836800642735278,4.214450522262345
2014-01-02,-1.629558806991098,4.1590973069385475
2014-01-03,-2.3768233316202085,2.6933421185909605
2014-01-04,-1.9105109798331716,4.425068754857405
2014-01-05,1.601963603185394,2.5382320719903175
2014-01-06,-3.748654669800331,2.5878438767423053
2014-01-07,0.12379229138989153,4.494024944745799
2014-01-08,2.7706211975010353,2.813761088290937
2014-01-09,2.238713845902948,0.9571274092802415
2014-01-10,-3.3976542673660917,-4.15489249040176
2014-01-11,-0.8716897242625035,-3.8568075273081703
2014-01-12,-1.8525858930117776,-4.343949108549703
2014-01-13,0.8412584460510095,-4.88158161919106
2014-01-14,0.8252674711000672,-2.1042506611779634
2014-01-15,-2.1272616116949195,-2.932810710035424
2014-01-16,-1.3245462612662051,-3.909036787600908
2014-01-17,-2.1440828738116187,-3.0559953838452243
2014-01-18,-2.3240440489264604,-3.0550020422459965
2014-01-19,-1.4355277672204991,-2.0243750833439793
2014-01-20,-2.334946109089956,-1.4525246035435566
2014-01-21,-1.2999935221984502,-1.6180888084723648
2014-01-22,-1.378704509134496,-3.508521417406008
2014-01-23,-1.5163974249422179,-2.23992206677885
2014-01-24,0.17924163920739145,-1.6044156368287565
2014-01-25,2.4226422104923984,-0.27758717120769405
2014-01-26,1.100474711365307,1.0752298458516303
2014-01-27,-5.489150330737647,1.2886044731543709
2014-01-28,-6.397635990460427,1.7930132837946398
2014-01-29,-5.581868673038108,4.085954358118698
2014-01-30,-4.330638148574228,3.80309730923176
2014-01-31,-3.318367881450375,5.359380205707067
2014-02-01,-1.8087471669707003,6.03610890722509
2014-02-02,-0.3890629619282427,4.984296545043439
2014-02-03,2.4271872337157148,3.665901789809844
2014-02-04,0.767175312641074,2.197220868717543
2014-02-05,-2.212269586645193,2.6422613040603875
2014-02-06,-2.724412627723201,-0.24729762468235697
2014-02-07,-1.4354940747849472,1.5656162054156757
2014-02-08,-1.2473604944625274,5.696000658188712
2014-02-09,-0.8706452989316836,4.895129390543383
2014-02-10,-1.8817765240125246,2.6026886483796225
2014-02-11,0.07686735640081141,2.1227033811178346
2014-02-12,-0.9680055486973539,2.1152780582484247
2014-02-13,0.45212757314923646,3.519272552630946
2014-02-14,-1.918767051259431,2.7598559094856245
2014-02-15,-1.92546142098201,2.1832804147839258
2014-02-16,-1.3534504944530623,5.482538629871704
2014-02-17,1.1694486746449162,2.7627264871217587
2014-02-18,4.878390064215875,-0.38688509949602495
2014-02-19,2.0590252042618005,-0.1611245023020805
2014-02-20,-2.8274576007086925,-0.7839382264891405
2014-02-21,-3.9040594473777586,1.933896076801836
2014-02-22,1.059863993942002,4.9564851967689245
2014-02-23,4.6993785346723715,5.900216171988949
2014-02-24,6.381849810735679,7.016485888993722
2014-02-25,2.1009964786958895,5.346758912402741
2014-02-26,-1.3172078790000024,3.1234599290305334
2014-02-27,-1.0084444457989445,2.3054238610901003
2014-02-28,-1.951002854625011,1.1111023917554352
2014-03-01,-3.2339449794976263,0.6665298640326444
2014-03-02,-2.3280417121888335,1.6602057781491817
2014-03-03,0.5153569549500601,4.249934429575303
2014-03-04,-0.6205768537870661,1.0852040779944494
2014-03-05,-2.9328532930320432,1.031792928541168
2014-03-06,-0.46592468562321854,1.9146351630493987
2014-03-07,4.546186301896219,7.011392915214502
2014-03-08,6.882207207864143,4.479739065101003
2014-03-09,5.338111509604208,4.33991379213224
2014-03-10,3.5876307352213748,2.5235486792327655
2014-03-11,5.487787689840072,-3.5217656037766196
2014-03-12,6.00549039352839,-1.0223876394485092
2014-03-13,4.685502855754655,0.06870993318479426
2014-03-14,8.220232950959849,-1.5808125942650997
2014-03-15,-0.008884661966195473,-2.558444606237495
2014-03-16,3.0943444203587354,-5.6310318663225
2014-03-17,-0.8497918468716147,-0.34004650462915176
2014-03-18,0.11806879411766699,2.5006469246637244
2014-03-19,3.2964226993555363,-2.0063403066445433
2014-03-20,-0.3305536874353282,1.8434468374066697
2014-03-21,5.6311147321979504,5.653883768321476
2014-03-22,3.96870808799664,3.305229322312412
2014-03-23,0.5319795309113138,2.775226684054913
2014-03-24,1.9330158682679164,1.9396864517018364
2014-03-25,-2.6118633393639645,-3.7569234643876737
2014-03-26,-6.6044186333074,-1.2810729644858063
2014-03-27,-0.5532817381284458,-1.2239497567220399
2014-03-28,-1.1012494094057206,-0.9581002438340008
2014-03-29,3.822535298190111,1.823595780822031
2014-03-30,2.039661017141706,-3.5938623767117965
2014-03-31,0.1272018459240149,-3.991729028616729
2014-04-01,1.8833093106234484,-2.3310180518259407
2014-04-02,4.198834447388401,0.87593184032784
2014-04-03,2.5880851972578354,-1.5599442793970253
2014-04-04,1.252953534874884,-3.142951999239366
2014-04-05,6.499775792482922,2.160686735674973
2014-04-06,2.8565699534089295,1.0329433121240101
2014-04-07,-1.7290621718382277,0.49915823996583486
2014-04-08,-2.613230242146523,0.0866341770329141
2014-04-09,-5.867747316427131,-0.19059598296936534
2014-04-10,-4.400306179083951,2.043107629247567
2014-04-11,2.3470452070441055,6.034260892566226
2014-04-12,3.497056471015059,3.980585286439673
2014-04-13,3.344677472200455,7.097757179627098
2014-04-14,2.4686340100422597,4.7253132521688634
2014-04-15,1.0775177857809342,-3.84263860552001
2014-04-16,3.0421292536284263,-2.211520919135255
2014-04-17,4.760798744540363,6.174089763658842
2014-04-18,2.9732067159807944,4.8864148679343895
2014-04-19,3.1051756275138627,1.0119997646202175
2014-04-20,0.8762552829133606,0.47434691003027113
2014-04-21,-1.1843828991868213,1.040789836685433
2014-04-22,0.5532978035353517,-3.284113680624905
2014-04-23,-2.060742192013013,-5.5489909624479195
2014-04-24,1.1625889383684063,0.6405164773217544
2014-04-25,3.237834689207716,-1.6312381165930456
2014-04-26,2.337632947132676,0.39528501458031434
2014-04-27,0.5078083359073517,-0.22811243907997472
2014-04-28,3.120343449084621,1.0455926343555058
2014-04-29,4.411107429848636,-1.5284412209083515
2014-04-30,3.017605818137131,-1.9998909733723558
2014-05-01,-2.31113680268113,-3.1996126527865703
2014-05-02,3.211404474055437,-0.7113929155610647
2014-05-03,3.8880979595968497,0.8978578564203478
2014-05-04,0.7171340956590904,0.2773325943372765
2014-05-05,-1.024483209510869,-4.711974683275892
2014-05-06,1.1844672116819475,-3.0365674610581963
2014-05-07,-1.803399447201061,1.9209815287241025
2014-05-08,-5.704267839506798,-0.31955276245878866
2014-05-09,-3.557865609061085,1.9710088561022585
2014-05-10,1.0686867858543678,2.6571901525111588
2014-05-11,2.4078710666437906,1.3863665655345552
2014-05-12,0.9468376828744133,3.6174476942683533
2014-05-13,2.303098610964973,-2.4218325317014737
2014-05-14,3.2757863393241244,-3.8320764034694808
2014-05-15,0.33203410259466376,-2.0644398117649643
2014-05-16,1.381338128855984,4.474950846051523
2014-05-17,-0.8156865958700293,2.428944920627244
2014-05-18,-2.883879665433125,0.34434802057384173
2014-05-19,-2.5671885118955724,1.1499893996558754
2014-05-20,1.25358933331665,1.427002415892924
2014-05-21,0.9455185738742953,0.08301510004765848
2014-05-22,3.5444474957053624,1.988990162706887
2014-05-23,-1.6706266291651215,2.3198810567112362
2014-05-24,-1.0705426571056331,2.9231152745282953
2014-05-25,0.8032811752927926,3.0395983265563578
2014-05-26,5.0937080811395665,-0.19391906446547108
2014-05-27,-1.1630280414493273,-4.995717073562956
2014-05-28,-2.7677764034460184,-6.454346010161949
2014-05-29,-1.2062536456082429,-5.515485209465486
2014-05-30,-0.44784981895086845,2.1451996165285383
2014-05-31,0.3780494258303799,3.9822386015816043
2014-06-01,0.5188404186762837,-1.4574420148929952
2014-06-02,-3.3486921792029816,-4.3118331738235645
2014-06-03,-4.062534041686958,-2.481002400413578
2014-06-04,-3.04767637955337,1.275247036864218
2014-06-05,-4.160547088086851,0.9822135271414129
2014-06-06,-0.18979966893742287,1.1717569638763123
2014-06-07,1.791972827379614,2.1837395618757265
2014-06-08,0.7183614741815442,2.4738428150617673
2014-06-09,2.3713288150773133,1.1180735450294113
2014-06-10,1.0281785348139365,-3.403600770833288
2014-06-11,0.4596554978187606,-0.5592562546360894
2014-06-12,0.09461737983578036,1.3094109962581622
2014-06-13,0.02337865901927434,-3.4855340298031927
2014-06-14,-1.65665449567558,-6.981122291084762
2014-06-15,1.2013238469326646,-2.919210481118962
2014-06-16,3.7862000258049067,-2.463434477149179
2014-06-17,3.3131620586126105,-5.056254877488176
2014-06-18,4.771372950847828,-2.229869852904146
2014-06-19,4.410461801779258,0.08456892186699633
2014-06-20,1.7641469229924258,-2.6666879030191626
2014-06-21,3.988487526713417,-0.7959742911862739
2014-06-22,-1.042800607551218,2.3685523544949367
2014-06-23,-0.5420466247183656,0.9877440162511223
2014-06-24,-0.3469062521266769,-1.5336440451249915
2014-06-25,0.4333811509494439,-3.7207888666797326
2014-06-26,-0.8469395825766729,0.028126285700431176
2014-06-27,-1.31209519338034,1.2433746176275073
2014-06-28,1.4352246662179442,2.66782133740011
2014-06-29,-4.476645779740251,1.2560220596964347
2014-06-30,-0.8371104620008593,-3.2187505181087532
2014-07-01,0.5865914654402276,-2.599217199519273
2014-07-02,4.8290705024048854,0.309257485326094
2014-07-03,4.150501378321205,4.720305190455658
2014-07-04,4.644792987649995,1.5913485429658953
2014-07-05,1.3149975365025726,1.7176202153128461
2014-07-06,-3.045183738197119,1.0221924487100487
2014-07-07,-4.135879537197631,0.574675631342918
2014-07-08,-3.2843851878765054,1.0209871673300712
2014-07-09,-1.458343014148327,-1.4923763141059316
2014-07-10,-3.6536347305788195,1.5619094677764893
2014-07-11,-3.6595367487926125,-0.01077495930303084
2014-07-12,-4.697962916437186,-0.8097710205021693
2014-07-13,-4.868076071585378,0.01777171600318108
2014-07-14,-0.19691402046506426,2.6219828507302934
2014-07-15,0.04046741382382509,3.2943435204893095
2014-07-16,2.239576130660677,3.560156667851875
2014-07-17,1.3323360138265716,1.7213381336000306
2014-07-18,0.08348933338593903,1.6310149196716697
2014-07-19,0.3607950174368456,0.05553370516894476
2014-07-20,-0.3377863396472542,-1.3386549125514249
2014-07-21,-1.2294947442971167,-0.04519545748707816
2014-07-22,-1.1025920966284017,-2.637999624177058
2014-07-23,0.15698955197917278,-3.081539112929041
2014-07-24,-0.23206825646286441,0.24621174140604876
2014-07-25,0.46025687696842055,2.442697102986133
2014-07-26,1.5648648581562012,2.327562297126579
2014-07-27,0.8542316853124169,2.1533991779562736
2014-07-28,0.9951969074655271,2.108805232564322
2014-07-29,1.3955045086737379,1.6222815041911829
2014-07-30,-1.190533908594567,1.3108130534295457
2014-07-31,0.3769409798338499,3.851177489607419
2014-08-01,4.008765608160077,2.983890022629265
2014-08-02,1.7415073087559447,2.6072773108374845
2014-08-03,-3.9339775427736914,1.76871285815649
2014-08-04,-4.0710361971841955,1.749542451707867
2014-08-05,-4.461289500633902,1.8178371059147083
2014-08-06,-4.107003908134082,1.7322359008265147
2014-08-07,-1.9245871675236979,1.9118051572049544
2014-08-08,2.5317749819998268,2.2416796789558453
2014-08-09,2.1098399692686796,0.8487483084255311
2014-08-10,2.1260159372697425,1.2830931487839763
2014-08-11,-0.9225248381913443,3.1659516474057887
2014-08-12,3.7167844807252326,2.029323103511267
2014-08-13,2.9159305039276706,2.7581581005653613
2014-08-14,-0.6507583937861261,2.7520992915208367
2014-08-15,1.6025409750236006,0.14195593911182625
2014-08-16,1.9039287311662438,0.4357743253023826
2014-08-17,2.0802131855122292,0.6433055491218969
2014-08-18,0.5307302577398121,5.464425977005858
2014-08-19,1.2201406071910663,5.534610667286574
2014-08-20,1.2457397956257696,6.393875473572348
2014-08-21,4.0460292993005105,4.879946821245815
2014-08-22,2.0089848670697417,3.0875837797263452
2014-08-23,1.003237780395665,3.279104532745669
2014-08-24,0.1664530747724406,3.813674215156292
2014-08-25,-1.8780388078126633,-2.5031261859892644
2014-08-26,0.828568480742396,-2.5136217474033464
2014-08-27,1.8498507346831703,-2.8950592119989422
2014-08-28,0.5536539150183326,-2.9349502952255926
2014-08-29,0.991720933944119,-3.7010850902187027
2014-08-30,-0.6852693058464977,-2.929167813912357
2014-08-31,-2.8971109512964572,-1.6883189865776758
2014-09-01,-1.8168676557041958,-1.060733938892317
2014-09-02,0.9570756494869261,0.7663441792332898
2014-09-03,3.2546596811107618,2.0032506335538476
2014-09-04,3.0433035668728885,1.8885724098132566
2014-09-05,3.917656921250383,2.558016942863069
2014-09-06,1.4586765618555,0.9077585158327564
2014-09-07,0.8391344607788694,0.394239721367751
2014-09-08,-2.33171534667275,1.2186897570254347
2014-09-09,-2.179415062703698,2.3200134202417098
2014-09-10,-0.7483112351229652,-1.6289003700249451
2014-09-11,0.6104495715031059,0.40468049382491234
2014-09-12,1.5585707001548623,-0.8581028582582112
2014-09-13,-0.9366783551930322,-1.6563924756265853
2014-09-14,1.30907112395579,-1.0530794865666664
2014-09-15,-0.2274529503653102,-1.5522113179469335
2014-09-16,-0.31723915920708295,0.48865406347177276
2014-09-17,0.05578894285278548,0.9437623324216171
2014-09-18,1.1829386645130155,0.8619973032257119
2014-09-19,0.005658265243013153,2.0466181427340375
2014-09-20,0.11531633658965759,2.3252581877741547
2014-09-21,0.5533245824843503,3.422036012994198
2014-09-22,-2.0932058276352463,-3.364706034476066
2014-09-23,1.434140028823904,-7.512469167000289
2014-09-24,4.560740442138542,0.2870684712227535
2014-09-25,1.1773167681674321,4.022090936413955
2014-09-26,1.4078303093591027,4.990939946792395
2014-09-27,6.120014055583211,2.138241045738579
2014-09-28,4.464463204309648,2.5519808096057477
2014-09-29,3.782518346594432,-0.16517552417168177
2014-09-30,3.710098783281646,-3.7724315491650726
2014-10-01,0.5260275560705455,-0.3950379314159324
2014-10-02,1.84516868312141,2.285525172255906
2014-10-03,1.6210886830016225,1.241776395575817
2014-10-04,-1.8773330984840095,1.8136717571994685
2014-10-05,-4.048020992182192,-0.7384208151422178
2014-10-06,-4.39737672393201,1.4142473850331454
2014-10-07,-5.537571272436498,4.087027414730169
2014-10-08,-2.4427052732215278,5.257003631009672
2014-10-09,-1.1818629948844415,3.5756694669654085
2014-10-10,1.7261140963247856,2.9736341333423084
2014-10-11,3.798744139285733,1.8642934676591083
2014-10-12,-0.7319340670264958,-0.37381738452117375
2014-10-13,-2.2561674875195976,-1.3418234855558593
2014-10-14,-3.020084121149123,-2.0172914665025568
2014-10-15,-3.7526284105052228,-3.963487827634882
2014-10-16,-4.4781348882415015,-3.730934595198446
2014-10-17,-2.2079712386856905,-2.6953543737475627
2014-10-18,1.0028629890566965,-0.10008990772276638
2014-10-19,0.9001678101467495,4.625252765303035
2014-10-20,0.23979885525219946,-2.14295681196704
2014-10-21,-3.7069231531064624,-2.605831791466931
2014-10-22,-5.3943568638067125,-3.88052370610022
2014-10-23,-4.568507127192803,-0.0292247651967032
2014-10-24,-1.1284957420326558,6.956214538095384
2014-10-25,1.3312599930479998,7.254468152025459
2014-10-26,3.1681772323249358,7.084242064284464
2014-10-27,6.0655157034558584,6.289996347666648
2014-10-28,5.667560533062567,5.214217525835233
2014-10-29,7.060142421395514,6.2498226623423125
2014-10-30,3.368701309934918,0.5812954778362148
2014-10-31,2.9301359793964603,-1.08628458135645
2014-11-01,-1.768616926658677,-1.2493040910277444
2014-11-02,1.6262644181423607,6.400142260385018
2014-11-03,4.124553477147063,6.844585555459772
2014-11-04,3.4194420982218694,6.783099270547874
2014-11-05,1.0062121731701565,-2.683458742873527
2014-11-06,-5.176412750071528,-3.6338141340864043
2014-11-07,-2.3347329779074486,-3.2163220248987163
2014-11-08,2.268108921560227,-2.216825919129281
2014-11-09,1.1319870424684886,2.5545863719800477
2014-11-10,-0.586668543882387,4.508004319287496
2014-11-11,2.1022854538757136,4.566400518070986
2014-11-12,0.5419641898021835,-0.6100491862944892
2014-11-13,-3.822295994624358,-2.3860541637350203
2014-11-14,-3.4878291754457864,-1.4096616873033851
2014-11-15,-4.264442557820796,-1.5864710291870898
2014-11-16,-3.20882787184633,-1.098137285593185
2014-11-17,-3.9286524251768986,-0.4260441695755673
2014-11-18,-2.5008422742436163,-0.0779655594894846
2014-11-19,-3.1673566936063056,-1.9220200339797036
2014-11-20,-3.4785262118269435,-2.0115783412880903
2014-11-21,-3.6260741677681323,-2.3519814108564248
2014-11-22,0.6066963447857394,-1.3432660434135388
2014-11-23,-1.4527068070034583,-0.09526902344738873
2014-11-24,-1.020142093886087,5.258052609805667
2014-11-25,0.6721485054737978,5.606380123665635
2014-11-26,1.611522552525544,3.306732614903297
2014-11-27,1.1960789854708558,2.1216918248414376
2014-11-28,2.030536811395492,1.3278488185060644
2014-11-29,0.45663894191120563,0.6597530789194888
2014-11-30,-1.9553767914099442,0.4012956487593609
2014-12-01,0.4059747689743859,-0.8485596191948344
2014-12-02,2.065746439731303,3.5142126748387557
2014-12-03,6.341724331737257,2.2088743558433555
2014-12-04,4.524684505688046,0.44504254561453077
2014-12-05,1.854414664495335,3.4067563783318864
2014-12-06,3.0902378268178423,4.257743174023875
2014-12-07,2.2591060262252385,5.015014681412891
2014-12-08,2.7710374641628785,7.701138490809234
2014-12-09,3.0964928334658652,2.949474236307686
2014-12-10,2.4083858446898825,8.99941562113756
2014-12-11,1.4434253432039266,8.900458511381016
2014-12-12,0.011168889489326763,6.075563880444704
2014-12-13,0.5759323938546347,0.7760745503925952
2014-12-14,2.0532354950459464,1.786289416647252
2014-12-15,1.8017802924007904,7.779322786375202
2014-12-16,2.617419989096802,5.454440296338651
2014-12-17,2.3267216552556147,3.5690122679631466
2014-12-18,2.3172600344878833,2.655439278055995
2014-12-19,1.6969009866944127,3.839200106451559
2014-12-20,4.265468122894046,1.654856347233392
2014-12-21,5.499512031712973,-2.151004078990291
2014-12-22,-2.3359430167532453,-1.301896445414777
2014-12-23,-2.1613481078447183,-2.970706818984742
2014-12-24,-4.340651217595876,-1.9645988557513567
2014-12-25,0.801045055259549,-4.8695717805197685
2014-12-26,4.642905200662772,-0.19695810071351805
2014-12-27,1.6926185533547522,-0.5585805703210265
2014-12-28,-1.0422979299286514,-3.5005492863134324
2014-12-29,0.33688480980929847,-1.4234061647308462
2014-12-30,2.6126492762494316,4.869644629099653
2014-12-31,5.2388709656928905,-0.745793654546363
2015-01-01,4.299704198392467,1.2041081408771919
2015-01-02,6.470015331227706,4.0911080613111315
2015-01-03,9.610567622410947,-1.4922388753606535
2015-01-04,1.2818257572419909,-6.854762249158009
2015-01-05,-0.6421898532307302,-5.093655547718799
2015-01-06,0.10678287131874192,-1.043686609961795
2015-01-07,2.957173414777211,6.5119501336912595
2015-01-08,2.9429336538348045,6.188356590674519
2015-01-09,2.9265039887130575,-0.1528928156278634
2015-01-10,0.8220445198284851,0.218774835324354
2015-01-11,-4.941613896116939,-4.797044080285615
2015-01-12,0.4541775085653938,-2.775252374948656
2015-01-13,3.6878847175048213,2.079632827234448
2015-01-14,3.1800606781542395,3.4130344995700073
2015-01-15,3.379686430387413,3.484569922097752
2015-01-16,2.7044308181721477,8.681862328834857
2015-01-17,5.038024585036788,6.125921374208779
2015-01-18,4.376176349645791,1.6528238808708153
2015-01-19,-0.675402516151131,-0.7870601461614963
2015-01-20,-4.256326069116759,-1.9054267348777285
2015-01-21,-4.645714010650382,-1.9513623661390744
2015-01-22,-4.517476039459759,-3.1416441315674266
2015-01-23,-1.6101078138136247,0.046678353585820016
2015-01-24,2.4594511191842088,3.5127557297402694
2015-01-25,0.8673380621795214,4.470585603964346
2015-01-26,1.5734247031207964,4.14148757744422
2015-01-27,2.1674065465955286,5.486064908723809
2015-01-28,4.104694717394002,5.778920141080491
2015-01-29,-0.7071546092057621,7.1667712264767305
2015-01-30,-1.33973771880685,4.606684058337567
2015-01-31,-7.5058061372839,1.7686796687622632
2015-02-01,-2.5948908932333317,0.086999264409693
2015-02-02,2.2300777878459135,3.352353828788819
2015-02-03,-1.1934993130377545,3.283784197207266
2015-02-04,-3.0964303388013232,-1.699007451671048
2015-02-05,0.35437689178060344,0.7340347243470623
2015-02-06,5.542054337395948,-0.3018988717320675
2015-02-07,4.456247388858731,-0.7536698579074061
2015-02-08,3.790734953971003,-7.2906610627843795
2015-02-09,1.3013055965216582,2.190053573437657
2015-02-10,5.590078588546445,-1.060324767753973
2015-02-11,4.547759091955839,1.06313526267119
2015-02-12,5.674151050282773,2.332624420931769
2015-02-13,1.6190956641880718,2.553302409574375
2015-02-14,2.608867162686823,1.6434914439048858
2015-02-15,-1.8922480954380707,-3.5257878642231275
2015-02-16,0.5915678643197436,4.468469548533039
2015-02-17,4.143765403412011,6.891649103020769
2015-02-18,5.978881511825629,1.4941320854400677
2015-02-19,3.689582080671718,3.269889369885843
2015-02-20,4.873535363523404,3.8553124772335714
2015-02-21,2.220509873417568,4.676949686487432
2015-02-22,3.7565945881824256,5.911003081876996
2015-02-23,1.483838140433281,5.075903727322749
2015-02-24,0.1128272782306849,4.2376724079914485
2015-02-25,1.085218866108381,4.400841385691511
2015-02-26,1.7898356149301577,2.3315015267663117
2015-02-27,-1.7339211899775084,2.624163432139759
2015-02-28,-0.17238074481802698,2.399179992316468
2015-03-01,-0.04942767098536701,5.224839325340524
2015-03-02,-3.0563495796691473,4.32652733729963
2015-03-03,-3.631869637632649,1.459637322473216
2015-03-04,3.0794306925360178,3.091668952933466
2015-03-05,2.2024290119031793,1.4192390762978495
2015-03-06,2.5646663913116385,4.702933488803368
2015-03-07,3.4790035183237404,4.76761966901343
2015-03-08,4.9099879979239525,4.943009737509105
2015-03-09,4.0732606285243085,-0.24551087403629332
2015-03-10,3.587266493197747,6.033926341051632
2015-03-11,1.8826930678493499,-2.6012299700214547
2015-03-12,-1.2567656724664655,-0.16186685407145973
2015-03-13,-3.242460513693216,0.0364477493153132
2015-03-14,-2.99782519320124,-1.1377790887165682
2015-03-15,-3.0568959726015654,-0.40952955402514524
2015-03-16,-2.4328778489630745,0.49360906998340887
2015-03-17,-0.8534735836364736,1.156458467544298
2015-03-18,-0.5744062977029111,0.806671321551152
2015-03-19,2.8012022219087602,1.9906941827141935
2015-03-20,3.4256295596156687,-1.3612570701079687
2015-03-21,-0.8885311417945302,-6.851628263986336
2015-03-22,2.9690821544680253,1.3440182293994436
2015-03-23,6.0874582545727005,4.518833358503576
2015-03-24,5.119287158374165,-1.3125844368912687
2015-03-25,-2.356497385648393,-2.7410395913409733
2015-03-26,-6.608871627405519,0.9473899479781516
2015-03-27,-7.605303544955869,3.060908220671125
2015-03-28,-0.7505910381889713,3.0482882345692746
2015-03-29,-1.7903289854368252,4.572520088167374
2015-03-30,-5.755991166091901,5.286483761296165
2015-03-31,-0.12013747483370284,5.768996396784024
2015-04-01,-2.952082489499681,-0.3276229492595539
2015-04-02,-2.152088028205341,-3.859551377004001
2015-04-03,-0.14851614152940415,-2.058130592769971
2015-04-04,-2.077724044912489,-4.334273422685626
2015-04-05,-3.8002339369258866,-1.3971053666991669
2015-04-06,1.6136851376493124,-1.1964516329803612
2015-04-07,2.9307392343746597,1.6235861678284864
2015-04-08,7.8099091158493215,-4.092703672327256
2015-04-09,6.680345216211628,-1.298611593947316
2015-04-10,6.119055282603496,0.6519489681676314
2015-04-11,3.3241062826243755,1.294521718322918
2015-04-12,1.6884395474813243,4.16115820500682
2015-04-13,4.274007587989055,1.9747833183937684
2015-04-14,5.677856175402514,-1.5101133942681397
2015-04-15,3.651433606315527,-1.6401967391083305
2015-04-16,4.805783246703675,-2.4542846013622257
2015-04-17,-0.9264386143613744,-4.39554299365404
2015-04-18,0.5038675496038864,-3.8123228491550836
2015-04-19,3.0739752350021186,-3.499862219878992
2015-04-20,0.019677573197219276,-7.038840374994627
2015-04-21,0.3022232311470496,-3.9795055575625047
2015-04-22,6.112974981283782,-2.125827069174615
2015-04-23,8.166489390368566,-2.3389879819186685
2015-04-24,5.5331152863980115,-1.3817274870700322
2015-04-25,0.7746165356540687,1.6316961089267141
2015-04-26,-3.461010817191007,1.8328638252303295
2015-04-27,0.05393819910207464,1.3389241679354362
2015-04-28,2.2068893102646494,-1.213407584530487
2015-04-29,-0.33091609163885916,-1.9861463049938053
2015-04-30,2.597172445240664,0.9557582582367902
2015-05-01,-5.364799492349195,3.108689821900668
2015-05-02,-1.9366591710265924,-0.6567698725996031
2015-05-03,3.769655953771461,-1.0312398751467367
2015-05-04,0.5493668729923301,0.9040138763955672
2015-05-05,-4.379859655141814,1.4609145507528425
2015-05-06,-2.784150600640071,3.077380255042495
2015-05-07,-0.9901823304814834,2.2959467675474228
2015-05-08,2.5203976115587445,3.757727862054723
2015-05-09,5.3048150144306465,3.055595331901465
2015-05-10,-2.1833915021227037,2.5130419290913237
2015-05-11,3.9729972054738125,0.8086238933019979
2015-05-12,2.7705114068852033,5.626921393059665
2015-05-13,3.3112273616158845,6.855821071238054
2015-05-14,8.183659564455233,-0.7390961589035214
2015-05-15,2.344122770738164,2.9353019999579115
2015-05-16,2.010067527953485,-2.0930962627138068
2015-05-17,-1.738381264278829,1.6839933246271204
2015-05-18,-0.13033211113138704,-2.30290848699893
2015-05-19,3.4346916772259237,0.3256604697291271
2015-05-20,1.792177178464271,3.4883781727446745
2015-05-21,0.9433004349846204,0.5103282671101043
2015-05-22,3.863074552649774,3.633535533084161
2015-05-23,4.055862238110716,5.345314689156645
2015-05-24,3.8358972258946076,0.6567832170705623
2015-05-25,1.0101798072512365,3.7092487908578815
2015-05-26,-1.3893122743134383,1.5349332509827591
2015-05-27,2.6378783597952116,2.334754207988528
2015-05-28,3.54785020598059,-0.6827470118287363
2015-05-29,1.649207497065653,3.6064084537557197
2015-05-30,-1.837305200539836,2.738587441699363
2015-05-31,2.5214725432157317,4.980147039115619
2015-06-01,1.5737107366468241,6.114243995411188
2015-06-02,0.7819245704841771,3.315617937312472
2015-06-03,5.454945446012985,6.982698280001707
2015-06-04,7.558048473550065,-0.02284600239936249
2015-06-05,5.113011397021614,-1.864636619242493
2015-06-06,-0.39266078886055295,2.709653167677488
2015-06-07,7.2102735663126865,3.8867965045789337
2015-06-08,4.166459670600511,1.4389436201519985
2015-06-09,2.6951764816096135,-2.655376063344216
2015-06-10,4.743596690488819,2.248939933955095
2015-06-11,5.957371852961202,-2.4889758954771124
2015-06-12,3.5138439496299623,3.1879911129571346
2015-06-13,3.6790161132336285,3.807970122901729
2015-06-14,-1.5318619944431855,0.6177083632492053
2015-06-15,5.848891742185877,0.25059646425868554
2015-06-16,6.785741816358592,-0.9958001628608483
2015-06-17,5.070490370677551,-0.22789094470361376
2015-06-18,-2.3043706248033433,3.8553474434371506
2015-06-19,-0.8249609185875166,4.116329124927005
2015-06-20,-0.7693149721765751,0.32930731210574143
2015-06-21,0.9557499788522663,-0.028368361874463944
2015-06-22,0.5985044522111065,0.3389195848091982
2015-06-23,-0.9864365184560921,1.2686401308138056
2015-06-24,-0.22704745081697425,4.608471512469435
2015-06-25,4.5147731352834155,5.245271424312889
2015-06-26,0.3339731026648891,3.196684052936512
2015-06-27,3.332487261741923,0.18975602590812188
2015-06-28,2.9946911455577356,-1.198852566823845
2015-06-29,3.7685907242502794,3.166629104073296
2015-06-30,2.5174220703674837,2.621270002631591
2015-07-01,2.5190261327105916,-4.33752117959719
2015-07-02,1.9707477840426424,0.5101910361354982
2015-07-03,6.416128115197563,1.66564681289599
2015-07-04,5.196785228423089,-0.6907658782144247
2015-07-05,1.4699414848025647,-3.3858797908969565
2015-07-06,-4.969703266604737,1.6922420662863884
2015-07-07,1.744742510092974,2.9669689644445336
2015-07-08,0.6111530030350298,2.2707169377776295
2015-07-09,2.8195745040551996,4.772396384579493
2015-07-10,-2.279719656508683,1.7701262153771138
2015-07-11,-0.39736215493407945,-4.279533180109434
2015-07-12,0.24571889912803427,-3.0370523286468596
2015-07-13,1.7022087662260041,-1.984376500582456
2015-07-14,0.5290780975499274,1.257893089349869
2015-07-15,2.028394614618561,-2.2364977489368028
2015-07-16,-0.29839499837617245,0.4213021855362724
2015-07-17,1.3063960148595473,1.5365421952179885
2015-07-18,1.759335418479161,2.2504276083649755
2015-07-19,3.839149013803544,2.620940290522956
2015-07-20,1.6886674643723056,0.441359334586169
2015-07-21,3.967618262948451,-0.7664679675301324
2015-07-22,1.2946093031006136,-0.1991488815783159
2015-07-23,2.4294029384747535,2.653823296504334
2015-07-24,5.649046430539303,1.788506543645522
2015-07-25,1.8043405347435122,2.5547028570640657
2015-07-26,-3.5159530281701046,1.7423468168783893
2015-07-27,3.232035699368755,5.730210725589379
2015-07-28,-1.3954169367561453,1.3097726932448248
2015-07-29,0.7318852143226238,0.5886670362952922
2015-07-30,1.2748095479106474,4.768296008467963
2015-07-31,3.796860013863717,-0.646228940351525
2015-08-01,5.342656318395615,-0.3854158188410446
2015-08-02,4.232270182340894,3.029231832468642
2015-08-03,4.114251575376713,0.3540281119918575
2015-08-04,2.2598914471331017,0.8247120083652644
2015-08-05,-2.6081546083702283,2.056675666694909
2015-08-06,-1.6508029382722047,3.099616154807789
2015-08-07,2.932300090010459,0.9396005617468711
2015-08-08,1.7957956906137131,3.543308698129506
2015-08-09,1.9281499152276498,-0.8280716986690264
2015-08-10,0.6682179880856449,1.0751726126930445
2015-08-11,-1.0695061580051552,1.2183357147366762
2015-08-12,1.1112915276556439,1.086090313920793
2015-08-13,3.983149528472512,-3.7508034768202894
2015-08-14,4.025896032298996,-1.26055799989852
2015-08-15,-0.202461957418259,-3.1774892624186286
2015-08-16,-2.820269699139046,-2.509736126573287
2015-08-17,-1.5705118674734628,-1.5225373103337996
2015-08-18,-1.6916671181632592,-0.31639736404213403
2015-08-19,-0.33126230869949014,0.7894122170549563
2015-08-20,1.1335801472785692,1.0190264333064416
2015-08-21,2.075848804779311,-0.07195773197413721
2015-08-22,1.5033403397319565,-0.5270392585239638
2015-08-23,-0.9967708242584253,0.13806886778183014
2015-08-24,-2.733778259280423,0.7252400929405867
2015-08-25,-3.3403138703648483,1.1559474454625192
2015-08-26,1.0862835925735175,0.8861472047999528
2015-08-27,0.7747256532142839,2.735571999244775
2015-08-28,2.505586384057597,2.7268860786493474
2015-08-29,4.835405012664741,0.3305354538725234
2015-08-30,1.9799287305582096,0.07577278485230947
2015-08-31,1.700614916224196,0.4939340114332964
2015-09-01,-0.854444626609633,0.5758165465536194
2015-09-02,-3.5838919704069934,-2.1865285674936654
2015-09-03,-3.871681653089012,-1.215975850876247
2015-09-04,1.2441163249212785,2.1982736931237765
2015-09-05,-0.26150111053682434,1.8736082635351328
2015-09-06,-1.1595223581032272,0.6535561522488902
2015-09-07,0.7904590938910029,-3.993062636868604
2015-09-08,1.4474962060758902,-5.16866560286419
2015-09-09,0.9352378368417745,-3.250583301676923
2015-09-10,1.4163678701882865,-1.7903955265756288
2015-09-11,-2.3082231636610415,0.48504498376572486
2015-09-12,-3.678895639536108,0.7732213429477205
2015-09-13,-2.7405749502092145,1.8935728653892376
2015-09-14,-3.190284435454702,1.0033236352588355
2015-09-15,-4.913654509749517,2.2472734125461926
2015-09-16,-2.4239913372482214,1.8945823976425609
2015-09-17,-3.3843272117971925,1.327197732370032
2015-09-18,1.9470495902849305,5.223930068714202
2015-09-19,6.000732561609422,4.0086836773205885
2015-09-20,2.2940358182336205,2.083155261097194
2015-09-21,-0.8685943101616754,-1.6406854487100753
2015-09-22,3.274773103145807,1.149079785739336
2015-09-23,-1.379481763538476,3.895127501702942
2015-09-24,-1.4331231296471671,1.9051239490485252
2015-09-25,1.3213747426698368,3.963330200990022
2015-09-26,2.980107323426467,0.00814429711089835
2015-09-27,3.0209182292544567,-1.4922594973874623
2015-09-28,0.9571151280175769,-5.053321645336204
2015-09-29,1.3025848596244733,-1.9022882187112995
2015-09-30,4.054115368581134,0.7744637936047432
2015-10-01,4.562717533140536,1.0859886443064972
2015-10-02,6.03051730642727,1.289108172007751
2015-10-03,5.500005966932464,-2.0461905173303614
2015-10-04,1.585352866512391,1.7229061633419644
2015-10-05,0.6158785578627717,-4.110262698924235
2015-10-06,-0.9258972778364124,-3.832804540804643
2015-10-07,-0.6804438247538238,-3.123354126012374
2015-10-08,-0.8415251632274297,-2.8031312025547996
2015-10-09,0.2141370467995908,-3.891046469235064
2015-10-10,1.7605079654167928,-4.010316254668934
2015-10-11,1.6730986933722538,-2.3137121614990726
2015-10-12,3.398269174854479,-1.7981222173333635
2015-10-13,2.3157847562103853,-0.4187252035044813
2015-10-14,2.8855495716522235,-0.36384711423121663
2015-10-15,2.487867328765541,0.16018598172414625
2015-10-16,2.733112088384201,2.0097648655398013
2015-10-17,1.9569425010164927,0.1493387032418115
2015-10-18,1.5082100185301008,-2.554403605633407
2015-10-19,-1.8132755521941033,-1.2290502936518295
2015-10-20,-2.0423981623525527,1.0123010355905235
2015-10-21,-0.222298214139445,4.437808056464184
2015-10-22,2.8385682217442443,8.985193105114469
2015-10-23,3.2545414712090524,3.188907484009003
2015-10-24,2.2675210475478824,-2.0091352235795403
2015-10-25,1.610509937993369,5.275277081436821
2015-10-26,4.641290952138569,-4.030895637071209
2015-10-27,3.289646295928459,-2.9759706414920393
2015-10-28,1.3643976162291944,-0.8198967457570393
2015-10-29,1.4059715097033427,1.1503743820728816
2015-10-30,-1.2927735479484121,-1.4960186034833405
2015-10-31,2.6721521328291655,2.3060606772267787
2015-11-01,5.496518703295487,1.5881629054524775
2015-11-02,4.840743493073786,0.6221504496140872
2015-11-03,3.852166219920667,0.04749538897526298
2015-11-04,4.526617804513707,-0.2503285563668312
2015-11-05,1.838108592011067,-1.0359776912772825
2015-11-06,0.009530193040735256,1.7491030150770792
2015-11-07,1.5323185551886613,5.27820821063447
2015-11-08,-0.1726333736397436,1.2107298018540658
2015-11-09,0.32111629932899305,1.9716878620570153
2015-11-10,2.0526675905577716,0.4099953762358972
2015-11-11,3.1949031797872123,-1.0849466970956836
2015-11-12,-0.42428060485722807,-0.3491383776083268
2015-11-13,0.1790484779853887,1.8099644858687394
2015-11-14,-0.9394695709037008,4.520528458033657
2015-11-15,-0.15439252823328667,0.4406889088570007
2015-11-16,-1.9436682427397922,1.3078258889024044
2015-11-17,-0.4479146092137109,5.036624121968686
2015-11-18,-1.2901085473487517,1.3696126354121168
2015-11-19,-1.994964967056489,-0.8478214920839376
2015-11-20,0.19678396138145415,-3.136239415529234
2015-11-21,4.027974718518842,-1.1918325468298476
2015-11-22,4.564641015263743,-1.8489749632895207
2015-11-23,1.3700951743215777,-0.48787695997533037
2015-11-24,0.19249951871026472,3.0381030036894123
2015-11-25,3.0190187646130258,7.004033229434619
2015-11-26,2.5596195701876847,6.271707973633525
2015-11-27,7.723561444500109,5.451289221080778
2015-11-28,5.799531436296804,8.45405402332425
2015-11-29,1.748268224637262,6.782245809199206
2015-11-30,0.765927039628856,8.359204292506837
2015-12-01,4.866826049340692,0.44533427028309946
2015-12-02,3.345525619107564,-2.786031846687454
2015-12-03,2.6789797210325266,2.4826753804411807
2015-12-04,1.5991100166370544,5.398733967810133
2015-12-05,6.858209705432326,2.760143602111268
2015-12-06,8.51587332545365,4.701429211660325
2015-12-07,8.40490330561674,-2.5571077317559117
2015-12-08,4.806377687825936,-0.15672256589571523
2015-12-09,5.396194920885733,5.235355625360028
2015-12-10,6.8608577493053735,4.284622677327344
2015-12-11,4.9213627627121035,3.1770629994122555
2015-12-12,0.7448861612051318,1.5694529625880556
2015-12-13,-0.6481624428457136,-0.7495363416112107
2015-12-14,0.6549683451997477,-2.524041463090362
2015-12-15,3.4426610172921883,0.19595553262363433
2015-12-16,4.324247303901945,-0.6656281084519986
2015-12-17,-0.4454005781673293,2.3455477827833455
2015-12-18,0.27289190320570955,4.142096685325615
2015-12-19,5.185601487973578,0.9415134820045781
2015-12-20,4.715076277754791,3.754307085727414
2015-12-21,7.07597511614144,3.975638303747347
2015-12-22,5.025651567715676,2.061561116716093
2015-12-23,4.571492464425288,1.9329176474310137
2015-12-24,4.817231079078992,0.6033561397860032
2015-12-25,4.962589657382295,6.1452720432110155
2015-12-26,7.992808751426024,-2.553356348113694
2015-12-27,3.404989272477138,-1.4103610802568685
2015-12-28,2.7613734000655508,-2.0049963001487976
2015-12-29,-0.8469086963207875,-1.6739200851910419
2015-12-30,1.4359654617833155,2.2589632334277034
2015-12-31,-1.5337883029414878,3.956350815186841
2016-01-01,-4.4174769317319,3.4426089799195667
2016-01-02,-2.5243490547435106,0.23571790021206226
2016-01-03,0.9200885992840676,-3.7189481982704162
2016-01-04,-3.319137207524851,-3.0626693840478016
2016-01-05,-2.373492915324964,-4.254291448376415
2016-01-06,-1.5018058258448834,-3.3845734613690013
2016-01-07,0.5240824014616825,-2.402377064886754
2016-01-08,-0.6403837764858129,-0.8118994375507217
2016-01-09,-3.54652768600619,-2.2709545935071374
2016-01-10,-3.9959055243616497,-2.2332925619029647
2016-01-11,-7.197848161341866,3.280606851256477
2016-01-12,-6.331624885003707,-4.061785963285804
2016-01-13,-1.2759640768661193,-5.980739968809881
2016-01-14,2.8564658790021498,-3.26784598667592
2016-01-15,3.1135762950532055,-1.5196082954822216
2016-01-16,1.338636080398169,-0.8174450677700404
2016-01-17,2.136030108538565,-1.2958038348338647
2016-01-18,-1.7219733108562172,-1.1828417214816
2016-01-19,-1.2762873560928365,-2.4700413523067013
2016-01-20,-1.1810880940705841,-2.1571222719644774
2016-01-21,-0.07931705042113057,-1.9318910743491757
2016-01-22,-0.14454339850366876,-0.9163867552600775
2016-01-23,0.4722721207138857,3.312067698256465
2016-01-24,-0.07628787574427613,3.174117109161868
2016-01-25,1.4649765175111902,0.05115670029596821
2016-01-26,2.2778318919841554,4.283979920995368
2016-01-27,2.106464867064171,3.7181391412784146
2016-01-28,3.212420715855695,3.018169004931069
2016-01-29,5.649583508244001,1.5066281945412543
2016-01-30,6.854581413882602,5.814865342683299
2016-01-31,3.4298762800364804,2.6871128612351662
2016-02-01,2.5160995199597775,1.6732699161271511
2016-02-02,3.4551934896179985,3.617976678877804
2016-02-03,0.36210627848328064,-2.5737187185542196
2016-02-04,3.383101737407603,1.030590524066331
2016-02-05,3.4088154151815093,-3.4528012625439173
2016-02-06,0.10729896600523349,3.097336110108668
2016-02-07,2.5539755742486148,5.839945568986564
2016-02-08,1.0116570954583919,6.4362134366678925
2016-02-09,-0.19709461941120543,7.311747382666645
2016-02-10,-1.3568838492051991,5.346291091160298
2016-02-11,-2.2188702433408327,4.498132522864617
2016-02-12,-2.419860151647436,6.1322925794650995
2016-02-13,-0.4164540148173004,4.269720439748523
2016-02-14,-3.6658162798687424,3.0522024497239837
2016-02-15,1.6344202210642087,-2.207576177541422
2016-02-16,3.903794849778075,-1.8913498987357515
2016-02-17,3.6701600437967294,3.074772391931768
2016-02-18,-1.987693126763524,4.911488991729983
2016-02-19,-0.4702415223881111,3.11931128968897
2016-02-20,-1.771766144073941,4.980203816972217
2016-02-21,-2.808113565318557,6.432401890903645
2016-02-22,0.022960902329525662,0.8956160314113759
2016-02-23,3.80147519904222,0.26135901566946007
2016-02-24,3.723578687501473,2.761909161555436
2016-02-25,3.2919294993147776,4.021626008151085
2016-02-26,3.165749420473208,1.7513287318138802
2016-02-27,3.368482568234635,1.038902802734216
2016-02-28,2.6535174077478003,0.8787984259123528
2016-02-29,1.4573299939674849,-0.21380108747915857
2016-03-01,-0.7619607191600819,1.6934145127284488
2016-03-02,-4.5800332431966275,-2.3652929303263
2016-03-03,-3.671161935848732,-1.3833141964010753
2016-03-04,-3.9639836995158215,0.016132216348499873
2016-03-05,-2.2788469269283027,-1.7890937930749906
2016-03-06,-3.023844964042108,-0.5504630484662891
2016-03-07,-2.8510041624996525,2.218999358977398
2016-03-08,-1.6585071949535382,-0.8504684693374269
2016-03-09,2.852410370894172,0.28177614874633033
2016-03-10,1.1743254417290343,2.397090070462987
2016-03-11,0.9889631993097177,0.5597264111849066
2016-03-12,1.9438632356376564,-1.2905314344536485
2016-03-13,3.3867587639168035,-1.3169997212345992
2016-03-14,0.8537927505796313,-3.349011574516985
2016-03-15,0.7607040604991933,0.016629805302414622
2016-03-16,4.82332063220631,-1.9238050074739816
2016-03-17,4.573604800378267,-2.7133131762852054
2016-03-18,1.3644049557642988,-6.121821694378914
2016-03-19,3.060687538046803,-3.224944538255981
2016-03-20,2.354437707213086,-1.7329178682935908
2016-03-21,-0.0024739070563755262,-1.6638901811389133
2016-03-22,-1.8063752292334987,-0.6799939732863439
2016-03-23,-0.6394837014247434,3.620521171255147
2016-03-24,1.3847473052145456,3.5747161729056405
2016-03-25,2.106628431363278,4.783693716384891
2016-03-26,1.2304971411641898,3.269290883204126
2016-03-27,2.9967012366671915,4.652656537680311
2016-03-28,0.021435886559368258,4.111927641020851
2016-03-29,-3.3269146324258925,2.8638558231198576
2016-03-30,-0.40991803115808195,2.341490233483684
2016-03-31,0.7001776377829656,-0.687861698982347
2016-04-01,2.9397428910172785,-1.9413036195278508
2016-04-02,4.232591745172582,-1.7419003346597937
2016-04-03,0.14821117569118575,-0.0077046026149419355
2016-04-04,-0.8162444322401955,0.6630529664379234
2016-04-05,-2.733852197752774,1.2010724681725384
2016-04-06,-1.9901313854371583,4.330633940479619
2016-04-07,2.573169056957257,5.640522754543964
2016-04-08,5.054611576455022,5.413432706108992
2016-04-09,1.7942921690738918,2.826619145590416
2016-04-10,1.4764980645723529,-1.418349832129298
2016-04-11,-0.3737721637712849,-0.2549039173291002
2016-04-12,-0.21592395942332365,1.1346068814474302
2016-04-13,0.3303615316177721,-2.523761546385101
2016-04-14,-1.049861065672407,-6.101683054596333
2016-04-15,2.5614004836481645,-0.6077747960919491
2016-04-16,-0.7927915939225265,3.99470793389861
2016-04-17,-1.3189656646472099,3.3554929612870477
2016-04-18,3.911871299398128,1.6686703933638394
2016-04-19,3.7569060101310203,4.884591340154415
2016-04-20,2.2149338865039767,-4.0055523488449944
2016-04-21,3.7350289038310702,-3.1705340243377957
2016-04-22,0.8217847808611685,-0.07234692386556336
2016-04-23,-0.3895311428472659,-1.4472005188510753
2016-04-24,-2.794694721881413,-1.0516512698811729
2016-04-25,0.4366978153438268,5.271448381780839
2016-04-26,-0.3857475089710299,-4.002234056822513
2016-04-27,0.5156061826445062,2.898677118271334
2016-04-28,-4.601282793852594,-0.5656546876073674
2016-04-29,0.5796069026066846,2.893935107613972
2016-04-30,0.9617208401521903,-1.9387601749734489
2016-05-01,2.228260586254131,0.7839566272999078
2016-05-02,1.7462233567512522,1.794677208413469
2016-05-03,0.5373534304628721,1.566408556023863
2016-05-04,1.9931411065435787,-0.0721441745858516
2016-05-05,2.2008115468638563,0.25523920731921923
2016-05-06,3.12613488873117,-0.05100358939807352
2016-05-07,2.2685205179676826,1.8791833079028608
2016-05-08,3.1605996695740415,-0.41830655473127165
2016-05-09,2.472346709626826,0.5309576575598667
2016-05-10,3.390175326829747,1.5267182378504172
2016-05-11,-0.06334567253654871,-5.377573400586798
2016-05-12,-1.0155687794520167,1.7740082241961206
2016-05-13,-3.3626211395902805,2.775271493680401
2016-05-14,-3.7318071526527445,1.7068727808905653
2016-05-15,-4.119404039634692,1.723943321594772
2016-05-16,0.34843038657242903,2.412149571974562
2016-05-17,1.386275227110253,3.559417627867843
2016-05-18,0.56012729554203,3.6515009127336366
2016-05-19,2.577795017118923,2.6921194630641994
2016-05-20,1.880408720455478,1.5097834627759985
2016-05-21,2.9564263339381833,-2.0841888903847785
2016-05-22,2.675132965733487,0.7113923925726395
2016-05-23,0.48170153081367945,1.5087062198999668
2016-05-24,-1.3743976615352107,1.4862024932854576
2016-05-25,0.245084178158028,0.9038061422317553
2016-05-26,-1.1248951207899565,0.5781387049719399
2016-05-27,2.009926505707308,0.24947646400644077
2016-05-28,-2.942013853121189,-0.5989315288665072
2016-05-29,-2.969276518412074,-1.559963220015228
2016-05-30,-3.1490631855222633,-0.5115016102084826
2016-05-31,-3.391508703119519,-0.0010234917486990982
2016-06-01,-2.3205253232533583,0.6856328615499699
2016-06-02,0.7946489355698871,-0.26380220761572043
2016-06-03,2.690965845816258,-0.4025264005234228
2016-06-04,0.9691107832534251,-5.290777506833118
2016-06-05,0.40706049284375284,-4.817307852504959
2016-06-06,0.3854798889281851,-3.9125669640276945
2016-06-07,3.0371595723013525,2.421016627059512
2016-06-08,4.57263129459823,-1.5380574437961516
2016-06-09,5.860022813507906,-3.4273322165017888
2016-06-10,0.536594554138952,0.8298251293539112
2016-06-11,-2.880720002004579,-5.0933032785913515
2016-06-12,0.6659002024385835,-5.468413781210336
2016-06-13,3.559637372902404,-2.361679547422049
2016-06-14,2.093316130796528,2.447101969272214
2016-06-15,-3.895574880823674,1.2483198337382952
2016-06-16,-4.362754490891958,0.254807281475932
2016-06-17,0.069331074778601,3.703199495680679
2016-06-18,-0.8844330723937938,4.792664032091214
2016-06-19,5.226997251288946,4.7914376531173195
2016-06-20,3.3216584022062503,4.325425663569291
2016-06-21,1.3347103507620828,1.4436240313714266
2016-06-22,4.102394289871324,1.9048495570665747
2016-06-23,2.6480680361799185,2.5867652238017182
2016-06-24,0.17757597962133906,1.9225139865053766
2016-06-25,1.9067398195309615,1.482601508793862
2016-06-26,-1.35695920556116,-0.10647018392882351
2016-06-27,-4.358604069511278,0.717354403396215
2016-06-28,3.148156647232804,-0.11730400743398582
2016-06-29,1.2948773002057612,2.60218058049091
2016-06-30,-0.41984933655062484,3.0305900186642294
2016-07-01,-0.06534748019264427,3.725155232245123
2016-07-02,-2.0113526251589393,3.4932721983392088
2016-07-03,1.1107397443306073,0.268003417793183
2016-07-04,0.6465578312721765,-1.5952659832149045
2016-07-05,4.894753491375633,-2.003464019633408
2016-07-06,6.435203507786027,-2.527396908763018
2016-07-07,5.665102548954136,-2.4163867819196683
2016-07-08,4.247040118336606,-2.665021636169757
2016-07-09,3.3962298171172103,0.295334993215626
2016-07-10,1.9844141000082038,1.4558393038887543
2016-07-11,0.21073030687866698,2.3439793223426295
2016-07-12,4.370251676022725,4.170327537754749
2016-07-13,4.430519781605072,3.692850863371191
2016-07-14,3.3982131668982056,3.2595734295254295
2016-07-15,-3.029935131843832,-0.9540971297863851
2016-07-16,5.665015691914568,1.8033406496639857
2016-07-17,3.3750355684395363,5.325452373584891
2016-07-18,1.8143751784357032,0.6223067190137205
2016-07-19,1.5099639419950925,-4.3368383185439745
2016-07-20,0.5043866359574283,-4.934677948706243
2016-07-21,-1.8158007557496791,-4.763310475089257
2016-07-22,-0.97171430331278,-2.985492335166292
2016-07-23,0.5703223001771264,-1.4545349745496423
2016-07-24,1.338665268459389,1.237940823106553
2016-07-25,0.9223418834298317,2.0818140092831303
2016-07-26,0.56169182813116,2.6091273222355262
2016-07-27,2.565571463712484,1.4960340982908682
2016-07-28,0.7780082675239574,0.3929992992120283
2016-07-29,1.2980421037689693,-0.920301667512943
2016-07-30,1.9248033823468351,1.0316103132863677
2016-07-31,2.5554562681020223,2.4025447063665797
2016-08-01,1.240406028852474,2.875098285703429
2016-08-02,2.6509269618081963,3.153649982511258
2016-08-03,1.5561991747114048,2.4654518684160185
2016-08-04,-0.741772861475838,4.297399598471601
2016-08-05,1.7955667539578986,3.7472652982195824
2016-08-06,1.2030789353132738,2.42755931972589
2016-08-07,1.4449133900531272,1.2164581057035575
2016-08-08,4.055900892821835,3.6496635404668414
2016-08-09,5.563510500530178,6.144650262701421
2016-08-10,2.4070569696994517,4.830516044000369
2016-08-11,2.0843341982923067,4.722911383244739
2016-08-12,3.1115372511718933,2.035984212176774
2016-08-13,1.5763616708705435,6.086882777406051
2016-08-14,0.66449356358309275,1.8900181259456468
2016-08-15,1.7613618214416935,-1.373180854581498
2016-08-16,2.41073799141947,-5.476812250931816
2016-08-17,-3.916090226828784,-3.0735086913430494
2016-08-18,-5.228586437846353,-0.7477302290428572
2016-08-19,-4.0574845458613815,2.3538100990948445
2016-08-20,0.923080185325954,1.8221375237398987
2016-08-21,-1.9365574102625212,2.0658794535930878
2016-08-22,-0.36472972987815294,3.5008260239098057
2016-08-23,2.2545973685922225,1.1008487312811126
2016-08-24,2.275384405866018,-1.748136415297555
2016-08-25,2.5366404840994616,1.947517733474525
2016-08-26,-1.040366986876486,1.3525753293290035
2016-08-27,6.668286761799088,2.4791202422349317
2016-08-28,3.1213210894519503,-0.9679422889322018
2016-08-29,-3.8276725841297767,-0.38015005075753316
2016-08-30,0.4007332565861619,-3.320254604923185
2016-08-31,2.6281381174965452,0.3767267575783203
2016-09-01,3.487386520151016,4.0131889253968565
2016-09-02,3.5996040950523205,2.3249120913234536
2016-09-03,-1.5901176619846855,1.660438889974427
2016-09-04,2.5189516053450696,2.0571249209687794
2016-09-05,0.8812247586532906,-3.158170383322891
2016-09-06,3.3248262250164413,0.35906706541591
2016-09-07,5.250132646914481,0.8639608483695657
2016-09-08,4.044202198002458,-2.6196074252710013
2016-09-09,0.7330559685059755,0.8028896858812901
2016-09-10,1.7854025213680491,1.5384129845854781
2016-09-11,2.5581207327859405,2.3136079728604946
2016-09-12,4.1963585941761306,-1.6645253105850277
2016-09-13,1.7950124523180946,-2.8496660955131894
2016-09-14,-0.5076323732924994,-0.7645486465837583
2016-09-15,2.4672332727191613,-1.412086693335068
2016-09-16,-0.3786950215765186,-4.236134630514587
2016-09-17,-0.868109065588672,-2.532155034595114
2016-09-18,1.6430269373766362,-2.5536661109937118
2016-09-19,0.7469754946502575,-2.2087092420451695
2016-09-20,-1.7177634554048624,-2.6589798367524953
2016-09-21,-0.7609327926774786,-1.7600370515600965
2016-09-22,-2.0596933382844913,-2.731114452319954
2016-09-23,1.3326408968375143,-3.887272194042532
2016-09-24,3.0085059613096483,-2.528215723373978
2016-09-25,2.1103226035321208,3.337060079474441
2016-09-26,1.7032374012825025,2.0124234715234692
2016-09-27,1.446877461438787,0.3569808003129562
2016-09-28,0.09510815952060685,6.455942198338401
2016-09-29,2.2963805749253328,4.36990059101321
2016-09-30,7.269346091063639,4.126563533204449
2016-10-01,5.779946329864212,2.789314751686937
2016-10-02,-0.14555160833731318,-0.22480511108789236
2016-10-03,0.47764340262760013,-3.709358867076516
2016-10-04,-0.7575252053387685,-6.547748273736442
2016-10-05,-3.221908030913052,-5.323028017151399
2016-10-06,-3.315206077035281,-4.014413212491894
2016-10-07,-3.6375761429642264,-5.0898041915931875
2016-10-08,-6.083227726170472,-5.1136989624473435
2016-10-09,-5.225067456854791,-3.893945695327322
2016-10-10,-5.154001233676552,-2.91092413417282
2016-10-11,-2.5613470672280583,-2.6486943411449406
2016-10-12,-0.25407976276683325,-2.5568481346112404
2016-10-13,-0.3833759752299236,-2.698132086651276
2016-10-14,-0.8398799251561321,-1.4562551495875606
2016-10-15,-2.512096732276531,-1.4222996466409317
2016-10-16,1.0529467376114594,1.3313711068844332
2016-10-17,0.2492935877624651,1.2995478352624124
2016-10-18,-1.599513267729369,3.0961009506481583
2016-10-19,-2.966563609310332,1.0582168485110097
2016-10-20,-3.5254337325888274,-0.17069169753685087
2016-10-21,-4.533477769337124,1.088944630237784
2016-10-22,-6.716675606274469,1.2783707567436031
2016-10-23,-6.482399939010492,3.2069983317787663
2016-10-24,-5.005624611894832,4.635280533500522
2016-10-25,-3.9948323216264847,0.3549004163508277
2016-10-26,1.009954014383688,-3.4930982500671885
2016-10-27,2.2375323286605178,4.347754693298522
2016-10-28,4.359715212277512,3.4978976350591218
2016-10-29,5.428388524344328,-5.088121726221642
2016-10-30,0.7932194565193443,-5.148296725857241
2016-10-31,0.3669681106838518,-3.4423966617464576
2016-11-01,-2.3036970655132882,1.0173963611484653
2016-11-02,-6.292910636108667,-1.6429825549583923
2016-11-03,-2.273103875726785,-4.942427101100475
2016-11-04,0.37097818535077065,-3.342338574910992
2016-11-05,-0.589972439985483,-1.8208188706479096
2016-11-06,-4.630173778618854,-4.022396716279025
2016-11-07,-5.393313123715858,-5.843295493297964
2016-11-08,-4.662568568221922,-5.9038048878094935
2016-11-09,-4.58226432102721,-2.565192412672543
2016-11-10,-2.4928528929643896,-2.9213995663272336
2016-11-11,2.240015135402323,-2.1070392131131084
2016-11-12,2.2698701831853056,-0.8162606754746711
2016-11-13,0.6945592290453507,-2.5410035129992887
2016-11-14,-1.9216441326750109,-1.6319541098722252
2016-11-15,-2.273672115156918,3.4180134390179164
2016-11-16,-1.6659028812724517,2.5801715627458908
2016-11-17,0.6842947699092198,5.960847463453761
2016-11-18,-2.571370980217124,5.403226790118883
2016-11-19,3.3444807313990585,7.632203226710193
2016-11-20,0.3123325175532226,2.3909878241594424
2016-11-21,-0.21134085427879898,6.9753982073707075
2016-11-22,1.439045189668901,5.737876054264511
2016-11-23,3.272269952285983,5.681058620624401
2016-11-24,4.999923405589508,0.270444927030274
2016-11-25,2.1015534631818125,-2.3861474065187074
2016-11-26,4.150105979839472,1.6735125789030763
2016-11-27,1.3711607269009725,-7.149791335881521
2016-11-28,1.5368957293556877,-5.134069794722523
2016-11-29,1.3862456076575518,-0.03460624673878293
2016-11-30,3.6484343535067096,1.826112488886997
2016-12-01,3.0037812786327334,0.2506399354232804
2016-12-02,0.9577815399302972,-2.585524742102747
2016-12-03,1.8938617071538801,-6.029439875793572
2016-12-04,2.6908515831801734,0.16091383068357556
2016-12-05,6.061105417112296,-4.306405341901612
2016-12-06,1.0775868896020306,-3.638156164596673
2016-12-07,4.18052953376199,2.0209634184394187
2016-12-08,1.2107014330768684,-0.35791139337809713
2016-12-09,3.4626901367097465,-2.044324655024112
2016-12-10,3.365799209165872,-3.0360238869329335
2016-12-11,0.9081134466250883,-3.3026830980413227
2016-12-12,3.5443806968037577,-2.431137062013481
2016-12-13,2.328825493029293,0.8123106819630146
2016-12-14,-0.7671275268354439,-2.270250200697027
2016-12-15,3.1447710571658396,0.9166663996230677
2016-12-16,2.385158221233905,-1.8367149049391203
2016-12-17,2.8502760618843976,0.9699939625413911
2016-12-18,3.282296801943599,-1.6094812985456117
2016-12-19,2.1740888609154236,0.4779431230772766
2016-12-20,2.9496289223430874,2.056938015009924
2016-12-21,5.137811966186712,4.486961328475381
2016-12-22,5.210697567048641,3.7000872182462023
2016-12-23,4.85828838920837,2.8906824444109898
2016-12-24,3.887703481906398,6.281894642216699
2016-12-25,4.351896526605839,4.640071147485391
2016-12-26,5.152392730533968,3.4627326617603362
2016-12-27,4.068481880948308,-2.6520610405470504
2016-12-28,2.4599970946509333,-5.804727190751592
2016-12-29,4.801767051231369,2.4696132240740347
2016-12-31,4.764492718871386,1.8869922830313957
2017-01-01,2.4840499297516847,-0.8345358048777152
2017-01-02,-0.4093917833639985,-2.5852212996488224
2017-01-03,-1.702567040722793,-2.0192226873282992
2017-01-04,-5.4815972936596875,-4.710101555086821
2017-01-05,-0.6212933230777395,-5.823385152366977
2017-01-06,-0.20380871396907163,-0.7653661994264166
2017-01-07,2.6172012345836935,6.707871433510844
2017-01-08,4.033501122446824,1.7469639859213093
2017-01-09,4.546285427877142,2.538252235589082
2017-01-10,5.336558873875867,4.551001251618206
2017-01-11,2.2443048049770757,8.70033462777444
2017-01-12,-1.8182197501273654,8.935577036718742
2017-01-13,1.424191573302631,5.844357310614072
2017-01-14,0.5624046680280793,2.402410891794588
2017-01-15,1.2951775886950823,-2.9797358480080978
2017-01-16,-0.16471401423581006,-1.0565531360465665
2017-01-17,2.2763216686748553,1.062162238096402
2017-01-18,4.421088138450977,3.0122388792842187
2017-01-19,5.180640134910868,0.8135084410379961
2017-01-20,3.400022210632514,-0.6982918495350887
2017-01-21,3.868373604347521,-1.2920402638431392
2017-01-22,4.382631226598192,0.6644404964178313
2017-01-23,5.262857431180925,0.6045565745529908
2017-01-24,0.5929677413538245,-3.9929336028778613
2017-01-25,0.040533618667268075,3.4130459295638933
2017-01-26,4.837600532726186,2.29386120041056
2017-01-27,2.1698047051757716,-0.8163055436959178
2017-01-28,2.59746962949137,3.2732697427476887
2017-01-29,2.61001170536922,5.367996595968011
2017-01-30,3.7518066561707215,4.998571850837318
2017-01-31,4.172412834794364,-0.6158926946636262
2017-02-01,1.8638592199241883,1.7204553197526506e-4
2017-02-02,1.804163276984022,3.902166265178481
2017-02-03,1.5570410335290579,2.4323617198872474
2017-02-04,0.4073695447419714,1.6458958073367327
2017-02-05,-4.166725266625437,-1.6335881390438058
2017-02-06,-5.282701808454594,-2.682721266019368
2017-02-07,-3.4289173265525896,-2.7089908490190613
2017-02-08,0.3561736302838865,-2.4386719885313353
2017-02-09,-1.0058416873039397,-1.6348062452729655
2017-02-10,-0.19840694163007777,-1.3153802837812314
2017-02-11,1.422518785662506,-1.0711699280209177
2017-02-12,3.640110565442644,0.5615982707634559
2017-02-13,5.816631712182718,-1.1840359713305093
2017-02-14,2.9992009515061824,-4.269631888323361
2017-02-15,-0.2665430279171639,0.5828789615852812
2017-02-16,2.7026553733840317,2.2941305988693563
2017-02-17,3.326456108918224,-0.543715212533468
2017-02-18,4.998534073187396,-0.0838776506034177
2017-02-19,5.092627501537026,3.3813307276230344
2017-02-20,1.200041493387245,0.1482594372809086
2017-02-21,-0.5694330440479186,-3.7557668156362354
2017-02-22,-3.007255821870824,4.618342085177053
2017-02-23,3.4249203560299595,3.264909639083943
2017-02-24,4.736689686872691,-0.2566016267789848
2017-02-25,4.770761910218926,-1.3350110642192945
2017-02-26,-1.2709605448148977,0.32850322699818824
2017-02-27,-0.10534958024646554,1.1553873696318782
2017-02-28,-2.87594351509048,4.158453210836636
2017-03-01,0.6992576206327399,3.2209641490112255
2017-03-02,2.7705416128962375,4.704839831936786
2017-03-03,1.671965436794933,2.3076339736048697
2017-03-04,1.6093043236357973,-2.1126077935514234
2017-03-05,-1.4504650037016629,-3.6317076760326996
2017-03-06,-4.745228192751173,-3.4939282807953673
2017-03-07,-8.90884196774459,-2.065924603034158
2017-03-08,-1.1211447432837875,6.738422392274505
2017-03-09,0.758754975611315,4.991540310098165
2017-03-10,0.3901122283800265,1.4204355386164076
2017-03-11,2.361971633842034,-0.8862419613425382
2017-03-12,2.424569332764761,2.421354235877707
2017-03-13,2.973805003404661,3.29237104516347
2017-03-14,2.940674454157443,6.870653554619542
2017-03-15,4.913672165563547,3.153702666059157
2017-03-16,4.49058225099219,-0.503835039541877
2017-03-17,3.4697466099410015,7.440075168874723
2017-03-18,1.3635595503374929,3.8479308977295577
2017-03-19,-0.0178615203064226,-0.708586254078479
2017-03-20,-1.4982990699412646,1.4945673178649148
2017-03-21,-1.5297512610234105,4.439216542032851
2017-03-22,4.302267192582503,5.237805677289986
2017-03-23,4.917150809217786,0.37675188294151923
2017-03-24,3.949532945838391,-1.3510389146150812
2017-03-25,1.9226311903830227,-0.059713188763402425
2017-03-26,5.3423987098106585,-0.627944748385645
2017-03-27,6.5954288958087375,-4.9207756677729995
2017-03-28,3.2666267670375584,-5.795660766358741
2017-03-29,2.990285181112814,-2.6390062543099755
2017-03-30,3.2181416857121796,-0.41091102467954593
2017-03-31,-1.69078450177473,1.8111399886754738
2017-04-01,-0.6789617470417051,3.5958223975703043
2017-04-02,1.6606230363334462,0.9894027477425785
2017-04-03,-0.020723012974571697,-1.9773588755427705
2017-04-04,3.8994347652270456,4.671988275407469
2017-04-05,3.4845241133386984,4.496121766781682
2017-04-06,2.220517700229021,-1.5074415825741958
2017-04-07,2.739053046020491,-0.05397594291924779
2017-04-08,3.3136032511997913,-2.49448451975333
2017-04-09,2.792216058963868,2.9992282187109907
2017-04-10,3.7298518897847264,5.970942513964143
2017-04-11,6.317988689070109,-0.030602618310236567
2017-04-12,1.621777169935757,-0.9007961894668013
2017-04-13,-2.5110411154242755,-3.758587608458164
2017-04-14,-0.5312911365507289,-3.260126202940971
2017-04-15,1.0906669983979624,-2.204604056255355
2017-04-16,-1.474704134906558,-3.827610487337526
2017-04-17,-1.0549768018857766,-4.278078084865528
2017-04-18,-1.0637618216565954,-0.8636264363084042
2017-04-19,1.6207502456350247,2.4581579167914516
2017-04-20,3.8598150040714385,5.554592061211137
2017-04-21,4.799352640745428,0.9020761212219881
2017-04-22,1.7124643495974592,-1.6441735197301155
2017-04-23,3.59266888098414,-3.1553807041618582
2017-04-24,1.7961663287957235,1.394925078292115
2017-04-25,-3.307730055779237,2.548806409273403
2017-04-26,4.596860320312202,1.0574438394823658
2017-04-27,3.7528683501183595,2.6945645487116336
2017-04-28,0.33664740770590207,1.1271641547757782
2017-04-29,-5.150963476156543,-5.441236561787042
2017-04-30,2.7838240930837608,0.9860595129806929
2017-05-01,3.2828954103271113,1.0118849248810424
2017-05-02,3.0110318314582125,-2.7570147589729674
2017-05-03,-0.7323809999592718,-4.748618789776634
2017-05-04,-0.9302560521459851,-1.057085311512609
2017-05-05,4.843557035148035,-0.8496947818103042
2017-05-06,0.10783132793574543,-4.168773305834822
2017-05-07,-1.2991205671013888,-1.33509807208628
2017-05-08,-2.399516272736721,-3.3439275681331275
2017-05-09,0.22762842617873358,-2.2456224190065788
2017-05-10,1.4971493686182926,-0.945515986336883
2017-05-11,1.8340628083822323,-1.383428605917264
2017-05-12,2.3089286402647273,-3.174992888133573
2017-05-13,1.1348475675644618,1.5798631604041553
2017-05-14,-0.3704681405375287,2.9476081626316892
2017-05-15,0.7788082179072698,-3.3390157778087923
2017-05-16,-0.6628721404631619,-0.5264148198110066
2017-05-17,0.737524709702222,3.753933745855521
2017-05-18,-0.10775872099548774,3.2396301119925264
2017-05-19,2.6716465019695748,3.7927703618252493
2017-05-20,0.22083668562989692,-1.1227552618515528
2017-05-21,1.0832377791047807,2.543008565343482
2017-05-22,2.1394576662034988,-0.07095868156124314
2017-05-23,3.8443395546432306,0.47497131414166477
2017-05-24,0.07453850441723754,1.9746596049908054
2017-05-25,3.789484577073901,-1.3096642033443349
2017-05-26,2.980984804157074,-3.322813535909463
2017-05-27,-0.7431483521078478,0.764454816528976
2017-05-28,-0.1603800730947151,3.0388328090143135
2017-05-29,-0.03974673014930961,-3.659369224760598
2017-05-30,-0.6999468937146683,1.5368998363471567
2017-05-31,1.828644999618679,-1.1406243715566085
2017-06-01,5.141660457110191,-3.3950694457916293
2017-06-02,4.591451741573288,-5.800755397465105
2017-06-03,3.103309158435346,-4.429633312052468
2017-06-04,0.12899275674046126,1.631421170613696
2017-06-05,-1.6151730335972132,2.5385968450297307
2017-06-06,2.1012906324675296,2.0112177874721584
2017-06-07,-3.8160316368013807,1.6637120647696244
2017-06-08,-2.846954854142733,0.4793257292628792
2017-06-09,1.6389021737054499,0.793557136527249
2017-06-10,1.1239666029534103,0.4863451210799318
2017-06-11,1.7684587947811206,1.7871368016400024
2017-06-12,0.6068917757058495,3.4738312392719006
2017-06-13,2.206845041629325,-2.1730085602765326
2017-06-14,0.06630544756482869,-4.798151091088213
2017-06-15,0.6066110112110963,1.8164553909607757
2017-06-16,1.5555488708741392,-0.11443774164144707
2017-06-17,1.6048081056707257,-0.6562424727612892
2017-06-18,3.868766179222582,1.7463370226289339
2017-06-19,4.858540437084163,-2.7098186713042245
2017-06-20,2.3459037140654364,-0.3612732865193963
2017-06-21,5.519482011779159,-2.438149451094508
2017-06-22,3.263183501824411,-1.3282997988368759
2017-06-23,1.7224206109635092,-3.0833229411309375
2017-06-24,0.04333056987097265,2.593479210421739
2017-06-25,3.2216816782657114,4.7080269384683024
2017-06-26,3.8346828590732254,4.257400671103597
2017-06-27,5.8286683322782435,0.5601489944476653
2017-06-28,5.279707633793424,-1.2754376699607328
2017-06-29,-3.261274612893967,0.40082290416380734
2017-06-30,-8.016366314553327,-3.599438138207798
2017-07-01,-5.858734137691733,-2.2879278272858836
2017-07-02,-5.641498741268573,0.6773066094999521
2017-07-03,0.15178391704364994,3.1339319534087084
2017-07-04,1.9406735005168732,3.986004981693079
2017-07-05,4.074866467514233,-2.641989846357529
2017-07-06,3.9688051223270024,-2.4635234866326163
2017-07-07,3.4414092010160076,-1.324662797992786
2017-07-08,1.5656374256504813,0.7007147947837672
2017-07-09,-0.43858397324244974,1.4706106294539352
2017-07-10,1.444932801785395,2.17629378238472
2017-07-11,-3.731242248643456,2.418589493711792
2017-07-12,2.2565914351410057,2.178636684119654
2017-07-13,2.552047324309419,1.9068686871972906
2017-07-14,4.200324072846757,-1.4771648111733928
2017-07-15,1.9444332617360036,-2.4964490294796433
2017-07-16,2.032720756202244,0.03550854836950934
2017-07-17,2.215964843756187,3.3395993674978475
2017-07-18,3.2227046044039978,0.9152802971441502
2017-07-19,3.8093258963215773,-0.4760748240198773
2017-07-20,2.4237402541716504,-2.50730286390493
2017-07-21,1.441197866043714,-2.4099383768414655
2017-07-22,-0.3103299256284512,-1.4503471300555844
2017-07-23,0.8747208568377084,-2.463539347731526
2017-07-24,0.6443647304223317,-3.1827799787537616
2017-07-25,-0.7912941752734023,-1.9620385736737171
2017-07-26,-1.9086651971991226,-1.6105793431734354
2017-07-27,-2.6277091775954187,-0.016244106872022268
2017-07-28,-2.1085245404911306,3.1360335670205837
2017-07-29,0.9244458211132105,3.1411844064209293
2017-07-30,2.648547690573466,2.5233776712702842
2017-07-31,0.8726816073456258,3.130802014565747
2017-08-01,3.913924169198908,3.3064848254207178
2017-08-02,1.0355244265895134,0.7419491675452315
2017-08-03,4.318494113270442,2.0069404583291384
2017-08-04,0.0681753821486606,2.5710367826069196
2017-08-05,3.0324662617419467,4.330318532100393
2017-08-06,4.4760714884227095,3.694393154432511
2017-08-07,3.2360613250418186,0.10074205202728237
2017-08-08,1.6475265407042552,2.1357529679001996
2017-08-09,-1.5707773798800286,2.239895380603337
2017-08-10,2.513098448409858,4.189833862338434
2017-08-11,2.160744528337309,2.0866002955094434
2017-08-12,-1.4652701262828183,3.4479741968489597
2017-08-13,3.657233977608348,4.732098024381386
2017-08-14,3.8690510335065618,-0.18614092172545263
2017-08-15,1.0136354311871865,2.7051627511914313
2017-08-16,-1.7135877858002182,2.8511538532110494
2017-08-17,-1.7685395757336737,-0.20227045234945737
2017-08-18,0.8698969743055192,1.4593812326809963
2017-08-19,-0.44947842882026917,3.851186649665295
2017-08-20,2.6849440896714887,4.364850371380445
2017-08-21,-0.10373973064527489,2.4732989224201383
2017-08-22,-0.3288068890672051,0.026860813227483696
2017-08-23,0.5482721288093612,-4.349300447412734
2017-08-24,2.2324846268369125,-6.894827336901695
2017-08-25,1.5911985008969474,0.003943364884410982
2017-08-26,5.024603231584609,-0.6192195202438296
2017-08-27,1.8147703719251036,-1.9498925546908605
2017-08-28,0.9066004660853764,-1.4151342749319331
2017-08-29,2.129410843473156,3.6801964539102143
2017-08-30,3.383550213772466,5.580854797133862
2017-08-31,-0.5582026154569748,2.789411697381707
2017-09-01,4.381987012794547,1.8277155644632566
2017-09-02,-0.7005619598626508,-1.6773366197746544
2017-09-03,-5.176192648609657,-2.3973102569836957
2017-09-04,-7.113263866715424,-2.4665437137948505
2017-09-05,-5.657233682377141,-2.326803147490218
2017-09-06,-3.8543071526212254,-2.7923082522187217
2017-09-07,-2.1333542937553487,-3.2986749505969954
2017-09-08,2.190955281031478,0.8437396243960679
2017-09-09,-1.1943051289004112,3.512993623163427
2017-09-10,-1.382717954587027,4.150153739001989
2017-09-11,0.7604846551749501,3.0443897504614643
2017-09-12,-0.30627039088511177,2.7060509457670596
2017-09-13,1.0255853525056884,2.6032881494234217
2017-09-14,-2.886465112506474,0.31147824432072785
2017-09-15,2.7017812366690372,-3.0751338248380673
2017-09-16,3.4200890841715155,0.5528383381723273
2017-09-17,0.6995840732576536,-0.9579742530387724
2017-09-18,-1.6547633466810587,-3.9198506766766488
2017-09-19,0.2995048325981551,-3.575826454562506
2017-09-20,-2.3156161968357827,-1.320992499541479
2017-09-21,-4.0254444122145605,-0.6735406197740075
2017-09-22,-5.44896426387535,-2.4088184757321325
2017-09-23,-4.309660674682104,-0.5961364389154412
2017-09-24,-3.9061356819888693,-0.17873999425896742
2017-09-25,-3.4282316562859796,-0.757455385910771
2017-09-26,-3.4019090646804657,-0.39435744252434163
2017-09-27,-2.268274352361975,-0.1447172499544741
2017-09-28,-2.0719496501438655,-0.09627231953755275
2017-09-29,-0.3496813131235362,-1.220496969710943
2017-09-30,-2.872194265804856,-1.4437653067376603
2017-10-01,-1.985270200502894,0.5546677710441947
2017-10-02,-2.346521041593,4.831733201897245
2017-10-03,-3.152795111429601,6.202336811374448
2017-10-04,2.074001585941798,5.966646197082929
2017-10-05,-1.2423006766114337,2.4052822410017134
2017-10-06,0.6664879805961317,-3.0308784047654256
2017-10-07,1.7031536821279598,0.4031980662090116
2017-10-08,-3.6436964436818418,3.204564538829502
2017-10-09,-3.393612625078641,-2.1320093542486336
2017-10-10,-3.8852322967106634,-0.19736661789836038
2017-10-11,-0.31877718297364466,-3.5249486506994137
2017-10-12,-1.921409823108041,-0.09006012289989442
2017-10-13,-1.5657196183527888,-4.645965819665123
2017-10-14,0.2672945295522672,1.4383014045990927
2017-10-15,3.9144618375662654,-2.535216206992058
2017-10-16,3.5195262658218462,2.0567403755712395
2017-10-17,3.208038720342239,1.090070836803422
2017-10-18,5.058185836498244,-0.9127154309176844
2017-10-19,3.4285621795107577,-1.6404341260005861
2017-10-20,1.0641579591863486,-1.620940080327448
2017-10-21,0.13663996955192068,-1.9615192121112894
2017-10-22,1.1847427267487116,-2.47831555022234
2017-10-23,-2.486507927046654,-2.14403723256062
2017-10-24,-1.6093773823075637,-0.801508853084255
2017-10-25,-3.815466944932371,6.680629476600561
2017-10-26,-4.590739821119555,0.6598192187670279
2017-10-27,-1.00946412520647,-3.102598565990741
2017-10-28,-0.6880326597641687,4.424420715056551
2017-10-29,-1.9513030235746391,-4.160592927797858
2017-10-30,1.3323552937102385,-8.009814226551436
2017-10-31,2.3830042621265624,-5.576513702033429
2017-11-01,-1.8463190385920754,-0.500302040344789
2017-11-02,-2.8482584516008917,-0.4098635377319432
2017-11-03,2.301715527233662,0.3382451268336981
2017-11-04,3.8581547595728756,3.531765836409489
2017-11-05,1.7663739146159745,5.007842757459924
2017-11-06,2.818648362004512,3.9128843340008173
2017-11-07,2.958722774757172,1.3938681183528974
2017-11-08,1.6897462753571475,3.290435395655068
2017-11-09,2.1991519787789704,6.7976523155139015
2017-11-10,2.620955435465501,4.320874047495756
2017-11-11,-2.6569432089518115,4.0797468976682545
2017-11-12,0.18855188394954409,1.8269098087864855
2017-11-13,3.4086446489417543,-0.03242324798105666
2017-11-14,2.711334075795966,0.8206523087264089
2017-11-15,1.8902459762842483,1.5456182029165586
2017-11-16,4.409675886035116,-0.1764891186783742
2017-11-17,4.191377144025156,4.905424204130248
2017-11-18,2.6249909409661667,4.314846516174749
2017-11-19,-1.931736000770893,4.608766063611841
2017-11-20,-2.9984933907193096,-3.54085090045908
2017-11-21,-2.556618403406703,-3.026958007527231
2017-11-22,-3.343535969187938,-1.763779877660216
2017-11-23,-4.449498433582974,6.663731207289165
2017-11-24,0.19106255777978748,6.173060635491024
2017-11-25,0.5996786324001717,2.6056827904475828
2017-11-26,0.18410025515248699,-0.843080717915444
2017-11-27,0.1148906826525706,6.528318233027431
2017-11-28,-0.5507775371413189,5.957631136618091
2017-11-29,-1.010450266332934,4.252660151354526
2017-11-30,-2.4995460872090476,1.2808241059857934
2017-12-01,-3.6492347886824175,-4.0510375448045615
2017-12-02,3.366594556191617,0.27442222883995293
2017-12-03,4.763656492505098,5.619246223471427
2017-12-04,2.0996801725170724,-2.019202172010467
2017-12-05,2.4690293627726296,-0.21520074287751523
2017-12-06,2.794222361898787,-1.8410576912294385
2017-12-07,-2.5375552198778624,2.4059834743423374
2017-12-08,1.1910975892589764,6.871967968883604
2017-12-09,0.33853301041162065,8.16233316751947
2017-12-10,-1.8260948116071605,5.5566491393759385
2017-12-11,-2.8278280366145774,3.4350419244956076
2017-12-12,-3.4149716665130514,4.520430028931781
2017-12-13,5.069403466123487,2.5757723711009457
2017-12-14,-1.3399355754193278,7.088205266254865
2017-12-15,-2.6267986401516326,3.6449855318052107
2017-12-16,-0.5496630708529119,4.020212996773362
2017-12-17,2.0462249188441963,-1.3771325252472704
2017-12-18,2.62637632456177,3.6252975263534855
2017-12-19,1.209912567209616,-0.3752517232158366
2017-12-20,3.5158074880101866,4.255304677744154
2017-12-21,3.8546532378516982,-0.046675940980582496
2017-12-22,3.448624497105935,-0.8075938288804073
2017-12-23,4.351591611448864,2.0518033431297917
2017-12-24,6.273659559485625,-4.819744205708181
2017-12-25,1.8896254771121221,1.8285844952146737
2017-12-26,1.2601066931174225,-0.37945267281749356
2017-12-27,2.1442126775986092,3.5186772962955724
2017-12-28,-2.793932176455324,3.61376979757114
2017-12-29,-1.9428855242837244,4.129943049111472
2017-12-30,0.9983544367809035,2.8481658548227875
2017-12-31,-1.5630607683592912,4.2547779787239834
2018-01-01,-2.925841297661229,2.7324302242044305
2018-01-02,3.0599475080601852,4.680805214629361
2018-01-03,-0.22888604629662895,4.901170669976685
2018-01-04,-4.655024253131517,1.1509293989129372
2018-01-05,-3.423934031474732,4.992319961946507
2018-01-06,3.3010604729438713,1.2334093640384916
2018-01-07,6.964217604477449,-0.9169528266022564
2018-01-08,5.8860067931595506,-2.7410979301453775
2018-01-09,3.36748140682569,-0.37391528291032694
2018-01-10,1.6815933496357358,-1.4121105633138058
2018-01-11,-1.8294450327280856,-1.690958824828809
2018-01-12,-1.7668030789889633,0.5598292021898197
2018-01-13,0.6516878387653996,-0.11253886180217104
2018-01-14,-0.8509209172075765,2.442375041545037
2018-01-15,-1.4567114818390976,4.950863348615639
2018-01-16,-4.5415296883277945,7.285313708522636
2018-01-17,-5.677972275728151,4.567723846471306
2018-01-18,-2.973450020105432,-0.6192682135976357
2018-01-19,-1.1792420414650353,-1.537437418071926
2018-01-20,0.13798018788687605,-2.6624966247022823
2018-01-21,1.0588869235427716,-2.788357553743878
2018-01-22,-1.3464703942345795,-1.1515460954354249
2018-01-23,0.818710869886778,0.5818630837960074
2018-01-24,1.2009608500057118,8.372768070541799
2018-01-25,5.891354678228583,8.714106129957287
2018-01-26,2.901320577607584,3.843075839847448
2018-01-27,1.9595631627758372,3.5568756102128676
2018-01-28,-1.4513753655844293,1.6997031682755854
2018-01-29,-3.1085338341410993,-2.230667009911587
2018-01-30,-1.869323475369363,-2.4321781473824684
2018-01-31,-1.9032773909936667,0.8889631646240083
2018-02-01,-7.07354717435577,2.2156060966537945
2018-02-02,-0.7564596470625117,2.169558660286218
2018-02-03,-2.9438053891709752,-3.323826829160453
2018-02-04,-0.6020666787009998,-5.250067739149005
2018-02-05,0.6602510859240057,-5.971104739911392
2018-02-06,-2.7566069536924553,-3.569242991235375
2018-02-07,-0.030179284671613685,-0.30637856286565784
2018-02-08,0.14105113877522468,3.5669582792403443
2018-02-09,-1.7860276884406332,2.135211331728335
2018-02-10,-1.4085833041243176,-1.1859514851641833
2018-02-11,-3.0845076733016326,-0.08962866408980509
2018-02-12,-2.608824751865843,3.9870134083581577
2018-02-13,-1.4146583857653554,5.390271059290185
2018-02-14,-0.9353460418786913,2.844115817496026
2018-02-15,-3.294244816711472,1.24758040058113
2018-02-16,-2.579911794126276,0.5046622852556708
2018-02-17,-2.0738541403043933,-2.051624493656291
2018-02-18,0.044065256774328834,-2.599760438282276
2018-02-19,-0.2812608125126895,-3.5750556166674436
2018-02-20,-0.18669494539305717,-3.1650362672128862
2018-02-21,-0.025894267872692306,-2.015215797656461
2018-02-22,0.8080025227681524,-0.8467766722253056
2018-02-23,-1.1021128716712767,-2.4660061115904632
2018-02-24,-1.1055787735764255,-4.407816938147248
2018-02-25,-0.13645805105890957,-4.307264914383461
2018-02-26,-2.719625616070958,-4.703700261084935
2018-02-27,-4.781081644730598,-4.0215830571562385
2018-02-28,-2.4282154059088334,-3.1997088639213755
2018-03-01,-1.6256997961966575,-1.786608968669389
2018-03-02,-2.6613715935788393,-2.130329820925893
2018-03-03,-1.8649637764611573,-2.1986150913470115
2018-03-04,-1.1418946910724337,-2.2313544784552044
2018-03-05,-2.775501496997468,-0.08205196719181301
2018-03-06,-5.874075470130474,-0.13793016807103833
2018-03-07,-4.943603031935315,-1.493315434749459
2018-03-08,-5.111984551962942,-0.47431431361960397
2018-03-09,-3.5824612613845326,3.5694536596799376
2018-03-10,-3.1148212782379052,1.5666237897044752
2018-03-11,-1.0688458220821553,1.885751365153715
2018-03-12,-4.6449401444694915,1.5861590687714757
2018-03-13,-2.4052673006885734,2.1370701677062947
2018-03-14,2.8557953253196646,-6.362416368402344
2018-03-15,0.9581654461001338,-5.671689476369773
2018-03-16,-0.2884335483761473,-5.175150557141622
2018-03-17,2.242098880051164,-3.640346788891953
2018-03-18,6.250559535378168,-0.9065465484972817
2018-03-19,5.231841425886726,0.010755647274000678
2018-03-20,1.155787264645168,-4.680852332215131
2018-03-21,1.6218233452410784,1.6257753731317275
2018-03-22,4.327677648580785,1.3535230336365556
2018-03-23,2.212474429896498,-3.524278972175936
2018-03-24,4.046566503421502,4.577266596946612
2018-03-25,4.561534989233592,2.079346745912668
2018-03-26,-0.7452070117228721,-5.351010523800054
2018-03-27,2.045846646204492,-1.8513168031401288
2018-03-28,3.0915111325684728,-1.2765551641537771
2018-03-29,0.8746642685555591,0.09352860283468244
2018-03-30,-0.8770039656305227,0.5316042928479559
2018-03-31,-1.3049958756108222,-0.10103750561910059
2018-04-01,-3.8418582116791202,-0.430664300755572
2018-04-02,-1.7816078629311987,-5.059222911396677
2018-04-03,5.669845115996969,-1.1848412580758105
2018-04-04,-2.632820862904128,2.6974801073265935
2018-04-05,-1.6732521507813412,2.091228736604685
2018-04-06,3.520977696748748,3.940956351901116
2018-04-07,4.72975330148599,-1.2899547653044547
2018-04-08,0.26531090678363456,2.396484700050391
2018-04-09,0.7607978633571565,-0.357179026223145
2018-04-10,-1.3485579052187584,-5.119551120877965
2018-04-11,-1.7324013875089068,0.7414950829507865
2018-04-12,-0.491864291048505,-0.08281178812037003
2018-04-13,-1.8908226160899513,0.04953684748296885
2018-04-14,-2.3354440025474523,1.2816888845047667
2018-04-15,-1.4835729001952314,0.5196766859989871
2018-04-16,-2.5422913162573972,1.696764742085509
2018-04-17,2.5485130050188727,-2.5874135994678817
2018-04-18,1.509081882147027,-2.57543254174695
2018-04-19,2.591971487763277,-4.697549038835229
2018-04-20,2.478915731051949,1.4352585931382509
2018-04-21,5.429541244641163,-3.5397362853542096
2018-04-22,1.0596331031295747,-1.0841260953070713
2018-04-23,-2.2586371538450125,1.913784113130281
2018-04-24,0.04892602970627211,4.322608605755433
2018-04-25,1.991168379636326,3.1340613783570554
2018-04-26,3.7883496043087157,0.14283070424859623
2018-04-27,0.9278223478080853,1.326423475189891
2018-04-28,2.0792836973602036,2.1735525810895773
2018-04-29,-0.09738393837947942,1.4491750361811138
2018-04-30,-0.36039913357325115,-0.4060650115405309
2018-05-01,-4.646772498342096,0.13851627712062706
2018-05-02,1.6103833785911645,2.750229424594359
2018-05-03,-0.6562909773861482,2.1225919123697965
2018-05-04,2.684293543506258,1.0338115458217274
2018-05-05,2.1260312110834536,-2.767904831151554
2018-05-06,3.0911080933671737,2.2962379762680962
2018-05-07,2.4741680142059157,2.1079324101979977
2018-05-08,0.22972664635494675,-0.7994360803758176
2018-05-09,-3.5312793755609655,1.17826221906903
2018-05-10,-4.72662300041105,1.5881801480959699
2018-05-11,-3.2806254451183556,1.663864733100833
2018-05-12,-1.923691476445826,1.3493099664373926
2018-05-13,-0.48895847405674103,0.22026167018559054
2018-05-14,-0.9044055777757436,0.9643126390437483
2018-05-15,-0.4783914576752899,-0.11536135087148536
2018-05-16,-2.4933185835662317,-0.6824544780178884
2018-05-17,-0.3979204402172644,-0.1246886365182191
2018-05-18,-0.3714304260345056,-5.707374275288708
2018-05-19,0.31488706996310906,-4.403669536205176
2018-05-20,1.9826132040356668,-0.1424183358635819
2018-05-21,2.8369255149403156,2.8997993684239356
2018-05-22,-1.7674823871121648,1.7242904257699578
2018-05-23,2.5066153566164076,-2.9324020643403546
2018-05-24,-0.7873031872088762,-1.5215863033417736
2018-05-25,-0.49638368149980056,1.7877120806842193
2018-05-26,-0.4496483518677806,1.6171254128566213
2018-05-27,-0.11667448622599898,-4.146723304842029
2018-05-28,-1.5850088323451241,1.1597610962183638
2018-05-29,3.04590185947071,-0.22912783962246347
2018-05-30,2.3491254264276615,-4.727168396098164
2018-05-31,-0.8040253933640622,-1.1069259202828763
2018-06-01,3.803863335449643,2.8746878900221304
2018-06-02,4.551705176664846,-1.6176540251139258
2018-06-03,5.373273410073149,-3.3638404085552436
2018-06-04,4.6527961328969365,-4.597474921954837
2018-06-05,3.9428620238606666,-6.781170385168717
2018-06-06,3.441277364353302,-2.134213961210883
2018-06-07,4.905948560961497,1.0518161584138803
2018-06-08,1.4090399870558994,-1.3004138979383169
2018-06-09,1.1737099891348983,-2.2894772642985646
2018-06-10,0.7500699291393721,1.8509858152852525
2018-06-11,2.7847639644525297,2.981887901388965
2018-06-12,0.8016529881256617,-3.9741254681666254
2018-06-13,0.8133053777099009,-1.1498345862079284
2018-06-14,-0.3134792365096297,2.680795034557947
2018-06-15,2.2026040514672416,3.6284922103215163
2018-06-16,0.9600190655794567,2.8699126728699054
2018-06-17,-1.724054524248678,2.053337035030657
2018-06-18,2.412892123129625,3.5890832196544777
2018-06-19,4.38731020803483,3.969570212112619
2018-06-20,6.139085147784444,0.9031561572403507
2018-06-21,-1.283040962268721,2.649887903505601
2018-06-22,4.280713919736631,5.920274727817173
2018-06-23,4.19370841203118,5.06697998951864
2018-06-24,-0.44920091965193526,-3.7934436366534614
2018-06-25,-1.8055590818543352,-0.6394167078208661
2018-06-26,1.8339371230548047,2.3797320233647468
2018-06-27,3.488279926077942,0.23066907190282565
2018-06-28,3.1124692667282394,2.0684626010853555
2018-06-29,3.1970712625406756,-3.463907788189701
2018-06-30,-0.025097339941587637,-5.9491896300830085
2018-07-01,-3.4438405548455986,-6.846314868905277
2018-07-02,-3.4289796137207555,-4.868298665345884
2018-07-03,-1.482712760071238,-1.8006142149533186
2018-07-04,0.7592138123059425,-0.27178855519812717
2018-07-05,1.9021188394633382,-2.722859265430636
2018-07-06,1.4605281689293694,-5.1352648907854
2018-07-07,2.6756988053429627,-5.500704397952234
2018-07-08,0.9517777374696369,-4.535422556209823
2018-07-09,-0.8624627759227075,-1.689220817815599
2018-07-10,-1.0614570707743174,-1.940226956799025
2018-07-11,-1.7957458927191197,-0.7492351278314409
2018-07-12,-2.13464802560195,0.3821377218464312
2018-07-13,-1.8822457252480964,0.19191385814813122
2018-07-14,0.3073096802407329,-0.541009855633532
2018-07-15,0.06358560042062442,-2.7057696765548545
2018-07-16,-1.6671123645341148,-0.23447976747150492
2018-07-17,-2.947354556029589,-0.5385670378531646
2018-07-18,-3.959545662553954,-0.35038139717552574
2018-07-19,-2.8946854628402967,-0.6825982585418603
2018-07-20,-1.7228694347481965,-2.5970697329963874
2018-07-21,-0.12617018360836302,-0.018953433396489056
2018-07-22,2.9740721375279593,2.3363263487244628
2018-07-23,1.149479325251493,1.3151495798651367
2018-07-24,-1.4204966361594595,-0.0017823608068113564
2018-07-25,-1.6412374054178989,0.9578969856597903
2018-07-26,0.07416787485490181,1.1419583904140167
2018-07-27,-2.3030067590165144,-0.34129756602976563
2018-07-28,-5.964332969197372,-1.150629356724574
2018-07-29,-6.564019860190166,1.2718904806725293
2018-07-30,-4.7890171640951555,1.0759872666531598
2018-07-31,-3.7761601543874606,1.5693011236824328
2018-08-01,-1.50628070107925,1.567664403048576
2018-08-02,1.4176034897752225,0.5244414164563983
2018-08-03,3.2281148770632204,-0.44340685407869657
2018-08-04,3.8493116361956936,-1.3415785703756808
2018-08-05,3.1157411313058865,-1.9612834097403176
2018-08-06,6.76684288978809,-1.6864353939576602
2018-08-07,3.7824568937443295,-2.177420484254958
2018-08-08,0.5506339892102926,1.6289839784512414
2018-08-09,1.0483652361973097,4.731467015529092
2018-08-10,0.7800405406446371,4.646269742287399
2018-08-11,4.547157354001802,3.473472752774941
2018-08-12,-1.01560593828874,0.6926248229090084
2018-08-13,4.706262985869282,-1.9577703227546064
2018-08-14,1.5671408157743485,1.6220220795435838
2018-08-15,-0.983920820227067,-1.293892596026039
2018-08-16,0.44986971903911327,2.0603968043558147
2018-08-17,0.2885976067448508,3.6429392474840068
2018-08-18,1.7431781392155996,3.5668663971047865
2018-08-19,4.60258488029901,2.545574825236392
2018-08-20,-0.0746039690525126,0.9947622966194508
2018-08-21,5.383422234506437,-4.008891939351633
2018-08-22,4.468722511097178,0.4173700234850834
2018-08-23,5.573518915792636,5.059800778750776
2018-08-24,-1.194632703309786,3.3287788665453473
2018-08-25,2.357323993398544,2.9067569040689416
2018-08-26,0.27517448115044163,3.256180755434803
2018-08-27,2.3180114828383878,2.3883951196380586
2018-08-28,-2.2802117685532517,1.287820876503499
2018-08-29,-2.110542782939135,-0.6874933249570911
2018-08-30,-1.31744636132099,-2.3257010366931143
2018-08-31,-0.5681192395338905,-0.8305562145431267
2018-09-01,-2.87591224376105,0.20462710257074268
2018-09-02,0.3723985889756523,-0.9512956862430906
2018-09-03,-1.1211870534022397,0.4072937548468806
2018-09-04,-2.1637699240572292,-1.7456567124182722
2018-09-05,0.005948730944099816,-2.4943192094951563
2018-09-06,-1.4902697516118049,-0.9878333970952187
2018-09-07,-3.2925748874788816,-1.3793634308357718
2018-09-08,-2.6224086880288806,0.5299071228697647
2018-09-09,-3.4814193189648677,0.8484203025715705
2018-09-10,-3.546683530984913,1.393036712810876
2018-09-11,-0.3631106736734335,3.8072957914800343
2018-09-12,6.961560367779807,4.215427176967136
2018-09-13,5.679086299905741,1.2911443271051666
2018-09-14,3.062248451306083,3.4334830877853566
2018-09-15,1.9020922187259435,5.126876176945995
2018-09-16,3.680677932704729,0.5333207499004858
2018-09-17,3.418124572048554,2.2761929935178795
2018-09-18,3.6519050643759856,1.9100012345798754
2018-09-19,3.3518935675774104,3.385002489631228
2018-09-20,4.928395222656194,4.680249377916111
2018-09-21,1.178874720544105,4.92414765522203
2018-09-22,3.7649563026311323,7.056017874544437
2018-09-23,3.3442831338615355,3.1172368695012476
2018-09-24,3.2377231402030895,-1.846709874514548
2018-09-25,4.9330882670745675,-3.3107176250739823
2018-09-26,6.239302942677971,3.4241589303458886
2018-09-27,8.566491307275072,-2.7974911743842146
2018-09-28,1.286293323538016,-3.4654673221917847
2018-09-29,2.8808060224136436,0.9225188914988003
2018-09-30,4.633321356128799,3.4021864977375795
2018-10-01,2.7337185831386055,2.164050031504303
2018-10-02,1.3382343312916614,-0.19975003521677062
2018-10-03,-1.3253610933629376,-3.3895658355483635
2018-10-04,2.0770519615311533,-4.33934967492165
2018-10-05,2.2294170682484507,3.2205071255302964
2018-10-06,3.447617749172902,2.1417055132765848
2018-10-07,0.41685724405304736,-1.9261846741995479
2018-10-08,2.4318863097954853,2.9164581571303874
2018-10-09,4.321708113394769,4.245191504502686
2018-10-10,4.626458686333916,0.724627525829851
2018-10-11,1.0304267776175333,0.9308727588339245
2018-10-12,1.4698365181415491,2.905598123019413
2018-10-13,2.2171051020626154,2.71448148546362
2018-10-14,2.389249997963583,3.3746159545259435
2018-10-15,2.128071560540976,4.28212771053997
2018-10-16,1.7577540618975076,0.9974289075943418
2018-10-17,0.04149342468335454,2.3842488680552942
2018-10-18,3.4129561428714905,1.9237642756862154
2018-10-19,3.869624700402368,-0.5433337234876868
2018-10-20,1.4217341268826549,0.08438157922867182
2018-10-21,2.8454037426306154,3.581475529004487
2018-10-22,5.723465452984778,2.2868322291576693
2018-10-23,-0.44555383760424627,2.02801659908785
2018-10-24,-1.5445942769413843,-4.8912979895941415
2018-10-25,0.043941825977419524,-0.12747639589359544
2018-10-26,0.41734166240109744,-2.1331250960354646
2018-10-27,-5.02768617349351,-4.870019823375587
2018-10-28,-2.2262318501021277,-5.601169148237752
2018-10-29,-4.426911890900922,-2.9962699539152013
2018-10-30,-8.513714702714152,3.118694101858815
2018-10-31,-2.1229378780946346,6.280351961815378
2018-11-01,2.246247566909141,3.238269026450013
2018-11-02,-2.5638985125875138,3.6495876615786096
2018-11-03,3.952514124079911,2.4172855528700214
2018-11-04,2.364164354779578,1.7946433803671211
2018-11-05,0.47578232270513465,3.2263465096915556
2018-11-06,-0.9372272152083008,2.849083283683362
2018-11-07,1.804348806270905,2.066494348097449
2018-11-08,-3.2150030265410523,2.0984446271943233
2018-11-09,-1.9231207303218585,1.3131414705994624
2018-11-10,-4.83438802561494,1.2920790030156033
2018-11-11,-6.007644010185873,1.7140767192349513
2018-11-12,-2.325218425525638,2.074256998229263
2018-11-13,1.0776401376580038,1.532366180977264
2018-11-14,2.132357302831511,-0.0964531627228898
2018-11-15,2.463137491989521,3.053642180360283
2018-11-16,5.1801833863890465,3.5568117760977795
2018-11-17,5.284406857591255,-0.5813532257653624
2018-11-18,-1.9649660695397821,-5.365393302297565
2018-11-19,-2.02193109140497,-1.48621418581803
2018-11-20,2.033263590235674,-2.1531082376134942
2018-11-21,0.9299686233325596,-3.0230469045204624
2018-11-22,3.1306895384959446,-2.907992814770281
2018-11-23,3.1388666673686263,-0.19315593844455983
2018-11-24,2.9377796814933297,-1.3573070100838507
2018-11-25,2.093591997200806,-2.2375982739330915
2018-11-26,2.3223105070741035,-2.17640120994669
2018-11-27,1.0323783493954226,-3.728941367908265
2018-11-28,1.2986732970103614,0.13752704863249848
2018-11-29,3.940661749619152,5.431251681152089
2018-11-30,4.742403340388822,5.054787672293328
2018-12-01,0.8731189322863642,3.857655244252961
2018-12-02,-0.7428211213623531,3.163605443027215
2018-12-03,-4.267020608126927,3.655135431805011
2018-12-04,-1.2184187724268885,4.561988762537328
2018-12-05,5.0660007243887115,2.7570243767897415
2018-12-06,2.183546164940163,1.158569682527776
2018-12-07,-2.061925631581459,3.642524122061041
2018-12-08,-2.676983705175776,4.180652841407469
2018-12-09,-1.52086082051147,5.772890530789391
2018-12-10,-3.888465416321701,1.450832753591628
2018-12-11,-2.3241590066631708,-3.6072304796759953
2018-12-12,-1.2625381933286564,-3.145524203739329
2018-12-13,-2.6595542659567024,-3.073468754767292
2018-12-14,-1.564437144932502,-2.7037429005734146
2018-12-15,-1.804421232248516,-1.5247648075550668
2018-12-16,-3.6354478766200704,-0.5268818494684003
2018-12-17,-2.08675320973679,3.1787212645131033
2018-12-18,-1.4470904662791086,1.8205718356673002
2018-12-19,0.051092054578753376,2.73537847363524
2018-12-20,-2.761172228473048,-0.6790386303898469
2018-12-21,-5.3159006012923244,-2.5750981247291476
2018-12-22,-4.733539564614483,-3.5431380357536972
2018-12-23,-1.4718524154974777,-3.722790268018374
2018-12-24,0.18883142387663987,-3.1322099011603095
2018-12-25,3.8644373120309794,0.9551613026202166
2018-12-26,3.4700846601622732,-4.656660207567477
2018-12-27,0.2788969295566537,-0.3650803385401853
2018-12-28,1.8340796948225784,-1.8465155944765383
2018-12-29,3.124782086840255,-0.2713905658181629
2018-12-30,1.835830161746158,-1.4681901614929644
2018-12-31,0.06142688766274035,0.09292185758284664
2019-01-01,2.209422839622458,2.424537614432156
2019-01-02,-0.5982496136383764,-9.754006018621576
2019-01-03,0.34948548819878494,-5.719610678166182
2019-01-04,1.266056015784229,-1.668657709888399
2019-01-05,-1.331489507761403,-4.64514945441313
2019-01-06,1.8082314335246321,-0.278323276679188
2019-01-07,3.626252563700768,0.15450252613547613
2019-01-08,-1.9741658929486212,1.3615052524624254
2019-01-09,-1.0771101418306934,-3.5934177258271656
2019-01-10,1.0665051068377553,-2.1770251824559574
2019-01-11,6.8065825481392945,0.09043431662985972
2019-01-12,4.234744521835842,-1.8891141867493324
2019-01-13,0.4177446170659299,0.716678271705444
2019-01-14,0.9230080748875235,-1.838257448813373
2019-01-15,3.1900219900377156,-3.100247926774348
2019-01-16,2.4548189577552058,-2.5849165472208253
2019-01-17,-2.4016886705778253,-3.0512586455383137
2019-01-18,3.030588468171997,-2.582874497114102
2019-01-19,2.6164134993236803,-2.192665138840743
2019-01-20,3.481695299032235,-6.81342453076479
2019-01-21,1.659484376090206,-3.7694248002026995
2019-01-22,0.36278141946340176,-0.5016641289353919
2019-01-23,1.7636941710974166,-1.6569716466074873
2019-01-24,-2.252911226492624,-1.4303847547986626
2019-01-25,-1.9566055701216332,0.42600264005518296
2019-01-26,-3.5541157197081694,-1.5837727759127291
2019-01-27,-0.9214461400786679,-2.177374602064312
2019-01-28,-6.352291950207428,2.5446226122890536
2019-01-29,-4.265182072090952,1.4700168986536404
2019-01-30,0.3714888835737191,-2.2492315038187733
2019-01-31,-0.16518296373138727,-1.4406707882490706
2019-02-01,-5.897695459050348,-0.23096867022129317
2019-02-02,-7.246364958626961,-3.8445154367308465
2019-02-08,1.0019936185278375,6.634379579074188
2019-02-09,2.605081156940823,6.780216505907785
2019-02-10,2.57696337249502,8.118072306764661
2019-02-11,-0.8875625224934034,1.8965605183041878
2019-02-12,3.5060396213465537,-4.712767876913205
2019-02-13,2.1128047234483254,2.704244544842177
2019-02-14,4.479498082081493,0.2825867175978937
2019-02-15,6.476951457606274,-0.38946715695986434
2019-02-16,4.080738183600465,2.000357381825915
2019-02-17,5.322141798167508,-3.05910810303872
2019-02-18,1.4086421474052406,4.139516235787852
2019-02-19,3.7307859154182057,4.791138639700857
2019-02-20,5.314239596623566,-4.096612404349175
2019-02-21,1.5009706347598504,-5.351975848773288
2019-02-22,1.5739955968256385,-1.3820472941628692
2019-02-23,5.867337807771153,0.7150014567114672
2019-02-24,4.809026202207406,0.5105061533067026
2019-02-25,7.198904529585107,-5.410758190405451
2019-02-26,2.639216245165323,-3.80210773494768
2019-02-27,4.402777487923176,0.7998474989350793
2019-02-28,3.026040448061612,-4.676278465592858
2019-03-01,1.0648320971217538,-4.240337432532204
2019-03-02,5.579586021388393,1.8938728987753384
2019-03-03,0.1987660268681653,-2.128781377771359
2019-03-04,-3.0008951923827656,-1.1914738207341615
2019-03-05,-1.6803742065153726,-6.6440156713062954
2019-03-06,2.872594454986516,1.3059826777321117
2019-03-07,-1.6516493156210006,4.824601846235428
2019-03-08,1.5646442374027059,6.608181903137966
2019-03-09,5.555554440262695,2.949742912589722
2019-03-10,2.3898970933185364,-0.25188334798629675
2019-03-11,2.857051302962878,-0.658784143945416
2019-03-12,2.9741089252011808,-2.6531086816339524
2019-03-13,-3.3401832102151214,1.9010131524064586
2019-03-14,-4.0720452434939425,3.7618573735301113
2019-03-15,-0.8767719166681505,4.0225505671888
2019-03-16,-3.9044493685854595,1.9548063625689687
2019-03-17,-2.403678508105781,4.596568442080483
2019-03-18,1.0930920911573505,6.6194269397342245
2019-03-19,0.9403298112967102,0.7674017092845914
2019-03-20,4.29459119642037,1.833706842331817
2019-03-21,3.675863121929449,1.3378407312387435
2019-03-22,5.2581022533278405,-5.44278859045995
2019-03-23,3.128808156765098,5.382246745803311
2019-03-24,6.736081641455164,-0.3569345596804299
2019-03-25,3.007484119186005,-1.0143489168636874
2019-03-26,2.0451188742566226,-4.87543691362009
2019-03-27,2.2266078447780058,0.6635714270374408
2019-03-28,3.6196879552134043,2.1346476982671647
2019-03-29,4.619257486039248,1.4276980963752208
2019-03-30,3.94988468039236,0.3951474472749148
2019-03-31,4.42883410936331,-1.8537453784548537
2019-04-01,5.527048883523278,-1.8673413516387636
2019-04-02,2.969853235045242,3.233286927816638
2019-04-03,-1.645212442311132,3.1808309024332373
2019-04-04,0.33969058142454744,3.852318394753722
2019-04-05,-1.5486634515067643,1.4152956292018237
2019-04-06,-3.8417165151051873,1.601292352866865
2019-04-07,-3.123114912428599,2.368073367044764
2019-04-08,-0.5490854679690268,1.9993702237967388
2019-04-09,-0.4337534091326623,-2.804923381828688
2019-04-10,-0.22027604259041528,-6.392279820041101
2019-04-11,0.8136526937148328,-2.90558588244337
2019-04-12,-0.7315642865040959,-2.7841187945689856
2019-04-13,-1.9864670589791789,-2.402493688513424
2019-04-14,-1.058360372250168,-2.3359388036075543
2019-04-15,-0.8115924762888288,-1.257945861127112
2019-04-16,-0.7538985655110311,-0.8297246338434139
2019-04-17,-0.6196884919384419,0.7365018313916539
2019-04-18,0.7271629602647977,-0.20997907291037146
2019-04-19,2.169279964502274,-3.426888304173608
2019-04-20,0.7685781528717608,-3.7554173935345094
2019-04-21,-1.9152956008219086,2.423579142599908
2019-04-22,2.8869724752153676,2.8142139357417846
2019-04-23,3.389150042632721,2.0596127242311195
2019-04-24,-1.090935961782295,1.7248903685957082
2019-04-25,-2.9213330640113524,0.05859044613116813
2019-04-26,-2.4101150120928057,-1.3271819856946723
2019-04-27,-1.2851257894305632,-0.8089186084383707
2019-04-28,-4.957993387262298,-0.06021247471614298
2019-04-29,-1.631764186755324,1.1017009607793191
2019-04-30,-1.1899490316393053,2.2018382632855027
2019-05-01,2.5113504688780135,3.439392507427497
2019-05-02,1.0510884682665762,-0.8281162244550898
2019-05-03,6.9829595059682585,-3.4237637281301123
2019-05-04,1.5496115781859714,1.3081414095260204
2019-05-05,3.0710380883478714,4.011421183239332
2019-05-06,-1.4546751586536462,3.3544717055506235
2019-05-07,-0.49824323023415423,3.0080782267174597
2019-05-08,3.7553269609452093,4.904059661535004
2019-05-09,-4.5598565455032665,1.899801267197148
2019-05-10,-3.3295860024459345,-0.29741724179130424
2019-05-11,1.219646517037008,-0.942994481072323
2019-05-12,4.679719166853765,3.4073135712607194
2019-05-13,1.981530023727654,-2.7843661530772605
2019-05-14,0.8418151583034262,-4.1823175704058615
2019-05-15,0.6211491063898296,0.9548734383497992
2019-05-16,0.8127845320523551,1.395510063310559
2019-05-17,-0.316299773240007,1.4248080098729077
2019-05-18,-1.9401164564647129,0.8876037226249882
2019-05-19,-3.3654055905026303,1.8301049218795353
2019-05-20,-2.9940767261014507,1.0431841208170451
2019-05-21,-1.7098940697729286,0.23127967351050416
2019-05-22,-0.8481762983057907,1.2133147463726883
2019-05-23,-3.7933310804841778,0.05777596127563776
2019-05-24,-4.1621178352926815,1.3411503080043106
2019-05-25,0.7147179121122852,2.7605921176990478
2019-05-26,1.693142452271383,2.6413310315643086
2019-05-27,2.3220361025407046,2.703714749896674
2019-05-28,0.024897190242530922,3.420850017195726
2019-05-29,3.836278719205145,-0.3338512178326476
2019-05-30,4.130037444087575,3.7046016562729434
2019-05-31,5.064801340772377,4.154218701623708
2019-06-01,3.7659369583875826,3.7365214370830415
2019-06-02,4.178339314263347,0.22922226711927773
2019-06-03,-0.07907120296265009,2.1239468840891083
2019-06-04,2.9040995130107206,4.52362815769744
2019-06-05,-0.0381860548743047,2.1991010434433256
2019-06-06,-2.5399173752681676,1.5939557055074136
2019-06-07,-2.3454779685190803,2.536710014437414
2019-06-08,-1.301349514016108,3.0109247663062115
2019-06-09,4.12294975751284,3.5415964143260723
2019-06-10,5.611169447299038,4.372779781148259
2019-06-11,1.0386833700271352,2.0029128688632802
2019-06-12,-4.85336201768013,-1.6428259834236711
2019-06-13,-7.27116551314502,1.228264813236321
2019-06-14,-1.3526489609873478,1.0405271257722741
2019-06-15,4.235374354247076,-1.8194471686446592
2019-06-16,1.3839688179089056,1.411130835513387
2019-06-17,2.911288258516437,0.46322233638532034
2019-06-18,4.905987708892696,1.388020727653402
2019-06-19,3.729302701422087,3.7539051159336365
2019-06-20,-1.3268134044845383,3.06830309510011
2019-06-21,1.8775661466201476,3.941286205076539
2019-06-22,5.595599117517593,0.973416453491134
2019-06-23,2.771652275241526,0.9989608716897559
2019-06-24,3.7831261189489833,-2.6096066137408314
2019-06-25,2.7299803254247386,-1.0835274131341701
2019-06-26,-0.19292712372940596,0.9879197556137816
2019-06-27,0.4439974134046652,-3.834952965308957
2019-06-28,3.27562903234141,-5.10195727748877
2019-06-29,4.88656622185162,-1.5875099935631625
2019-06-30,3.441307574621344,0.2911480124803231
2019-07-01,4.307972597944891,3.0784284699592463
2019-07-02,3.4551752402899845,0.27933933709125447
2019-07-03,4.949448310533758,-5.200793109189092
2019-07-04,4.666296943968328,0.12138393597077754
2019-07-05,-3.475355551287659,2.3248699288411205
2019-07-06,1.3675160846872672,-2.290730019675332
2019-07-07,-0.3608718177180972,-1.5952468415744592
2019-07-08,-1.4448030676222,-2.7310115616747597
2019-07-09,-1.9012370761573452,-4.7840255478260705
2019-07-10,-0.508425354624471,-4.631613773004329
2019-07-11,-1.5476358675246786,-0.2501231354758652
2019-07-12,1.5660833482148446,-2.380333154283275
2019-07-13,-0.344342990197078,-2.4262421361131143
2019-07-14,-0.41034162438338795,-1.1396526065698545
2019-07-15,-0.023118165996547365,2.4717412090056623
2019-07-16,-3.3064387024865667,2.2876879075780483
2019-07-17,-1.8318649938796656,-1.981167520762867
2019-07-18,0.2921138910458246,-4.1258026683139395
2019-07-19,1.2922157869242743,-5.1279876077815105
2019-07-20,0.6764487290848586,-2.4502232458876945
2019-07-21,-0.7388652235091587,1.325626679190613
2019-07-22,-1.5047567745134687,1.178548268355588
2019-07-23,0.8744254619182814,-0.7007978959821113
2019-07-24,1.5050857406857343,-3.0185428591069163
2019-07-25,-0.0433277557839494,-0.38826016287561355
2019-07-26,-2.9451666856006393,-0.4736297177602788
2019-07-27,-0.8650044548081353,-0.6650483120932276
2019-07-28,-1.2440099404759166,-1.7608657752263863
2019-07-29,-1.321654582834199,0.4964580529602553
2019-07-30,-1.9985578360382639,-4.790930753959394
2019-07-31,-0.7433726877550136,-4.848374138554768
2019-08-01,-1.2429472563484658,-3.5183518927402155
2019-08-02,0.44654331395562663,-4.183444787722092
2019-08-03,-0.2600644280121477,-4.492545802202022
2019-08-04,1.1313982134920615,-3.5502813161591096
2019-08-05,3.926701601607168,-3.1317254723260204
2019-08-06,1.5113031711393177,1.059402315397802
2019-08-07,-2.492977571651769,0.5209799729452002
2019-08-08,-0.2616110014724505,0.7030975682472084
2019-08-09,-0.6809847515556708,-1.9902791955180106
2019-08-10,-0.203357175445937,1.5722999765401096
2019-08-11,-1.662810941856421,3.8512378170416497
2019-08-12,2.4884780864925995,4.613349913450881
2019-08-13,1.388997917917125,4.488385323613137
2019-08-14,3.2117088976925743,3.8763113933895625
2019-08-15,3.9388290202057914,1.7220676585005292
2019-08-16,1.9712070522083889,2.8431194570784553
2019-08-17,-1.049516911907891,3.808014447180625
2019-08-18,-3.665063249982106,4.279746439403299
2019-08-19,-0.001448250813945217,3.9832441308170146
2019-08-20,2.7059549146084803,4.878613059495215
2019-08-21,0.7752707984628714,3.8110583769021065
2019-08-22,4.0861369050198535,1.400433467252905
2019-08-23,2.5503381190943797,3.9450051666384933
2019-08-24,4.155072058629078,-1.8169283594095569
2019-08-25,1.0542670871414095,1.742029894263548
2019-08-26,3.094413241424797,1.1170577972292808
2019-08-27,0.4754844738514406,1.226113024435
2019-08-28,-0.9522564930472611,2.0925058902254063
2019-08-29,-2.988228380519554,2.651778070943114
2019-08-30,0.5666065664447364,2.5145938922330795
2019-08-31,2.5069765226398566,2.180022827090583
2019-09-01,-1.2902144185896323,2.3143329848689844
2019-09-02,-1.4996511539378241,2.835381920964535
2019-09-03,2.3740216988201617,1.885900858136838
2019-09-04,0.9701189294520584,4.004410562331142
2019-09-05,0.26011305291449693,5.175909880040685
2019-09-06,3.049538214553757,3.491161112211149
2019-09-07,-0.5347431405691647,2.969398449497996
2019-09-08,-3.04621657257666,0.17482254516431306
2019-09-09,-3.190001181949196,0.6914767490447706
2019-09-10,-3.791414049268434,0.4937531835830305
2019-09-11,-0.5908799244662817,5.946371629175867
2019-09-12,3.954771659776587,6.5653764876407426
2019-09-13,4.130037573555495,1.019430917283024
2019-09-14,5.240006907161321,-1.1355616850034027
2019-09-15,2.7220054995797516,2.686648173647095
2019-09-16,3.9126105434177254,-1.6485750331304554
2019-09-17,2.111399008052638,-2.6623284579628606
2019-09-18,-0.1941836259587502,-3.9650277176219806
2019-09-19,1.7187647476252204,-1.904129737721707
2019-09-20,3.4516902809026013,-1.0453325321673466
2019-09-21,0.6495912178901626,-1.2439082389053766
2019-09-22,1.4459261873358946,-4.399810267920671
2019-09-23,2.396687413300621,-2.7970081248716707
2019-09-24,1.18668024655809,0.1504651748163336
2019-09-25,-2.250827583987827,-0.48165524092722173
2019-09-26,0.8159394688307483,-1.4460547519303684
2019-09-27,0.1277405102064755,-0.544580600071004
2019-09-28,-4.151840558151787,0.44255954101633743
2019-09-29,-0.01122030871038683,3.512674718220291
2019-09-30,-0.5872029786184648,2.597569449637421
2019-10-01,3.9693658330369175,2.7571689019788974
2019-10-02,-0.02340443257030505,-1.0708842672032313
2019-10-03,-4.204925026856595,-4.458962498869852
2019-10-04,-0.8567389416962146,-4.964916855989545
2019-10-05,0.9149433353792179,-3.1186152841316805
2019-10-06,1.7406881380783523,-2.564037556406142
2019-10-07,0.29194642629000717,-1.5013964436737233
2019-10-08,-0.30188775600232093,-0.761659082235043
2019-10-09,-1.6799507645562017,-1.2558922497779146
2019-10-10,-1.4446443062840089,-0.4635328803559968
2019-10-11,1.547575307179235,3.213900503353004
2019-10-12,2.93974125137716,1.0946526007640858
2019-10-13,3.5995866341537752,0.4991303706084791
2019-10-14,-2.5445461833098078,-2.1380344434707306
2019-10-15,-1.4151843871716832,-0.10896844966815909
2019-10-16,-5.151206618242674,-1.2523032313510336
2019-10-17,-5.210875118838806,-3.0252767114994645
2019-10-18,-2.1939005290154587,0.43543956486686597
2019-10-19,1.2608948368333142,4.001958910357342
2019-10-20,0.003669542963872105,1.8153662429512136
2019-10-21,3.000176174440247,-0.84848399440666
2019-10-22,3.6373289725980458,3.8534753666360584
2019-10-23,3.8420362244930066,1.8359226907907533
2019-10-24,3.421788223919843,3.7320024287465356
2019-10-25,2.110778529772841,5.295696924415059
2019-10-26,3.836190093933353,1.119542780557083
2019-10-27,1.7498474756859275,-1.788586582975453
2019-10-28,0.12162441768620744,-1.959863936698038
2019-10-29,2.010911764091035,-2.7976536893456134
2019-10-30,2.217146479713567,-0.9297549190741319
2019-10-31,2.9725979246429888,1.0967044396884584
2019-11-01,2.9988531902956184,-0.5801858736895767
2019-11-02,-2.040877102332046,3.719728403004395
2019-11-03,0.2693481997972119,-1.4420573997451522
2019-11-04,-3.2263166340126217,-4.389428442505238
2019-11-05,-3.8958484208112463,-6.042836749415278
2019-11-06,-3.473812475517316,-4.611173854983989
2019-11-07,-4.6537610554317705,-3.4924795190038935
2019-11-08,-3.03693194556384,-0.9605068957159687
2019-11-09,-2.557736131918861,2.0632799678002143
2019-11-10,-1.1321218746207806,1.6731863896063426
2019-11-11,2.8736418987493293,-2.769087644580192
2019-11-12,-2.7165160158154653,1.3574010988179368
2019-11-13,-2.9157976678893807,4.637470239713863
2019-11-14,0.3568713052579659,5.093477053547475
2019-11-15,0.3531248176156997,-0.5439473054239294
2019-11-16,-3.747435910471512,-2.6778088491707135
2019-11-17,-0.4780534672056892,4.737010123188619
2019-11-18,-1.9885645384823498,1.4189268942067297
2019-11-19,-3.7989826651262244,4.3062428401626445
2019-11-20,-1.7484541126467341,3.9428712420650927
2019-11-21,-3.0243586334831134,4.112735245309935
2019-11-22,-3.4290284662281616,4.180832690487415
2019-11-23,-2.6545550234637756,1.7486094844740154
2019-11-24,-2.4626767382578763,0.016794593507316692
2019-11-25,-1.4029983483656632,0.007951986211116048
2019-11-26,1.0543788691308362,2.6359238515065018
2019-11-27,-0.15965922725595647,3.2612118060532356
2019-11-28,-0.3901111325096892,5.45480928857128
2019-11-29,1.3409627925547976,3.829865299835192
2019-11-30,4.209031214560809,-2.2346992742398157
2019-12-01,4.230037921135098,1.55703439503986
2019-12-02,3.9180948359833523,-0.14655163562803872
2019-12-03,3.930826243740529,0.41028240850429243
2019-12-04,5.078120533279007,0.8386567906687182
2019-12-05,6.886528159537199,4.190472570611477
2019-12-06,4.495651363368426,3.393663320842973
2019-12-07,2.694331994715469,5.427675939997516
2019-12-08,3.459490864337797,1.6201168686369576
2019-12-09,5.870333334841494,4.947513822062533
2019-12-10,1.646481375823009,-3.131719280702093
2019-12-11,0.836631913324211,6.852535685542005
2019-12-12,0.5236631272953938,6.8386682019424
2019-12-13,-1.0190785535538303,5.06190059214457
2019-12-14,-3.6779132802793364,5.010682221539497
2019-12-15,-2.859634509875445,3.639419820997409
2019-12-16,0.692517965450149,1.596306560406632
2019-12-17,3.4351075243028957,2.480397219749625
2019-12-18,1.169723142300833,1.1925777141209453
2019-12-19,5.479970221432243,-1.3885909511529944
2019-12-20,-1.4356281009498684,3.620373472000858
2019-12-21,-3.936642057988925,3.2965852653472694
2019-12-22,-1.8426625720371261,2.683858676468619
2019-12-23,0.07243589442324087,-1.0118973102736544
2019-12-24,-0.6901050961704911,-1.1780996602970033
2019-12-25,1.5739975481983275,-2.361065891625562
2019-12-26,1.963990492527996,-2.477526937677562
2019-12-27,-0.6967546137442668,-6.40215607765003
2019-12-28,-0.8536201792802108,-3.8274311200978453
2019-12-29,2.9898912051468893,5.594981466623638
2019-12-30,5.502869426366515,2.652876799111381
2019-12-31,4.270999938609802,-3.597367615062105
2020-01-01,4.713922723619687,1.0007151393335452
2020-01-02,4.702369726019038,2.5794988839306052
2020-01-03,7.595334681679797,5.1640820521485455
2020-01-04,4.964647668345509,0.5455616220069972
2020-01-05,2.476827885890528,-3.1120520007057753
2020-01-06,2.506858770801703,2.837217759285477
2020-01-07,3.644805512242976,4.150365919976798
2020-01-08,6.96195787902186,6.9385560454250585
2020-01-09,5.216525774217727,1.3035683822881332
2020-01-10,1.474815826473889,-0.8846881255406082
2020-01-11,3.392707574724131,3.3686451746608195
2020-01-12,6.642269584678657,3.9795782126421364
2020-01-13,4.195693936656555,1.3907698587727415
2020-01-14,3.594139073481164,5.969226499340498
2020-01-15,5.8248366301820385,6.6589683928918175
2020-01-16,4.588030058639179,2.8257110129273726
2020-01-17,3.9323831923370856,3.5840343117563727
2020-01-18,2.894943235338147,5.2760274088809584
2020-01-19,5.733107935925798,2.2958789811919615
2020-01-20,5.606525758180868,1.2708603353067454
2020-01-21,8.053487354435955,-2.2076238941192425
2020-01-22,6.105100943714185,-4.125928583251694
2020-01-23,3.9373050884418634,0.3693987677231837
2020-01-24,4.400781533972664,0.8191390630307408
2020-01-25,6.175706369570612,-1.7155213149565949
2020-01-26,2.9567914237008344,0.9305375901428435
2020-01-27,-4.343543270711293,-0.11842096857406507
2020-01-28,-0.41847229969766414,3.4521586893446665
2020-01-29,-5.021506686768208,2.4525762985209445
2020-01-30,-3.866430971515373,2.9312643506061944
2020-01-31,-3.659658486018005,0.6352273999151536
2020-02-01,-2.1993195074598035,5.2632948964973645
2020-02-02,3.6430092094278432,1.9298316497399826
2020-02-03,4.97921845498727,-4.558242950981806
2020-02-04,2.516028245713325,-3.694590317649185
2020-02-05,4.777272085460246,0.6788327826498138
2020-02-06,4.264624668253577,-5.216017020245185
2020-02-07,2.9057748990092453,-1.0184548388662682
2020-02-08,2.4043240019351724,1.434771660035905
2020-02-09,4.058788386335601,6.589688481206767
2020-02-10,2.912725793549524,10.611128642027456
2020-02-11,4.227198284235109,4.448049928307615
2020-02-12,1.6104471877382942,5.084596109158584
2020-02-13,2.6546486263259284,1.8601810226584452
2020-02-14,2.3923242791239465,-0.4531770772459749
2020-02-15,2.5257074107674358,5.651666822977807
2020-02-16,2.2909292974007434,8.516553102676614
2020-02-17,6.8681068500521,5.800899511025778
2020-02-18,6.8772391669863895,5.529665447582696
2020-02-19,4.473433196130312,2.5286727830325804
2020-02-20,-0.437344897102,-0.002407022266479442
2020-02-21,2.3127026366721437,8.457369481955157
2020-02-22,5.919015796930557,10.438100470980311
2020-02-23,6.827931960113063,2.115794645545804
2020-02-24,7.582719573613036,-1.9069693863528787
2020-02-26,-6.165525572072066,-4.051665408758359
2020-02-27,-5.4613563795407085,-3.1630390093755274
2020-02-28,0.5848553467638512,-2.8534417707631556
2020-02-29,0.7260764284957855,1.0959896311418234
2020-03-01,0.8095693215801765,4.2894496158087705
2020-03-02,2.9481188579899937,3.951128481078349
2020-03-03,-3.617743943353116,-1.7846148947710756
2020-03-04,-7.733992561953012,1.5730892125992426
2020-03-05,1.3224242586901045,4.373914540465858
2020-03-06,3.1972527248308777,1.7915884347112658
2020-03-07,-1.5793621331431509,0.15484410570045917
2020-03-08,0.21310218504486408,1.9801506952617627
2020-03-09,2.0468318621131263,6.040730010355321
2020-03-10,2.0278101288071895,5.273006155937222
2020-03-11,-2.2990835701373875,3.020121839875734
2020-03-12,3.8145408790028426,2.347321928072898
2020-03-13,5.904181820908966,-3.2859788960503575
2020-03-14,3.3453651252305585,-4.628986067452744
2020-03-15,4.734053976629946,6.050450440214069
2020-03-16,3.8503142412491105,1.8637232202264378
2020-03-17,2.4527419553118417,3.8458882857424137
2020-03-18,3.821843150802665,3.108655889767619
2020-03-19,5.50905920634089,-0.6339213765034861
2020-03-20,0.6288835288186542,-3.587878718339214
2020-03-21,0.2927475947276019,-2.31991377218161
2020-03-22,0.13603476087863628,0.646631118740374
2020-03-23,3.4608004361906954,5.127788817883244
2020-03-24,5.887274368874171,5.484446600110689
2020-03-25,6.282518388188208,5.450270767168834
2020-03-26,4.116614460260835,3.433337401512556
2020-03-27,2.660442110508081,3.1604578012956797
2020-03-28,2.484058095801768,-0.9158537389186066
2020-03-29,2.189199299642357,-3.982737117220023
2020-03-30,0.03184908609257656,-1.42775500467558
2020-03-31,4.8300806757740276,2.3003079149874486
2020-04-01,6.060561974704144,-0.2819416823051819
2020-04-02,3.7838499785627624,5.588441123304542
2020-04-03,5.7519412472135105,1.9706140026559078
2020-04-04,5.85533666012093,0.2186602527657169
2020-04-05,4.411199174578989,-1.637348674194969
2020-04-06,1.7721197422788928,3.1538574753085182
2020-04-07,2.8819676806459413,4.124618268618675
2020-04-08,4.625190880302455,1.5057488089223936
2020-04-09,4.64934410807371,-0.6795567877426837
2020-04-10,4.467965314273069,-3.1788557349877773
2020-04-11,4.0176284642805,-1.659535122526889
2020-04-12,2.014995038075364,5.91628767009222
2020-04-13,5.758567286477123,0.6714677446583359
2020-04-14,3.163638767278301,-2.779067094268843
2020-04-15,1.874718527195242,-0.39187011708788866
2020-04-16,1.605900387194968,-1.9670452726761334
2020-04-17,5.798853718661959,-4.712411826654486
2020-04-18,4.326876904835678,-5.925977184232382
2020-04-19,1.123221668034896,-4.601424010999873
2020-04-20,1.439429039879906,-3.181448366886595
2020-04-21,0.38878393318446325,-4.371195098435705
2020-04-22,-0.35753535088627975,0.27338928684884933
2020-04-23,1.2981069351041683,-2.853572168095644
2020-04-24,2.3377933768606685,-3.8038362654675755
2020-04-25,2.6080244963686714,-3.2889127111052114
2020-04-26,3.094465324582481,-1.9236746372363371
2020-04-27,1.4622063530168434,-2.574615478395996
2020-04-28,-1.8767872105710086,0.5416325860834997
2020-04-29,-0.8373967048381206,-3.3082541967247607
2020-04-30,-1.3920945778146296,0.49922281341792285
2020-05-01,-5.783725883805912,1.8776669661964063
2020-05-02,-5.305018172906646,3.2472794471547357
2020-05-03,3.2990268922860992,1.2013544013057695
2020-05-04,2.634368806640641,2.090087367852166
2020-05-05,0.17003755729000053,0.9812914775852292
2020-05-06,3.250279968700997,-2.795127665153936
2020-05-07,3.7798397930033616,-3.418773995071679
2020-05-08,1.870888504958999,1.8854970177498027
2020-05-09,4.787645411019546,-1.4043091929094618
2020-05-10,-2.4935026153590862,3.2739965268812377
2020-05-11,2.8618054301373563,-0.6245192015702802
2020-05-12,2.6511348757205364,-0.7989871004643987
2020-05-13,-1.1446889456254108,2.7769601418022987
2020-05-14,4.076906103629216,-0.32973129145969704
2020-05-15,3.520586739152724,1.3246571853844435
2020-05-16,2.420613994206801,0.9265193896545445
2020-05-17,2.910866237208842,0.5803058615176335
2020-05-18,3.198987150947697,-2.0325281620411477
2020-05-19,3.093705405815427,-0.36974099255896764
2020-05-20,1.9393658028725624,-4.924542948196102
2020-05-21,0.5593127838162941,-7.424960557724749
2020-05-22,-1.067253347845347,-1.91045966801385
2020-05-23,-0.9494008027155424,2.91349058899002
2020-05-24,-2.328275549400996,2.1436494976403684
2020-05-25,0.818587296990792,-3.5191657417807414
2020-05-26,2.410038141243128,-1.1067368672909572
2020-05-27,3.4657471292145567,1.2567614377922607
2020-05-28,3.004661739140738,-2.5012373075512637
2020-05-29,1.7865032008061634,-3.8147771703595104
2020-05-30,-2.0071971990478406,-5.2716589190594565
2020-05-31,-2.404697424206207,-5.33523480347311
2020-06-01,-1.302114271176603,-0.4875608366975883
2020-06-02,-2.2914949581305124,0.9868076026069813
2020-06-03,-4.0033443066141174,0.44850850229668476
2020-06-04,-2.539363830225096,-1.6547003207576807
2020-06-05,2.0611401304192025,0.08143703728061986
2020-06-06,-1.0133170856435039,4.767129814381955
2020-06-07,0.7026131743045784,6.0853661093637035
2020-06-08,-0.7323811361947815,-1.2822744287823058
2020-06-09,-0.3374269898209479,-4.853346141086664
2020-06-10,-0.5607115203805653,-4.097921001103717
2020-06-11,-2.1829238748220585,-1.4917217480034586
2020-06-12,-3.939608945060475,-0.9780323085002269
2020-06-13,-2.4107957497252617,0.5416089801649029
2020-06-14,-3.0208120632935818,-0.040449206198094556
2020-06-15,-3.783973718791191,0.05568174016056217
2020-06-16,-2.5918280097586006,0.1950783138520165
2020-06-17,-1.264257460628991,1.55207840942572
2020-06-18,0.43433509075258575,0.8828871803650792
2020-06-19,-0.9175984265530642,-2.4197423215594727
2020-06-20,-5.100515989471334,-0.21206681281137618
2020-06-21,-3.334978127201703,0.44100911688988964
2020-06-22,-2.0284208858920847,0.6135780092077178
2020-06-23,0.8645090918697339,1.4848142742409376
2020-06-24,0.873512851440864,1.1155651473610395
2020-06-25,3.115423366915566,0.31030343752638373
2020-06-26,3.2954764948274953,2.2276714697136417
2020-06-27,2.5912038318388255,1.8912047828896157
2020-06-28,-3.4171740071301002,1.3505063219915276
2020-06-29,-4.81644744974137,2.315666606218568
2020-06-30,2.753189890235301,-0.21324418666398087
2020-07-01,4.191780395455746,4.11058619154889
2020-07-02,-0.16644172961782194,1.202154061325764
2020-07-03,3.703193942867502,3.8815000965837454
2020-07-04,2.272280066854511,5.348206754211332
2020-07-05,0.3840039244336829,2.3507698290775263
2020-07-06,6.351291078597532,7.617216268936798
2020-07-07,2.745678744263356,5.925785035564693
2020-07-08,1.1276229591861398,4.0476418939746805
2020-07-09,2.713576888255082,2.5950673904753865
2020-07-10,0.8882617797791214,3.847297366346669
2020-07-11,-0.1797581466937766,-2.254446419779849
2020-07-12,2.3555840953831133,2.7497009459763317
2020-07-13,1.3096975239772863,0.6232968379624442
2020-07-14,3.1332488011963173,1.3186528738342806
2020-07-15,1.1243671936317143,0.3355411978664481
2020-07-16,0.3928683690450781,-2.908877273209961
2020-07-17,1.7248578103962071,-1.6029440752226385
2020-07-18,3.2244793997362766,2.278801488055096
2020-07-19,1.7224532438391804,2.1611601878946396
2020-07-20,1.6048451334068337,1.0009730397344616
2020-07-21,2.220802058634806,1.7998563172571875
2020-07-22,5.8090294762133645,-2.4211899164327684
2020-07-23,6.134680508485098,0.4276429600889444
2020-07-24,1.5236753693858465,4.155636832660715
2020-07-25,0.5886008750206282,0.5841871532010835
2020-07-26,0.5272404524861807,2.573089182281962
2020-07-27,-4.15934796957351,2.3676098326080064
2020-07-28,-2.397403547410946,1.5914634584233138
2020-07-29,0.5920505209418336,1.1846767414270043
2020-07-30,1.4783812656875894,3.190083581747966
2020-07-31,-0.07365462340695222,-4.181409630818379
2020-08-01,-0.11356341371449136,-2.955963224057343
2020-08-02,3.0461669618367813,1.655972645910048
2020-08-03,2.25342565920362,3.4838153681514274
2020-08-04,0.3983232659869505,2.697968213551274
2020-08-05,3.1499305598248832,0.4374426274184821
2020-08-06,1.7698072150655435,3.2994569361825876
2020-08-07,1.1363302379178624,1.771381075793997
2020-08-08,2.3524902975581226,0.8631339589333675
2020-08-09,2.7903003067567425,0.24023839868001282
2020-08-10,0.4784755439329276,-4.62436197349528
2020-08-11,-0.4049034594905004,-4.380748081514348
2020-08-12,0.2105507441355431,-0.5731405180274161
2020-08-13,-3.570901767410924,1.2115716177469147
2020-08-14,-0.5939287312243614,0.9229834658902352
2020-08-15,2.5865614943193007,0.30435266716434733
2020-08-16,3.8235028905108215,-2.0446977627365635
2020-08-17,2.562314135786868,-2.4999645174381673
2020-08-18,0.09728409829674124,1.1200329009175845
2020-08-19,-1.6460601226596439,2.061956600319594
2020-08-20,-1.8947427106657733,1.5018159844377728
2020-08-21,-2.458347939940098,2.320562832283959
2020-08-22,-1.505449593120817,4.875717029869208
2020-08-23,3.558977785192528,3.9863878599905367
2020-08-24,3.3963529435632354,2.5200085511333494
2020-08-25,0.7384444570181766,1.3176345148836053
2020-08-26,1.8959223490510917,0.7133391575090104
2020-08-27,0.16999623959981924,-2.9480996929609256
2020-08-28,-0.5367773317177764,-2.5819079280123227
2020-08-29,-2.4345706625815042,0.3594473320528414
2020-08-30,-2.242135588592948,-3.2744180319983283
2020-08-31,0.3446754391457172,-3.2819513448914654
2020-09-01,-0.8333384969781747,-3.5405422014003927
2020-09-02,-4.22595480808534,-1.4204700813739906
2020-09-03,-4.210060663419757,0.5422555642662326
2020-09-04,0.374119460792966,4.788895506281561
2020-09-05,1.9056642915239885,5.236119515858437
2020-09-06,1.890020920971988,3.5409681201402115
2020-09-07,1.7389595223073124,2.40080691901791
2020-09-08,1.1970703556534261,2.8169493142912914
2020-09-09,2.0567570946493077,1.8421626063593488
2020-09-10,8.036845926783133,-0.8963703679862973
2020-09-11,4.184848444642471,1.2265912411941473
2020-09-12,3.2125688635785425,5.664765322527645
2020-09-13,6.180430999892445,2.670027631900919
2020-09-14,3.776430259952556,0.3354275690713537
2020-09-15,1.9232161920418016,-0.9274933208294941
2020-09-16,0.15506284196447007,2.678966642744972
2020-09-17,5.523468870912267,-7.301824772838573
2020-09-18,4.223379361884624,-2.3635584811791577
2020-09-19,4.823186703706504,-2.4431921440903808
2020-09-20,4.194337832896312,1.114152327816079
2020-09-21,4.113237830862927,2.6614207137650947
2020-09-22,4.013344959567233,2.015398016491962
2020-09-23,0.2582749160125544,3.2511131680311878
2020-09-24,-1.5215084968821915,2.9202057345856423
2020-09-25,-1.1201063414649257,2.0538466366843777
2020-09-26,-3.7453177139641407,0.6367693972811864
2020-09-27,-3.4384262408877646,-0.5967826576151606
2020-09-28,-3.3179856531010596,-0.1627150051514934
2020-09-29,-2.395685606711943,0.46939353219175095
2020-09-30,-2.28843103319034,0.7018520135964799
2020-10-01,-3.197376678327441,-1.6213759120240228
2020-10-02,-3.8224315369838076,-0.8217603005844665
2020-10-03,-4.671721170221589,-0.5549894060434283
2020-10-04,-6.724778367720896,0.9107294987756157
2020-10-05,-1.837265167175767,2.711597414784588
2020-10-06,-3.657776418775272,3.1476811400529394
2020-10-07,-2.2569737468811777,2.8736006375357617
2020-10-08,-0.6194962844780777,3.845267664545264
2020-10-09,0.012505074607662932,4.932651270777156
2020-10-10,1.6210397967250012,3.226739674297189
2020-10-11,-0.15903294229258183,1.5294570771185876
2020-10-12,0.09673911295440539,2.4280361389459064
2020-10-13,1.0993950109986115,0.23354134443648564
2020-10-14,-0.8623692462493591,-3.6065185756850893
2020-10-15,0.35655051859616677,-4.196541908687431
2020-10-16,1.5095077799533796,-2.4669848748975225
2020-10-17,2.5851468570975875,2.038342652330826
2020-10-18,2.9353903788189366,0.46084157236745626
2020-10-19,3.602428443552385,-1.4469736196480678
2020-10-20,1.903028301136448,-1.933842449287139
2020-10-21,-2.897501512314035,2.3903691723409457
2020-10-22,-0.7618683945891669,3.237870055680192
2020-10-23,3.9702616580212338,0.07247301866803317
2020-10-24,0.9005642512275233,0.30431689257715144
2020-10-25,-1.1673808746389547,0.4371091613897881
2020-10-26,-0.2672623025886783,5.896555712341309
2020-10-27,0.26050955289179906,5.347319875536557
2020-10-28,2.117005262363443,5.186831294311002
2020-10-29,1.4187421596561387,4.298616446511477
2020-10-30,0.2636650415762309,0.5341708710351036
2020-10-31,-0.4690504254640441,-0.817906451520004
2020-11-01,-1.6804344859105615,4.630863462519317
2020-11-02,-2.5255759444366683,8.521096565668467
2020-11-03,4.236422327963983,6.2271790888712975
2020-11-04,1.8993265792470213,2.784393432981031
2020-11-05,4.6831191404903985,1.850961248247919
2020-11-06,4.346567586167885,-0.34573298742794034
2020-11-07,4.211651629715176,0.5346118428636095
2020-11-08,2.5056290959287413,-2.0880946035272325
2020-11-09,3.602542973716188,-0.34847158002439643
2020-11-10,1.3080337496041623,-0.8507991765158603
2020-11-11,-0.17442958769132388,0.21228655249893363
2020-11-12,0.5085349998246271,3.4141247930841776
2020-11-13,-1.38533379706867,3.646169624000138
2020-11-15,-1.7578888577829253,4.120994116595067
2020-11-16,-2.9998463533434934,5.051765996115857
2020-11-17,-1.0002083293533937,6.368070890652213
2020-11-18,3.7839330150085706,5.550919149343605
2020-11-19,7.236959000055449,8.6978780538348
2020-11-20,4.621777523858845,-0.5921534461424518
2020-11-21,1.923869576168974,4.999289394046136
2020-11-22,3.245333921008843,3.228993677713038
2020-11-23,3.6956197358579694,1.736900840906715
2020-11-24,3.1520645678957866,-0.8842388290406866
2020-11-25,-0.9026361795597154,1.3264799042742348
2020-11-26,3.6545610556585437,0.5803303744890213
2020-11-27,0.8856063233744211,-4.544466848238638
2020-11-28,-1.7193073121209501,-3.1879056716994545
2020-11-29,-3.393342458853072,-2.200621338113968
2020-11-30,-1.893546620444818,-1.2948030472202978
2020-12-01,1.3555965074120269,3.50629623076052
2020-12-02,1.2015659673349561,4.623248486060341
2020-12-03,-2.4088084886724572,4.358411437651758
2020-12-04,-4.3862736973768675,5.310843759616055
2020-12-05,-2.127530096310509,5.613890180722283
2020-12-06,-1.320576191102075,4.978452667579083
2020-12-07,-2.325312073990511,5.640014804707665
2020-12-08,-2.8357632194190576,3.840397504975105
2020-12-09,-2.066513522173311,3.938964488446755
2020-12-10,-2.1735355453046648,0.6269213516085929
2020-12-11,-2.8087227592862423,0.5218750689749627
2020-12-12,-3.118667800824102,0.43285564767329027
2020-12-13,-2.1662176913285776,2.3803261835020897
2020-12-14,-1.5264020694021139,-0.716824394769407
2020-12-15,-0.6437064284316791,2.262979493404598
2020-12-16,2.166602718117628,2.8413915635316234
2020-12-17,1.679646728440685,-1.1945937035056202
2020-12-18,-2.9563387229486326,1.8090019642766177
2020-12-19,0.7871604149051339,1.9279830048511415
2020-12-20,3.777021626299027,4.764338009112382
2020-12-21,2.5834735010402334,6.161809041734918
2020-12-22,0.3913331536492883,5.115176264981805
2020-12-23,-1.0032496622513059,3.8426601674550414
2020-12-24,1.8577825834479498,1.0160684663558726
2020-12-25,-1.101657669686115,-3.751714965750157
2020-12-26,0.2818267368177427,-3.038562882598193
2020-12-27,-1.8000423883149752,6.047377146258453
2020-12-28,-5.188075807289126,5.875867568982534
2020-12-29,-6.04399006061508,3.2488562272716015
2020-12-30,-1.8506319531435713,5.01841937596239
2020-12-31,-1.1618852212625057,0.7896560754987199
2021-01-01,0.038810073195695904,0.46131648900824423
2021-01-02,1.5250222861981564,-3.598526364450668
2021-01-03,2.4279858857614784,-3.105690579988229
2021-01-04,-1.281368959097561,-2.9861922756374844
2021-01-05,-2.048067929975504,-2.709429472411466
2021-01-06,-2.6282498553540017,-3.073770631716955
2021-01-07,-5.250489902891675,-2.7067600127704057
2021-01-08,-3.972955367909882,-3.0902965469268393
2021-01-09,-1.2110934179163786,-2.0510922825903752
2021-01-10,-1.8109271617285025,2.076450936231624
2021-01-11,-1.6273929979102568,4.941534034150978
2021-01-12,-7.006204092253778,5.355953945087555
2021-01-13,-6.8738488783672125,-2.086152681008828
2021-01-14,-1.7306010081858172,-4.457753229386368
2021-01-15,0.3960796318286108,-3.5446678441878663
2021-01-16,-0.400334894556859,-2.11834329308307
2021-01-17,1.5832070158626987,-0.510277264934252
2021-01-18,-0.5338406789283598,-0.25468199819608545
2021-01-19,1.2227613155829276,3.08937568508716
2021-01-20,-1.3426893900518277,3.227095794725053
2021-01-21,-5.837959603825448,2.896742421180368
2021-01-22,-3.1704293724973587,3.308921679729352
2021-01-23,1.1448579229333598,6.559333284749221
2021-01-24,-2.217012789564726,2.3732000323485543
2021-01-25,-2.128985265200656,3.1400780080799424
2021-01-26,-1.250611635138613,-1.054017448501587
2021-01-27,0.1730163121081196,-2.134704783549103
2021-01-28,1.2001230832901462,-1.6175833040884988
2021-01-29,0.5247446013794476,-4.423612673769896
2021-01-30,2.0396393690313297,-5.205291762820411
2021-01-31,1.6064517702831533,-2.2909403715218626
2021-02-01,1.2120761521400305,-0.3227669999631101
2021-02-02,-1.540160498459215,-0.6529227199604439
2021-02-03,-0.7507365886441686,-4.741133075185899
2021-02-04,1.893959210823208,-4.220494827560816
2021-02-05,1.1335566132143482,-3.814008579227742
2021-02-06,1.2457682646302677,-2.756681926737841
2021-02-07,2.599498155427256,-2.792556242302131
2021-02-08,-0.6612557124864611,-2.2459957912699533
2021-02-09,-1.8037534388373382,-1.5369798001070536
2021-02-10,-0.7043679231493749,-1.401896516083996
2021-02-11,0.26290774738590517,-2.8003357749986053
2021-02-12,0.9886317904192609,-0.6960675272844714
2021-02-13,1.4258792246697929,-2.139665702233408
2021-02-14,1.2002424930065736,-4.741310988697101
2021-02-15,2.2838472632547053,-0.14452698354034904
2021-02-16,1.7353083498449011,-2.9983246288999963
2021-02-18,0.47916823917523466,0.4963549043669896
2021-02-19,-1.6277075538399224,2.569974999281373
2021-02-20,-1.7599747319885517,2.5541815785887585
2021-02-21,0.2650434671411622,1.847672583886526
2021-02-22,-4.810146345406721,-1.1171611680465696
2021-02-23,-4.804905093874962,1.6939819602407218
2021-02-24,0.5201246425807886,1.5972347763004395
2021-02-25,3.355170975390121,1.947105979824116
2021-02-26,4.1075341343436245,-0.9553674179352899
2021-02-27,3.328772075325136,-4.3863118476517675
2021-02-28,3.636697003129528,-2.418199382439161
2021-03-01,4.233560421659642,0.3362873474993238
2021-03-02,4.981254805600564,-2.850755462355166
2021-03-03,5.210345975930259,-0.4315968771752119
2021-03-04,2.978945729606176,-3.5849945200227538
2021-03-05,2.327705666000539,-3.491002397837458
2021-03-06,4.231263135727725,2.6759410723516535
2021-03-07,4.638072734969173,-4.201152887073778
2021-03-08,0.7577023841599599,-3.8803153840750615
2021-03-09,-5.006690216365457,-0.2783627818613513
2021-03-10,-5.482248697790094,-1.839637149504018
2021-03-11,-3.827216248898902,5.2950050159757405
2021-03-12,-4.799208038191115,3.8884337392790744
2021-03-13,0.7672147072668389,2.96696898683328
2021-03-14,-2.29886622961858,0.7285822126071334
2021-03-15,3.049185779997869,-1.697767557619303
2021-03-16,2.0163129570967615,0.9446370551189426
2021-03-17,0.6282935518627506,-2.6341534040243295
2021-03-18,0.9909958131897598,-3.396180827433251
2021-03-19,-0.34195211859197816,-3.722545462664144
2021-03-20,4.274380743903718,3.472219034529666
2021-03-21,5.544523714754484,-3.2219822904746267
2021-03-22,2.561915058045523,-3.3052912497551583
2021-03-23,1.8417722660904896,1.9921139871525464
2021-03-24,4.159171687796382,4.791300732221917
2021-03-25,2.9829526751326445,2.218578335323233
2021-03-26,0.8761714639355742,2.2244669881280177
2021-03-27,-1.4051903180162038,3.037653377284196
2021-03-28,-0.11996666132332427,3.873844573227918
2021-03-29,1.1468343794778075,7.255055147914064
2021-03-30,3.685958967290502,2.878255690201812
2021-03-31,3.4599794837238016,-1.012460771604318
2021-04-01,4.041154312980839,-2.576922591918136
2021-04-02,2.937719986080129,-1.0799059273373544
2021-04-03,2.2283741008201754,-3.6277947680752196
2021-04-04,4.708472421662935,4.149837949410549
2021-04-05,5.16974349997646,9.065643144967913
2021-04-06,4.062010718798704,7.262305580923348
2021-04-07,2.333734112638275,6.427152499710835
2021-04-08,3.810970175872984,-1.1253065129173847
2021-04-09,2.3916384659481595,8.223948497782416
2021-04-10,5.037959561664631,7.19216630252211
2021-04-11,1.0740015833451437,3.8205130808797243
2021-04-12,-2.641990913420736,2.899827912510239
2021-04-13,2.9177485131217997,2.0819400823789356
2021-04-14,2.4553971890462356,-0.8652730390027226
2021-04-15,-1.3397017799509636,-2.7047707370231806
2021-04-16,-3.919608555030423,-3.191089198295899
2021-04-17,-4.033359157269331,-2.577592188982257
2021-04-18,-2.9531371714604835,-0.8244881016194561
2021-04-19,-2.945340943751833,-0.3833424337684274
2021-04-20,-3.5823002762382656,-0.9735377125020291
2021-04-21,-2.288319052247428,1.4914924723746465
2021-04-22,-0.27614257628636024,2.327097585551621
2021-04-23,0.4025157134760518,0.015337194790444616
2021-04-24,2.221937402920479,-1.2328625492259317
2021-04-25,2.313181728762288,-4.87227156735085
2021-04-26,0.6502601280284487,-4.101644549903509
2021-04-27,0.8121626146458909,-3.4944510800134827
2021-04-28,2.5136350376922643,-1.5411221777194344
2021-04-29,2.0846162478193495,1.0663261386949874
2021-04-30,1.1507453687056166,-2.2259292378273505
2021-05-01,3.253375778261041,-1.3310203637052587
2021-05-02,0.13809281825374026,-0.8662613548931969
2021-05-03,-2.1302366626983344,-3.62107221944966
2021-05-04,-0.4541499849658955,-2.8152816231118605
2021-05-05,-5.297253756355918,0.09988854925750928
2021-05-06,-2.439105023533848,-1.1707089614269937
2021-05-07,-0.05089430536897929,1.786175351369123
2021-05-08,2.6179651881843764,-1.289251755182922
2021-05-09,2.5087434493731595,2.928073834353392
2021-05-10,-1.0860806901077729,3.70526557833487
2021-05-11,-0.7433549240016216,4.156932921111683
2021-05-12,-2.9836026746903017,2.437971447793891
2021-05-13,-3.3006651505927365,0.9768715309835457
2021-05-14,-2.9346504239700373,1.247801955493224
2021-05-15,-1.8052186918139204,1.6794744729607602
2021-05-16,2.3579757771718413,1.5902279819715408
2021-05-17,-3.395848965127479,1.187975825923232
2021-05-18,0.7517528189042376,-2.28254720254259
2021-05-19,1.2409230713725234,-1.290447167600233
2021-05-20,2.3726028045570615,-2.7038944778421774
2021-05-21,5.634311296689004,-1.0931126438987822
2021-05-22,3.9320153695186857,3.9422146502691406
2021-05-23,0.368408353954033,-1.196935331219113
2021-05-24,3.941550368137689,-1.098215811368111
2021-05-25,-3.377350308830133,1.1408730535217453
2021-05-26,-5.699069379047412,-0.846336206664221
2021-05-27,-2.420184968581386,3.693983741318687
2021-05-28,3.0391794339712024,1.1740295671832928
2021-05-29,-0.5629990675511668,-3.866965423920268
2021-05-30,-0.2340079602547244,0.8846383501647009
2021-05-31,1.7713900373200577,1.9484855183902088
2021-06-01,-2.5298745243302014,-0.09398701432263679
2021-06-02,0.036305705781435244,0.10588941514192704
2021-06-03,-2.6569797838629206,-0.005639898705221407
2021-06-04,-0.5789362493566695,1.2187075416868591
2021-06-05,1.067564019872449,0.6777838655294667
2021-06-06,1.6413737581182513,-0.8643954372758845
2021-06-07,0.3220669538259119,-1.128894186914621
2021-06-08,-1.7108842474286954,0.22777334122110218
2021-06-09,-0.5015636809810657,0.8148034730625033
2021-06-10,-0.642915300007281,1.0748624641612257
2021-06-11,-1.760031076209041,1.508985208360017
2021-06-12,0.29622915283055906,3.611747632332831
2021-06-13,2.758665827353433,-2.8518691781416647
2021-06-14,4.158608315536677,3.442108695054326
2021-06-15,5.39925655871141,2.530528478929447
2021-06-16,3.2853890293088135,1.6567652428297668
2021-06-17,1.6649907946091693,3.093975289870464
2021-06-18,2.054015562350294,3.8830987754271833
2021-06-19,1.739768494540059,3.831067103736892
2021-06-20,0.804174188060109,3.7765626730915396
2021-06-21,0.2812768137095289,3.8261751658868066
2021-06-22,-1.8434674181915554,2.6934379818632395
2021-06-23,0.07388202758084762,2.0865253410072153
2021-06-24,1.005587258776281,-0.33722711327763055
2021-06-25,-0.562267953355654,1.4700228203400603
2021-06-26,2.1446621511980584,1.8018616790213018
2021-06-27,2.766636051625787,-0.6712347447607878
2021-06-28,2.102464031691942,-3.0932409805606476
2021-06-29,1.6540038972596216,-3.4235861716879197
2021-06-30,0.4175359617294237,-2.0655850932931488
2021-07-01,-1.4016202009829404,-4.145697813553699
2021-07-02,-2.159646690548133,-0.4622225590935406
2021-07-03,-1.4457645548605271,0.3007921090489865
2021-07-04,-3.0102024171731316,1.099932204786093
2021-07-05,-3.3391521813822913,1.1854109417513556
2021-07-06,-2.474954877552672,1.9109083047807784
2021-07-07,0.12355150684035944,3.112347945353311
2021-07-08,1.089484527628287,-1.1345568099674381
2021-07-09,-0.8647190897367605,-1.0123664472304783
2021-07-10,-3.0580757073449507,1.6380581517705517
2021-07-11,2.537913574126531,2.956736921543103
2021-07-12,1.5791251755143536,2.3795170521808666
2021-07-13,0.4356358416450939,1.7586905242858824
2021-07-14,0.02480535507701056,1.6723824350137455
2021-07-15,1.4664593109688822,1.851463296724936
2021-07-16,1.5411625786559597,-2.705333866346394
2021-07-17,0.6659123710510694,0.12550238642015055
2021-07-18,3.6802612439319136,1.1719278761999696
2021-07-19,4.299307894641711,-2.3023530637667387
2021-07-20,3.329137542114092,0.13679115981175882
2021-07-21,3.638796474324984,-2.8377194270054056
2021-07-22,5.829554182735363,-1.2783853937898895
2021-07-23,3.084162827846146,-2.7621993626111565
2021-07-24,1.5415642762613055,0.6925664595967242
2021-07-25,1.6956066701193369,1.2350366391441316
2021-07-26,0.6087204491513568,1.721571417237185
2021-07-27,-2.8339083880269382,1.2517843188203657
2021-07-28,-2.410991753043245,1.6023978162531305
2021-07-29,3.975930104993924,5.156860747591782
2021-07-30,1.9696404717212244,5.5534782038233
2021-07-31,3.667913547665716,1.064770288280557
2021-08-01,2.01687070419516,4.374600389880641
2021-08-02,0.9821192579043545,3.6185301743078346
2021-08-03,4.0673175357757465,-2.3037455160298994
2021-08-04,3.279384249397938,1.436209701316869
2021-08-05,1.0434362550870548,0.6896726938231358
2021-08-06,-2.944729911055717,-1.08503413745821
2021-08-07,-5.617963966645732,-3.2177386086296447
2021-08-08,-0.5750368119466317,2.130402477876195
2021-08-09,-0.08118097121987078,3.382897937414135
2021-08-10,1.5429472787613596,4.089173751205711
2021-08-11,-0.8607380974543037,1.2612572195660197
2021-08-12,0.4533335507638202,-0.8187545397410699
2021-08-13,3.270256882912596,-0.11824525554320911
2021-08-14,3.0284735374835448,4.748837948842758
2021-08-15,3.5034310615396267,4.6268086247648945
2021-08-16,1.6165587892643352,2.8076514296379664
2021-08-17,-3.3962826147529186,1.601117779852702
2021-08-18,-1.2962652453559274,7.527186649518775
2021-08-19,2.6078632022052077,6.058347414943384
2021-08-20,3.9883633694541194,2.963838918128956
2021-08-21,1.1379414104651338,1.7216520122295216
2021-08-22,3.7801061087028973,-2.2029994274126397
2021-08-23,3.4444039877018247,-4.886588748768532
2021-08-24,0.584182086703649,-4.1260904319625435
2021-08-25,-1.0922273606030612,7.526760968439111
2021-08-26,-5.5759359071501,0.17675089968705918
2021-08-27,-4.848841119467317,-3.4331003944723006
2021-08-28,-3.2501670331009005,-2.699470717036974
2021-08-29,-2.6730989274979366,-2.377103134042579
2021-08-30,-2.084480617097361,-2.1877634171424374
2021-08-31,-0.19865872418977681,-2.2867227911843577
2021-09-01,3.3372960041593225,-3.796607200083202
2021-09-02,4.588422892648378,-1.7350131777507283
2021-09-03,3.8830620992637264,-4.555886600834904
2021-09-04,2.8362114406247416,-3.76058925398688
2021-09-05,3.2104412226182673,-1.9403058878224395
2021-09-06,1.6220779552250493,-0.19989946032933628
2021-09-07,2.3086026476431782,1.5628687693183176
2021-09-08,3.451864711991124,2.084486099839197
2021-09-09,2.208553391575324,1.7986606284932536
2021-09-10,-1.8395582623498081,-0.015096712254603175
2021-09-11,-0.9181589866490871,0.08940092306995431
2021-09-12,-0.6963499314035438,2.4219051671823717
2021-09-13,4.849121208401295,-2.204420438366273
2021-09-14,5.8000012211625975,-2.809314352216538
2021-09-15,1.7793041453513663,-2.7260347195387187
2021-09-16,-1.9443869564324967,-1.314891991657025
2021-09-17,-4.209313833391284,-1.5762787969562237
2021-09-18,-3.364117346724667,-1.637542621607274
2021-09-19,-4.472966447436929,-2.8774190988466644
2021-09-20,-3.9163011441299727,-3.292439561414045
2021-09-21,-1.4470048022722348,-2.838428888587706
2021-09-22,-0.8551360780274896,-0.7487646326677571
2021-09-23,-3.3030004803438078,3.8158867899780353
2021-09-24,-4.901518987855034,0.5079041056946133
2021-09-25,2.493622169914472,-0.22628950884250235
2021-09-26,2.2660935652921843,-3.0306291555498857
2021-09-27,-1.1450436592141702,0.30482751406924136
2021-09-28,-2.7348104891888094,0.3561711463022228
2021-09-29,-2.630570148890858,0.7985676572366808
2021-09-30,-3.2053144622078893,2.810160711272183
2021-10-01,-1.688633179511092,3.1906754079497395
2021-10-02,-2.1464406058679186,3.656712579759992
2021-10-03,-3.9810785749362765,3.1858662948648138
2021-10-04,-3.990900399916562,5.144873351992713
2021-10-05,-1.9116251348009592,4.83405272541408
2021-10-06,-2.8401382192149076,5.250810382844111
2021-10-07,2.2509481143939767,6.538148218202434
2021-10-08,3.232824411480704,3.497842127875765
2021-10-09,2.7472516084058967,2.64179779075667
2021-10-10,3.7310419532169306,5.043252289785084
2021-10-11,2.5053378409018694,6.646625913275702
2021-10-12,0.3481389531076596,1.893809020731903
2021-10-13,0.5628285455490448,-1.4722282634782944
2021-10-14,0.9111884874817436,2.696699562001047
2021-10-15,0.6229232098642379,6.519499021644061
2021-10-16,6.0933523722584,2.5308963235591957
2021-10-17,5.5420959893856105,0.41994962277090486
2021-10-18,5.160796658517709,-3.511902987460725
2021-10-19,1.886078020592254,-1.1823518189414401
2021-10-20,-0.9885202894564769,6.3059470797699
2021-10-21,2.7847593117535903,4.001956866635754
2021-10-22,7.710046432888934,4.215532942855347
2021-10-23,2.7701893079744067,-4.382081514356211
2021-10-24,1.1247481204616188,0.8693498212318266
2021-10-25,4.7179849272341485,4.744995381938182
2021-10-26,3.5293929180840085,3.947969746926683
2021-10-27,2.706413214513668,2.1277380750123953
2021-10-28,2.4465881083124965,1.4794639438674155
2021-10-29,4.366288687825661,4.43229497014333
2021-10-30,2.2805754862673258,3.5432513558856713
2021-10-31,0.6929571677717581,4.10883056281561
2021-11-01,-1.6479460628068903,2.580122143760929
2021-11-02,-3.3648088470411954,2.785226427217166
2021-11-03,-3.990570576625448,2.5006063349884466
2021-11-04,1.4247520012911878,2.9971578803953784
2021-11-05,-0.04247328717058483,-0.07291339867794393
2021-11-06,3.268028294933799,1.0336865435751355
2021-11-07,-1.0811864890031209,-1.057557932660864
2021-11-08,-0.42671221004532517,-5.845624597260152
2021-11-09,1.5115715064781092,2.7355162928972763
2021-11-10,3.9159849376100295,5.481197832092992
2021-11-11,3.3506773344674654,2.44008738357661
2021-11-12,5.284064365696664,-2.53814177466954
2021-11-13,0.9705916547697779,0.021299126316919003
2021-11-14,0.6411237510501174,-2.2407564834601694
2021-11-15,0.9063140320924874,2.1717370616295315
2021-11-16,3.684187794899398,2.5209769147757775
2021-11-17,1.4511478276747982,4.435210744363156
2021-11-18,2.727492420509418,1.9325877902490927
2021-11-19,1.765368829061257,0.7525624753809059
2021-11-20,5.371018345104935,-3.348099746757649
2021-11-21,2.3274619024440026,-3.5738280972622505
2021-11-22,2.196100683693653,0.1288338593078532
2021-11-23,0.5295253654992603,0.2117867086788787
2021-11-24,3.511238157109691,0.08139330987255508
2021-11-25,1.6034124690533726,2.0107543799431093
2021-11-26,1.4892427953184673,-2.2055108442296363
2021-11-27,-2.590664679294777,-3.015845655572413
2021-11-28,-2.6867411165097836,-3.7487597818418825
2021-11-29,-3.4585335195485953,-4.880995955778317
2021-11-30,2.4956654587113767,-5.261728490017545
2021-12-01,3.6690751332020883,-3.0766376419089903
2021-12-02,-2.5830921912257034,-2.128453538364521
2021-12-03,-1.0329328161225375,-3.6311577004156046
2021-12-04,-1.8405980739248318,-3.122126219185737
2021-12-05,-2.3407375866016498,-3.7799804854649883
2021-12-06,-2.201885066119167,-3.0999324230305794
2021-12-07,0.3921745259507065,-1.6058090100290492
2021-12-08,0.055041856988245194,-1.2638064672008742
2021-12-09,-2.7852840588155185,0.03766072112592217
2021-12-10,-6.760509555830597,2.953022405157801
2021-12-11,-4.40424494693392,2.1546974072363345
2021-12-12,-0.6597276912116783,-0.16898196534642684
2021-12-13,2.0398334458507317,2.080852782680863
2021-12-14,2.2571965754627454,4.7180172317767886
2021-12-15,3.0804491559095966,1.9804820536478451
2021-12-16,4.280480377331467,-1.2742037446426004
2021-12-17,3.135468629242628,-4.094234108281966
2021-12-18,3.4046687292155084,-1.1166302377044928
2021-12-19,2.1242524810590755,-6.0243415752302845
2021-12-20,0.3872238808278665,-6.094612388788477
2021-12-21,1.2090658680468274,-4.418456439342123
2021-12-22,2.027932645904681,-2.0051086405245315
2021-12-23,5.8126853114527455,2.1544673003780255
2021-12-24,2.080202564773971,-2.268033339769232
2021-12-25,3.409422172111784,-1.085250275094389
2021-12-26,2.903402742738263,-2.6702995542931642
2021-12-27,1.132427240319557,-0.7621041385411992
2021-12-28,-0.9643385079715592,2.2511043937117377
2021-12-29,-0.4259734419189881,5.170592259111527
2021-12-30,-0.2778495870494063,4.480585850543248
2021-12-31,3.131516858072135,0.6956337664976372
2022-01-01,2.2407340348804152,-3.701448502407842
2022-01-02,-1.3530268839550341,2.530275376254883
2022-01-03,-2.9434925491692012,0.9643722252458253
2022-01-04,-1.1335386941253778,2.1298522204206387
2022-01-05,-1.0358492688921777,0.8401639284735027
2022-01-06,3.0748236050606828,-3.3390470403442682
2022-01-07,4.62667810145441,-2.1398793538766068
2022-01-08,-1.6078023053650352,-0.8372342941232007
2022-01-09,-2.2638295286390555,-2.1935267617349585
2022-01-10,-0.7105090300835445,-2.4955485523146677
2022-01-11,0.12098915016473942,1.0748091213041555
2022-01-12,3.357282562512776,5.798821193461433
2022-01-13,6.714356190937891,0.49298539954116205
2022-01-14,7.0889917846483455,-4.577287362975276
2022-01-15,4.905221596290259,-4.112939662766239
2022-01-16,4.1362786803940335,2.628952189246785
2022-01-17,2.3438376264262573,-4.034567459775192
2022-01-18,3.3310801442627582,-1.0379727146835205
2022-01-19,3.588277532971492,3.6652921183397034
2022-01-20,0.7195621600463731,1.0698055413127565
2022-01-21,1.624419161267086,-8.91556953968854
2022-01-22,0.997598046413055,-4.37174183569067
2022-01-23,1.8539581843838173,2.420223164591372
2022-01-24,4.889349125675306,4.663101846248851
2022-01-25,3.3757925259064,-1.4910648178876171
2022-01-26,1.2078616007931373,3.8415254575997997
2022-01-27,-0.4442385938605782,2.2353576281383623
2022-01-28,0.8003260111461102,-4.429432913631641
2022-01-29,-0.16062605626175722,5.450139053039442
2022-01-30,-3.819892284272246,-2.6086290000829044
2022-01-31,0.26922258091126844,-5.464982574415325
2022-02-01,0.22121763061831937,-2.5165995097661122
2022-02-02,0.668677500196289,-1.5610441231389096
2022-02-03,0.34948145731679764,-0.6445599361248796
2022-02-04,-2.622974359913366,4.75914523873942
2022-02-05,-0.2030209076030372,5.539941643442231
2022-02-06,0.6293780514565348,5.508665425340591
2022-02-07,0.6596258895300701,0.5962790285969628
2022-02-08,1.4786565283969484,1.3590354740756652
2022-02-09,3.1142216391994157,2.5043372384175457
2022-02-10,3.9344960182748414,1.820162193267073
2022-02-11,3.7472496111140035,-0.19473457317487616
2022-02-12,4.183083212563528,1.7902202759972305
2022-02-13,4.844458935125799,6.276591934015397
2022-02-14,3.4424020496489303,5.403944924321401
2022-02-15,1.3310469100414324,4.831117495967129
2022-02-16,0.9203219621619857,5.991034316778549
2022-02-17,-2.003363823156322,0.8498621407356461
2022-02-18,6.41596623448383,0.0166746362187696
2022-02-19,0.10259879197856284,-1.1558831303475186
2022-02-20,1.87492080277416,0.05008058730349441
2022-02-21,-5.437535095989425,0.9643620908665811
2022-02-22,-0.40609813681193724,-4.731955940493699
2022-02-23,0.6676405019338997,0.0509040297720802
2022-02-24,4.194739290026125,8.600999257606198
2022-02-25,1.1817302361100608,3.181420568357159
2022-02-26,2.8040143172833414,-3.0557002477064867
2022-02-27,2.013134297407015,4.089472327499119
2022-02-28,2.509484141305595,2.0315375955038064
2022-03-01,3.3903831605481747,3.768485758399517
2022-03-02,3.229590974488091,2.4000933074221824
2022-03-03,1.4688811758035845,-2.9771509380174135
2022-03-04,1.0091938046383688,-3.0432030907168617
2022-03-05,1.4554232256351285,1.6956017002459851
2022-03-06,4.213199046657816,-0.9589410003373862
2022-03-07,-0.3641725927766726,-2.9567227661847753
2022-03-08,-2.3480418788435036,3.2551673965347385
2022-03-09,-3.0369169091808903,-0.14454935085013243
2022-03-10,2.642872945197954,3.308388263820405
2022-03-11,4.371766941811623,0.11160714120732068
2022-03-12,1.0963875610630835,0.5131604245086802
2022-03-13,1.6397618501784588,0.04200549875863994
2022-03-14,1.9808219142188286,-0.46156542849307364
2022-03-15,0.25625301981110143,0.6204452397155666
2022-03-16,-1.509720503294455,0.5377542401693209
2022-03-17,-1.2139787758142797,0.957900771157743
2022-03-18,0.8472268653613839,4.3667809110759865
2022-03-19,1.9993783178194218,0.5004393059998291
2022-03-20,2.594304265147986,-0.4680587778268131
2022-03-21,2.631781886978644,0.1421062673350578
2022-03-22,2.3613402334883764,1.9734044268140494
2022-03-23,1.9516083841010927,0.5232306028448844
2022-03-24,2.839087259452633,-0.2627637952207381
2022-03-25,2.0642000872867796,1.9871911724919182
2022-03-26,5.9288589052422,-7.7460558452478425
2022-03-27,2.945499281839817,-1.2920981929257642
2022-03-28,4.58034846982661,-1.8394186570705102
2022-03-29,1.1307069369870109,-3.272496422113536
2022-03-30,3.781701652053396,-0.4374416215467666
2022-03-31,1.8235150223695966,-0.539922888602181
2022-04-01,0.10491620148727691,-0.8990967391855542
2022-04-02,1.0529061045328414,-1.333347925619479
2022-04-03,2.8480425381458976,0.2661009403749577
2022-04-04,0.8127774616897583,5.603013100439441
2022-04-05,1.1080976534744749,2.5488249038000785
2022-04-06,4.638775623088956,3.105314004576513
2022-04-07,-3.1045044825588746,0.5677501739855595
2022-04-08,-2.227102027710091,4.379296679775771
2022-04-09,0.45261554913065405,7.005881460697455
2022-04-10,2.739427252283055,5.333697704449397
2022-04-11,3.9585026918447355,2.72542748578456
2022-04-12,2.1790203720939063,0.8980402299547051
2022-04-13,2.0080700218155685,-0.9138203309424643
2022-04-14,-0.04200323247066043,0.5646523945228312
2022-04-15,-0.5366066627563469,-4.797556941255508
2022-04-16,0.043628117664847005,-2.663522469714616
2022-04-17,1.951000851839771,-0.348308380544394
2022-04-18,0.7719875763774557,-1.5312210493498997
2022-04-19,-1.201558520890192,0.8528877094488937
2022-04-20,-3.755261574092133,-2.0325249430182546
2022-04-21,-3.9327944612788546,-2.3055255537713046
2022-04-22,-1.0491278526099916,-0.3871585238902136
2022-04-23,-3.27988280591104,-3.2561491729041387
2022-04-24,-3.713331484890157,-4.772307802817128
2022-04-25,-0.19568017006264574,-1.8204305746226204
2022-04-26,2.724963885716184,-4.3623251944236445
2022-04-27,1.6948533272641793,-2.5375526352059588
2022-04-28,3.150699144081939,1.258693169606154
2022-04-29,3.168867056908814,-2.740207727932129
2022-04-30,3.8652976960307046,0.9726100790163045
2022-05-01,3.08791756504659,1.1517925829337317
2022-05-02,4.605300890042641,3.8270367595589967
2022-05-03,4.995025733423411,-2.3808424836967763
2022-05-04,3.544273564676268,-1.2139229974053798
2022-05-05,3.0526039006163606,3.4734302596723223
2022-05-06,2.433000897762761,3.250323524114922
2022-05-07,2.504174419275389,3.153529766170012
2022-05-08,4.409162011928953,-2.907684552138966
2022-05-09,3.9714763539104743,-0.013663421399818956
2022-05-10,3.6492699687558487,5.342242139343409
2022-05-11,2.591257335360992,5.603425375342696
2022-05-12,3.5527546443155864,3.0844110808995455
2022-05-13,5.1422239317364244,-0.029103021671441832
2022-05-14,2.121557664183132,0.8434618839301089
2022-05-15,5.140579874527322,-3.560163227056114
2022-05-16,4.058479987267813,-4.0662984431129985
2022-05-17,2.0964146465360374,-5.279558296420175
2022-05-18,5.317924450827742,-1.2578771885646174
2022-05-19,-0.9695766525495909,0.4080141245505456
2022-05-20,-4.33373660828235,0.38764799646232245
2022-05-21,-5.067683264017009,-0.8538084728253439
2022-05-22,-1.7170968218228033,0.43154924433504327
2022-05-23,2.7203089330991728,-0.1600048579918791
2022-05-24,1.0945681254097754,1.2484644437627324
2022-05-25,-2.433105402261572,2.5906942501919294
2022-05-26,-0.24969481426653592,0.8748087800301656
2022-05-27,-0.36201947297123527,0.2296326890523757
2022-05-28,0.8061705598114044,1.0463744618203423
2022-05-29,0.4635627031786789,1.3330846828881155
2022-05-30,0.23865758593414324,1.4990355597809473
2022-05-31,-4.975283208220107,0.9575734760440163
2022-06-01,-2.4075668306673825,4.986534387832297
2022-06-02,-2.6042238379124605,4.106303032483082
2022-06-03,3.682980380591966,5.743340270505975
2022-06-04,3.633797537031836,1.4235518530064808
2022-06-05,2.9200109165874757,-0.5301247539381397
2022-06-06,1.9104828302611316,-0.7261610393581505
2022-06-07,-0.8196454240193489,2.1156235607627876
2022-06-08,-0.4054482115097391,1.9561885670771557
2022-06-09,2.738885480992801,3.2777198427042964
2022-06-10,1.6199588178125617,-0.41471361351328634
2022-06-11,1.113457566287809,2.2631672499164432
2022-06-12,3.475513175678497,3.603484942264878
2022-06-13,3.656860854008602,4.183657988935366
2022-06-14,1.6314953082338373,0.5769432107552107
2022-06-15,4.713129548343177,-4.571217900964789
2022-06-16,4.662841993816504,-2.6039301118060445
2022-06-17,2.1854125472909827,-2.925185063305745
2022-06-18,0.14768472501493166,3.5456943836793893
2022-06-19,5.724268025666789,-0.27092779951685586
2022-06-20,1.203790200440454,-0.8800429735460598
2022-06-21,0.12234897758280772,1.6394788885908058
2022-06-22,2.3959308255861873,0.8850689643487097
2022-06-23,2.7667037619708634,3.7456836501347865
2022-06-24,2.3570775649482254,2.7089088126299306
2022-06-25,1.0205543604828267,1.859536864068415
2022-06-26,0.9633147224043136,1.1328359434329232
2022-06-27,1.1653210297276326,0.8108211874325054
2022-06-28,-3.308475095422837,1.0198412832484967
2022-06-29,-4.700046070808902,0.8854742972486146
2022-06-30,-2.8536079965421246,0.6035486351472238
2022-07-01,-3.0307197621719317,1.616452844302651
2022-07-02,-1.9251527271656137,3.1055604155766723
2022-07-03,3.4728703395453624,-0.416383108794907
2022-07-04,1.5268534815379446,1.8982875393609844
2022-07-05,3.194538870785748,4.339717833520132
2022-07-06,2.8189464059007694,5.141652610920352
2022-07-07,3.226246261752496,2.0364644172839124
2022-07-08,1.6494300666592983,2.0768066833999996
2022-07-09,0.6511279707848109,2.0411950215833348
2022-07-10,0.1142737251675277,-0.7448864644385371
2022-07-11,-0.23354635968120127,-1.7852326425141074
2022-07-12,-0.06993469917833622,-4.973104522035361
2022-07-13,-0.008761697354137314,1.7693562222339267
2022-07-14,2.8690141776612323,2.359870499138518
2022-07-15,2.121840049962777,1.2090652521216754
2022-07-16,3.968648127991474,2.505020812638462
2022-07-17,3.912295148564261,-0.6945888340596956
2022-07-18,2.810554538909356,0.8182027775380829
2022-07-19,2.9634417208166,-0.5607269076219291
2022-07-20,4.031977806781171,-3.542086675135307
2022-07-21,0.6529923649392878,1.5628080444815489
2022-07-22,0.7890095721538316,3.3632713825185503
2022-07-23,3.0164077489507855,2.8347114264418383
2022-07-24,0.9546670479716165,-0.484574065705099
2022-07-25,2.1566040518901177,1.6418985041478265
2022-07-26,0.025743221508945046,5.408458025456803
2022-07-27,3.2895719181527325,4.961577535900209
2022-07-28,2.4565963221918907,-1.0873753678247926
2022-07-29,3.3183707118655943,-3.0186683040338025
2022-07-30,3.5859514380177537,-2.2474449469988045
2022-07-31,0.4420450897496606,1.9725436283203617
2022-08-01,-2.093212946598043,1.3502011987439908
2022-08-02,3.166270485431449,0.3578511337206254
2022-08-03,0.978944050546183,3.4195800638090423
2022-08-04,2.1408617958541942,5.446841996813129
2022-08-05,-0.8697313862264,4.261762797742982
2022-08-06,3.201888724818698,3.398002663237496
2022-08-07,3.554758553986417,0.37101977482892007
2022-08-08,1.0597693060227324,0.5890070938049258
2022-08-09,0.940673751612297,1.1553214943403605
2022-08-10,2.245752411949505,2.6039088701556494
2022-08-11,3.9838217459849914,5.115673254174086
2022-08-12,2.1435633219448094,2.7919629467484333
2022-08-13,0.32301621930246316,0.5506729355547159
2022-08-14,-1.9424045662526555,1.5139429728876517
2022-08-15,-3.0936686632919956,0.8462947673447334
2022-08-16,-3.123518053697264,1.6318343567878826
2022-08-17,-0.7564063420217758,2.6737212089293303
2022-08-18,-1.7869086188874435,0.6733262785969858
2022-08-19,-2.9549409721847644,2.4615781701472836
2022-08-20,-3.989791420533181,4.201591155678563
2022-08-21,-3.559679042825242,3.4265120237210427
2022-08-22,0.9089395167929768,2.0230753446587175
2022-08-23,-1.380317073251983,0.5379838661500065
2022-08-24,0.5516921353387552,-1.04857449926326
2022-08-25,0.12637374425337125,-3.3366668526139347
2022-08-26,-2.370627057516671,-1.3717556468532772
2022-08-27,-1.8904945017839698,1.0389916896529878
2022-08-28,-0.8643739148503381,-1.7173030181011129
2022-08-29,-1.514843111429865,-4.672256835355084
2022-08-30,-1.9685954000588437,-4.5601583561444325
2022-08-31,1.1657255760703573,-5.060808300581158
2022-09-01,1.2495981606012747,-5.436022053012857
2022-09-02,1.154152585975025,-3.8658252068391628
2022-09-03,2.675768561363015,-2.2958246709627033
2022-09-04,1.361505742628208,-3.2943149359134525
2022-09-05,0.443913691257688,-2.616075274347543
2022-09-06,3.0396955903679386,-0.499942809347421
2022-09-07,-0.1752598186618403,-3.7513639600023034
2022-09-08,-0.5962170013702476,0.039375654869672753
2022-09-09,-0.7501663758868402,1.1602217234635182
2022-09-10,-1.5292361941574588,0.9270017549563997
2022-09-11,-1.723463321975114,0.45255937539650903
2022-09-12,-1.2836414597770303,0.22216138507087796
2022-09-13,-1.3610340522375683,4.270267612561633
2022-09-14,-3.2640251958126805,5.5475004798532
2022-09-15,-0.9339083340890242,3.1209000453074363
2022-09-16,-0.24717755023853272,0.3078344623611652
2022-09-17,0.884442359715004,-0.5234392021656699
2022-09-18,2.9668017102318314,-0.3057648932706132
2022-09-19,0.8949799992640964,-3.331842166545365
2022-09-20,1.386020162500644,-4.263934737876107
2022-09-21,-0.3213316781477296,-2.675846539080438
2022-09-22,0.21061233353066153,-0.1295228190620527
2022-09-23,-0.8178423310842808,0.19029054086019614
2022-09-24,-1.282180865487336,-0.6036602512530876
2022-09-25,0.37688386070924346,-2.8778734643912838
2022-09-26,-2.67841909562886,0.9892431889873893
2022-09-27,-3.882653524585023,0.547695982463623
2022-09-28,-3.5933675282803033,-2.2682401632085947
2022-09-29,-2.6141429852857323,-2.7238793401684585
2022-09-30,0.20879296017844126,-0.29224361121453557
2022-10-01,-0.6171884875861761,2.0730205747170247
2022-10-02,-2.06933557429989,0.718493448556952
2022-10-03,-0.6645187439182356,-3.6080660819000068
2022-10-04,0.6738550884034804,-5.792393105964926
2022-10-05,-0.01540436337262857,1.9177991316313556
2022-10-06,4.4431094840199,5.548301699449832
2022-10-07,5.621713745361125,3.789280399828973
2022-10-08,5.109319471462466,5.9175621673208685
2022-10-09,3.6334496630133923,0.23293985027979716
2022-10-10,2.889363291157968,4.387017993462621
2022-10-11,1.0330552083130555,5.396897472826537
2022-10-12,3.3002012095385553,-0.06060531032522902
2022-10-13,0.38587940739273735,2.4144250527431983
2022-10-14,0.8771479589981714,4.691569610996875
2022-10-15,-0.198182269607285,3.9817704442505626
2022-10-16,1.041395892002205,5.701990142630233
2022-10-17,5.560745274223376,2.726353855608212
2022-10-18,3.2859638351902336,0.5413799557128894
2022-10-19,2.377562349095874,-3.749417362127079
2022-10-20,2.673370460597235,-0.5657117697461472
2022-10-21,0.4392284744343576,0.433327170222345
2022-10-22,-0.0911358140480823,2.0298011888540355
2022-10-23,2.6778673024421664,-0.978439536130918
2022-10-24,0.3213322265863394,-0.6027675839695184
2022-10-25,-3.7415135538022235,0.22698039215298385
2022-10-26,-0.013617148113764873,2.009745481023403
2022-10-27,2.7482618825462835,0.8004152385569315
2022-10-28,3.0228892787395583,2.5442558851195693
2022-10-29,4.279788790181722,1.745685359043211
2022-10-30,5.075686705496037,-3.0701127461050564
2022-10-31,1.5110090030759937,0.9886589805227707
2022-11-01,2.5981305729411277,-0.020499967340296514
2022-11-02,-1.5269751433879215,0.2655196357383261
2022-11-03,-2.5788278084725795,1.8100447782614206
2022-11-04,-2.6519081774230493,1.7923859665647324
2022-11-05,-3.4233762109571026,2.8339297194148547
2022-11-06,0.7069941312903975,5.328968696166485
2022-11-07,2.7507554669295136,6.038986742531074
2022-11-08,3.1709439067067775,1.9295138089478654
2022-11-09,0.88194446596192555,2.4123533398612405
2022-11-10,2.871616551250161,2.946475381748747
2022-11-11,3.961544091006327,4.088916729327405
2022-11-12,7.186989652508502,-1.263728905444253
2022-11-13,3.511677601955556,-2.3403696779078538
2022-11-14,-0.057951431287145014,1.2450834364525096
2022-11-15,-0.162136746506514,-3.7624150794214968
2022-11-16,-0.7237461878658595,-2.684763876273397
2022-11-17,-1.3873223117701547,-3.1043352343989845
2022-11-18,-3.6976113514118203,-3.2237508767357084
2022-11-19,-4.810248273834759,-3.8536014172027806
2022-11-20,-3.9125686632037913,-0.9476035970372835
2022-11-21,-4.760447718006905,-0.038469170625851944
2022-11-22,-3.7475341422804895,-2.5686315360347347
2022-11-23,-3.3950357426960434,-3.111226726748607
2022-11-24,-3.531584193847002,-2.670055850819709
2022-11-25,-3.770457454753706,-1.6833533530489837
2022-11-26,-3.760904083282114,-2.2111896768756614
2022-11-27,-3.601848030660166,-2.3342869528329873
2022-11-28,-2.952896469411888,-0.9614356482141171
2022-11-29,-2.8713168391275907,-0.8373057169151571
2022-11-30,-1.779715123617474,-0.15910878067263157
2022-12-01,-2.629242112912557,-1.3180864783064505
2022-12-02,-3.7551645707368295,-3.0497638377485137
2022-12-03,-2.1525883326236945,-1.9974093363350522
2022-12-04,-0.7029565161510865,-1.2382372669230761
2022-12-05,-0.4920544864595584,-0.556535538176245
2022-12-06,0.45828897323881057,4.2085873006155605
2022-12-07,-1.6222803020933996,0.5930511412269938
2022-12-08,-0.8915550388285475,0.5694395594438638
2022-12-09,-0.39035067604094614,-0.19618474702168648
2022-12-10,-1.521148649507515,4.366487237988746
2022-12-11,-3.8515604515085493,0.8926546255004921
2022-12-12,-4.151404458299827,-7.022975685613765
2022-12-13,-0.6330406782809695,-3.0599826414861746
2022-12-14,0.3963990230342614,0.3442601620585061
2022-12-15,0.40610638157056583,-0.848256210639975
2022-12-16,-0.4988164943650904,-0.6854976661427007
2022-12-17,-0.5142275424404366,1.3007242392296918
2022-12-18,2.701093499514182,4.8598945339862745
2022-12-19,3.1405331491551953,1.708049801284986
2022-12-20,-1.1283578168715687,3.8568842390173077
2022-12-21,2.103131884579242,3.781204118128064
2022-12-22,3.3467302495642746,3.205021979983418
2022-12-23,1.0078540042321174,1.3593827914359116
2022-12-24,3.1523558816740334,0.10604123443519767
2022-12-25,0.6074763577347531,0.20937039189970055
2022-12-26,-2.41743799511592,4.119101471898216
2022-12-27,-2.981781054803757,4.583045226306854
2022-12-28,2.731677004406174,1.2272560335133607
2022-12-29,-4.299207403208628,2.058428609103844
2022-12-30,0.4531248545665111,3.717627253519888
2022-12-31,1.7626724514741405,6.590374333117222
2023-01-01,4.076355072551885,0.050065529654738636
2023-01-02,1.2190207335812189,-0.08168542844927004
2023-01-03,-1.389186639143894,-2.2584644277589194
2023-01-04,-0.21015949422317498,-2.2744498559584545
2023-01-05,-2.6338696537872766,-3.2934418519024216
2023-01-06,-1.6411381457022498,-1.7380347976212316
2023-01-07,-2.786029590555923,4.953654537127347
2023-01-08,-4.374771442584144,3.844127608871522
2023-01-09,-5.056352698628254,3.763592055145422
2023-01-10,-2.4327789774337947,4.187094069641462
2023-01-11,0.7132478088045815,6.913586391592683
2023-01-12,0.9797880777394576,7.113526013625342
2023-01-13,-0.34325614020786405,3.8873916554740635
2023-01-14,0.9903382628431598,6.308283427116548
2023-01-15,-0.37717459753660837,7.909028899416295
2023-01-16,1.9472670524970137,8.261492247941467
2023-01-17,-3.9212343385159083,2.986666454853122
2023-01-18,-2.318309142982932,2.9205347375916912
2023-01-19,2.039828797754432,-1.5635151470299837
2023-01-20,-0.11081127403503303,-0.24674770602594984
2023-01-21,0.5085682890945599,-0.958510873734805
2023-01-22,-0.4372990116199542,-0.19400678037036648
2023-01-23,2.06511097489937,2.6956949381582134
2023-01-24,4.692528288237575,2.4437514599794943
2023-01-25,4.121032303827322,3.817626042966894
2023-01-26,2.9871082549166057,-1.1074810870787353
2023-01-27,1.4320896124731057,-1.2121764753137192
2023-01-28,3.3722267020665937,4.299810676474682
2023-01-29,2.9085025164993583,3.29900362890457
2023-01-30,4.461252031553473,4.737046964057193
2023-01-31,5.477944837468035,-1.7260450375508225
2023-02-01,-0.7667068018497021,0.37654822641444813
2023-02-02,0.5129146632893365,-3.47920853853156
2023-02-03,1.9197267879454214,-3.111418102448341
2023-02-04,0.5491730119224771,-5.395674061528526
2023-02-05,3.1228743253274134,1.9204559258055571
2023-02-06,2.752937671799676,-2.5115068559696727
2023-02-07,2.6466952896308977,3.3117944165657835
2023-02-08,2.9791523967782845,3.51178641459182
2023-02-09,6.565737141186968,8.477015081009995
2023-02-10,7.314097691238924,1.7689797902949334
2023-02-11,1.0552793347086706,-2.1319638843390503
2023-02-12,3.469562277893876,1.165696177376767
2023-02-13,5.308098950464625,-3.1428964629835128
2023-02-14,2.5586864226551023,-1.9906597689566925
2023-02-15,1.3646912241158742,1.2127582214546604
2023-02-16,0.16782442427721878,4.9284485620623935
2023-02-17,-0.20196748492567002,4.836558520629702
2023-02-18,-5.45005147558259,1.9912431260378718
2023-02-19,0.742374559327675,-2.359876895771219
2023-02-20,-1.7955951141991522,-0.4297500695488076
2023-02-21,-3.0645492092444564,-2.7171466808334643
2023-02-22,-0.30520163063574435,-1.2997602176157654
2023-02-23,1.6273343488944962,4.063592090789482
2023-02-24,0.23320230985414592,-1.2699857920921074
2023-02-25,-0.9621790952980741,-3.693610497370936
2023-02-26,0.5929770475157481,-6.013211851511277
2023-02-27,2.7879727116625896,0.16130054301467753
2023-02-28,4.415690289197216,-2.199089062702673
2023-03-01,4.316587166249089,-1.79541295051652
2023-03-02,5.439232312541136,-1.6040725416325792
2023-03-03,4.12406161062137,-0.32560374155671185
2023-03-04,0.8879714874872364,-4.250158957038783
2023-03-05,2.0203169502364307,-2.4400661057290547
2023-03-06,1.326715449899807,-2.0565897545077227
2023-03-07,-1.1926830128639134,0.26850016051947684
2023-03-08,-4.783713804079452,-3.730284152579503
2023-03-09,2.190910085224838,-3.22327279087635
2023-03-10,0.8016173039915575,3.6714338614843367
2023-03-11,-3.4544657931172464,-1.9540335070971442
2023-03-12,4.349823101541927,-2.547088898407349
2023-03-13,-0.11837700749361339,3.986844700062653
2023-03-14,2.8341758167421904,7.157212377687175
2023-03-15,4.676461566375445,3.0652266424371324
2023-03-16,1.5991685251751688,0.9513405946190606
2023-03-17,-0.7141034906950325,1.7832279397915767
2023-03-18,0.7114009794697592,6.785265737603323
2023-03-19,0.9568496653119624,1.4872127127465804
2023-03-20,1.1060555714231697,1.9045907451353252
2023-03-21,2.265199917565746,-1.3734132580262892
2023-03-22,2.1559569764642346,4.649194623658997
2023-03-23,4.3708742010203885,3.796750189871108
2023-03-24,0.7522301287677086,2.7195178922082386
2023-03-25,2.8361247823945495,0.5822195841594918
2023-03-26,-2.9266428802269613,-3.7160445258395844
2023-03-27,-4.836685800922477,-3.6561792753456794
2023-03-28,-1.8530095497942467,1.3652945118799982
2023-03-29,2.9555257490341242,-2.11532025689368
2023-03-30,-0.31750997572527995,0.2914442993277059
2023-03-31,-1.6153016590775684,-1.8977569649480601
2023-04-01,-0.9753264155070364,-4.1604883566958755
2023-04-02,-0.3763236240709427,-4.979978919789701
2023-04-03,-0.42293520201379703,-5.376994650705404
2023-04-04,-0.38668836298500026,-4.216273102872048
2023-04-05,-3.5054979849262025,-2.1161860910789985
2023-04-06,-4.030845482972645,-0.4741267408493595
2023-04-07,-3.008698502927048,0.1290172957876776
2023-04-08,0.09676366215290509,-1.9742736064247484
2023-04-09,-0.47331590860307515,-0.8042463823258907
2023-04-10,0.16883587077714599,0.5021862242730278
2023-04-11,-2.994000462074021,0.4218191196231643
2023-04-12,-2.624288830158473,0.5881012718387453
2023-04-13,-6.893707256540616,-1.7861056515903766
2023-04-14,-6.689403155499397,-0.8684788945006366
2023-04-15,-5.206715144099081,-1.3728511816027436
2023-04-16,-2.726958206980592,-0.07206641170786852
2023-04-17,0.4707726407947178,-0.41297150302428925
2023-04-18,-1.0104639957647856,-4.459891022115786
2023-04-19,-2.3253291791494055,-3.3597960051271505
2023-04-20,2.2994897356519455,-1.858314806751108
2023-04-21,1.8457211384196803,-1.6740351318723152
2023-04-22,2.6552232980425114,-0.05556026275460393
2023-04-23,0.48568074601758515,2.928552756274607
2023-04-24,1.5295387331119281,3.4451664670110094
2023-04-25,-2.1887793408914322,1.7334608436606493
2023-04-26,0.5208557337231681,1.9912924539505916
2023-04-27,3.0353021056593437,1.5401514084596104
2023-04-28,1.2970730007489815,2.7519980641152944
2023-04-29,3.1430592973998928,1.8081740070819952
2023-04-30,2.6201489755955043,3.961100759372641
2023-05-01,3.7973178329220736,1.7129124312082584
2023-05-02,3.2983082095147407,4.241939132555897
2023-05-03,5.005945068840368,-0.48492930566271975
2023-05-04,2.3675702068981397,-4.00948243099876
2023-05-05,1.2415484076815562,-3.442436250922397
2023-05-06,1.7892864882368096,0.3691471928643899
2023-05-07,2.257848026061036,2.2407440743176688
2023-05-08,2.215521594534581,2.644287874260643
2023-05-09,2.3526710851996793,2.8490759103525805
2023-05-10,2.3777453999890437,2.101679233354235
2023-05-11,2.1110407238939124,2.2195412018918614
2023-05-12,3.825225414007125,0.028066289918499198
2023-05-13,2.5589765675996206,1.1652758350927475
2023-05-14,1.1263951264081893,1.4848051110928722
2023-05-15,-2.5467441463425255,1.2967227913438908
2023-05-16,-3.70974956030372,1.9992171369884875
2023-05-17,2.432971256804824,6.431152034837617
2023-05-18,5.108467084222169,0.21291918499700738
2023-05-19,0.8404657089109433,1.4942695745904089
2023-05-20,1.1355687485668555,1.3727480344308503
2023-05-21,1.026159755578966,0.9808875431329983
2023-05-22,-0.7060265388950986,0.27784809392658255
2023-05-23,-1.5019306320643713,2.765614020364202
2023-05-24,0.6490712874303574,2.0101584544186744
2023-05-25,3.133726046293593,0.7433219095067265
2023-05-26,1.9589577020873388,-0.48232571371330213
2023-05-27,3.4585692363870604,-1.6283340079943724
2023-05-28,3.0521089915805666,5.647215837402948
2023-05-29,4.1188159430655835,-1.0586574551090346
2023-05-30,2.132799393992316,-1.4176475787733742
2023-05-31,4.837845161733978,-0.22209108436775268
2023-06-01,5.069718557794103,-3.1519665375347534
2023-06-02,3.1703394771020927,-3.3200367090380007
2023-06-03,3.9910356551690356,-0.8736425593626294
2023-06-04,3.7752496749092677,-1.7581059210039176
2023-06-05,5.599413098560122,-1.3129507468344481
2023-06-06,2.617637966871039,0.2696061432930437
2023-06-07,2.8733230471514615,-2.001044363797303
2023-06-08,2.101108887903285,-1.2398996061360823
2023-06-09,0.4935905500793831,-3.743378375824462
2023-06-10,-0.22281228218301938,1.5466434745821587
2023-06-11,0.2776628370666787,2.2616737248841106
2023-06-12,1.4640084657430883,2.71434931918814
2023-06-13,1.8053756714976599,1.7898278331458004
2023-06-14,1.2486958292718617,0.8757787107921173
2023-06-15,1.0416830378251698,0.9391808209575815
2023-06-16,-0.7278179034157712,0.5172012184915308
2023-06-17,-1.5537691608383808,1.4353532208875859
2023-06-18,-4.430651248177318,0.46508966092536097
2023-06-19,-2.5245005780882357,0.5088553138731317
2023-06-20,0.8953791705055373,1.2414942991790225
2023-06-21,-0.020295950537181535,2.6679637421265063
2023-06-22,1.5564657945878406,0.4478955307022282
2023-06-23,3.9311923991076787,-1.7367414403178054
2023-06-24,3.884081052442777,-2.239317039983519
2023-06-25,0.8511686247766431,-1.692168736746706
2023-06-26,-1.4742838437740506,0.13758161853138795
2023-06-27,-2.45134357002638,1.3767138735941382
2023-06-28,-0.5740872357702037,-0.6113046135945553
2023-06-29,0.9351059506164833,-1.5734491768881158
2023-06-30,1.504804075509831,-0.10044329363929044
2023-07-01,1.8701315569603092,-0.4383425058321502
2023-07-02,1.77616422769886,3.522373421038927
2023-07-03,4.5517372490125245,5.967543668827716
2023-07-04,5.348083885051304,6.657188743694429
2023-07-05,4.8227619986601296,5.115904395955112
2023-07-06,-0.9813382584860388,1.9110015411521428
2023-07-07,2.385054721961245,2.3787095093873685
2023-07-08,2.0001908024773023,-1.231745180679036
2023-07-09,-0.06045400978662026,-2.958098370574055
2023-07-10,0.5045372914535389,-0.7137802760399486
2023-07-11,-1.1084441571243064,1.127504042245141
2023-07-12,-0.32166239861970813,1.6521492896595598
2023-07-13,1.3689953158193262,0.931834467377585
2023-07-14,2.101446176423054,2.112930437380283
2023-07-15,1.8514980567074952,1.810289205259869
2023-07-16,-1.0340928288919333,2.7860537318479413
2023-07-17,4.111741218815112,4.468390888776819
2023-07-18,4.077177307248564,3.0890086619709
2023-07-19,3.412962620885179,-0.43364146188874114
2023-07-20,2.967743687432171,1.2771146115366685
2023-07-21,3.0735709778804967,1.3769780026757137
2023-07-22,3.7049141952232785,2.4812937952098246
2023-07-23,2.8783501981724804,1.7970532237784553
2023-07-24,3.4747805554231994,1.822713709687182
2023-07-25,-0.22609210363958274,1.529296649335061
2023-07-26,1.43388533597682,-1.114002110610816
2023-07-27,2.4628265926723265,1.582151591927431
2023-07-28,3.216032358431508,0.1939627028997067
2023-07-29,3.9551866086936145,3.1493666041392285
2023-07-30,2.1850649965924145,2.985033489758592
2023-07-31,-0.352978301484128,1.3079043379695063
2023-08-01,-2.0975221153081782,1.4013243579691965
2023-08-02,-2.070967656555366,3.014146662130891
2023-08-03,-2.8803908901271087,2.2222701333906167
2023-08-04,0.8365619097062834,4.992883007011987
2023-08-05,3.6387283793070004,3.3373688307254707
2023-08-06,-3.48078505612017,-0.4239036242842054
2023-08-07,-6.0510204298582675,0.8757436442815945
2023-08-08,-4.825753446319468,5.999762870472869
2023-08-09,-2.452384675385077,2.6820021779057868
2023-08-10,-1.4079553475343047,3.1635878982119103
2023-08-11,-0.4325102379501488,2.420242523935145
2023-08-12,0.9045337440066455,1.7171197813389778
2023-08-13,-0.1293300195870452,1.3275726054063322
2023-08-14,3.310643282093895,1.1574388187039364
2023-08-15,1.0230457530372008,2.6497150067162947
2023-08-16,0.888648540164644,2.6829421244373797
2023-08-17,2.1693818341480062,-0.7265577076190856
2023-08-18,-2.000277418223878,-1.045150165253014
2023-08-19,-2.8445180158255323,-1.8745160607837659
2023-08-20,-2.0465257625589444,-0.3898905868292613
2023-08-21,-1.3848794362424885,0.12928519825108462
2023-08-22,1.9057945624832564,0.5152553225347798
2023-08-23,0.5702970586963688,0.31528453458654937
2023-08-24,1.2685021793071074,0.6822927646553728
2023-08-25,-0.8589271301959042,0.40015530316943315
2023-08-26,-3.3883212769434317,-1.0073494514902508
2023-08-27,-2.8709651483224414,-0.22480446405900587
2023-08-28,-0.9690587588233784,0.8204956497280926
2023-08-29,3.439420839345634,2.9110294092211295
2023-08-31,-0.3564733169233043,2.83642138223124
2023-09-01,0.5679012114536269,2.8855500399072356
2023-09-02,-2.3052341158497156,1.3986179441295636
2023-09-03,1.5872472495007657,1.828795080630443
2023-09-04,2.3000792588158543,2.368952510409037
2023-09-05,3.783468646646793,2.9889315130907677
2023-09-06,4.2804330755933115,-2.2165560957158004
2023-09-07,2.916077418342761,-0.12486426934742233
2023-09-08,1.2191712681399514,0.042160886166356236
2023-09-09,-0.9540193536383308,2.0915860506844495
2023-09-10,0.26414483387645,3.0158721449141592
2023-09-11,-0.5095604975936423,1.4407123313667547
2023-09-12,0.5580021453712871,2.413486306666522
2023-09-13,0.9689412184373274,0.8710471051093994
2023-09-14,1.6147464003239185,-4.136671138391824
2023-09-15,1.653362689919805,0.015710613318388987
2023-09-16,3.397276045471477,5.430267347569967
2023-09-17,2.882470462358206,1.0863352770103842
2023-09-18,-0.26854641955369113,-0.11684300901157142
2023-09-19,-1.4664213888276136,2.835720113002677
2023-09-20,4.5546061388713,4.752973447481819
2023-09-21,1.9293069561902418,4.561646634842978
2023-09-22,-3.019576605198396,4.443267757541259
2023-09-23,0.34520796389267533,4.185077403967709
2023-09-24,3.4025943122864986,2.4832792519345923
2023-09-25,2.4358690673599064,2.383069555269121
2023-09-26,2.9142806183085916,4.035020872105772
2023-09-27,-0.5954609646410242,2.5638591449839714
2023-09-28,1.9396504691236556,1.8054521471346505
2023-09-29,1.3505275114854567,3.9960476220555874
2023-09-30,3.1913501756688496,3.482811731934792
2023-10-01,5.565460045646354,-0.452101464417969
2023-10-02,2.0834962427639967,1.5224410402989077
2023-10-03,1.348738233087201,1.1628415600725808
2023-10-04,1.7888308094301997,-2.322201963344619
2023-10-05,1.5883643870405737,-1.6820208324996853
2023-10-06,2.1156660749019145,1.5388196547474415
2023-10-07,4.126663196459189,-3.1926223940676035
2023-10-08,5.236029034680201,-7.369771101314034
2023-10-09,2.5339973392394057,-1.7726562339487102
2023-10-10,0.8381205951660182,1.7828365082140951
2023-10-11,4.563368955778852,7.450161905376169
2023-10-12,6.767330107499851,2.226427451317141
2023-10-13,3.46964754491967,2.0100109065015177
2023-10-14,2.5861112681025067,4.898903111552519
2023-10-15,6.299381727998204,2.0636565697540927
2023-10-16,4.520505915369053,-0.47405239133331784
2023-10-17,3.3151481155634883,-1.3470872994405292
2023-10-18,-0.34852186313197164,-3.3341920329196704
2023-10-19,-1.531575157373384,-3.632195150204963
2023-10-20,-4.276424453589102,-4.081120023145023
2023-10-21,-4.753347174106779,-2.8742449722363212
2023-10-22,-2.66865846850901,-1.2870183039871004
2023-10-23,-0.08300451161834804,-2.2223563406627553
2023-10-24,-1.722176894547958,-2.286025687678611
2023-10-25,-3.7379126344669844,-1.9121435410149696
2023-10-26,-5.14374190844482,-0.14436889119570692
2023-10-27,-3.6505133039872124,-2.7385825011608005
2023-10-28,-1.3002944475684388,-3.3688352073639027
2023-10-29,-0.3868620078997316,-0.9608330332576371
2023-10-30,-2.5293526167616642,-2.144763909204696
2023-10-31,-5.655325117689019,0.044529577375693116
2023-11-01,-0.347456063461308,-0.7394846339959235
2023-11-02,3.248676190043987,0.4558328278878313
2023-11-03,-5.473183352135183,-0.1915963520114892
2023-11-04,-6.1423029635151485,4.440569388011545
2023-11-05,-1.329085518994588,2.982239668016678
2023-11-06,-1.450250659165889,0.16310539413496247
2023-11-07,2.1042528586205713,0.5190584918029438
2023-11-08,1.5996375515486008,0.0833333844082983
2023-11-09,-1.296606185394884,-0.7031926617645686
2023-11-10,-1.3062788698998402,3.638097097642441
2023-11-11,-1.8589322960200925,1.4368446882163273
2023-11-12,-3.6090393340629876,-3.368445611083891
2023-11-13,-0.5970007123193185,-4.065460976179496
2023-11-14,0.08802947454185477,-3.0935402593885275
2023-11-15,-1.469839829602055,-3.160641841021744
2023-11-16,-1.1941084116129725,-2.617666203098721
2023-11-17,-1.1928397362892602,-1.125913798677351
2023-11-18,0.9994284338424964,0.9404557896394444
2023-11-19,-0.7011003064437611,1.2508539663531195
2023-11-20,1.1172078478434433,0.671704057772966
2023-11-21,-1.1667384542914145,-2.8877951992232207
2023-11-22,1.2973890484396517,4.05622836659157
2023-11-23,1.4294256249405453,2.4234370877571054
2023-11-24,-1.5914310244885375,-3.489201864097535
2023-11-25,-0.17312965081033144,-3.8501367706341916
2023-11-26,-1.0281811881152694,-2.3912253144170257
2023-11-27,-1.272859089592274,-4.831748913974134
2023-11-28,-3.2023246804292818,-5.312610654647877
2023-11-29,-2.7351946227193147,-1.0684684347989946
2023-11-30,-3.4567984953982926,-4.9436406987897366
2023-12-01,-1.5407710499104037,-4.348362755479907
2023-12-02,0.09369578761816312,-3.0473012721098995
2023-12-03,0.24921269098674198,-1.9568993602456004
2023-12-04,0.22395228794368663,-2.0261726352423195
2023-12-05,-0.10955610098947531,-1.3627571456218799
2023-12-06,-1.9709961832548828,-0.11751383237112199
2023-12-07,-3.209733099470148,0.617884264648322
2023-12-08,-4.801365203429656,1.7805888819897127
2023-12-09,-3.854186460239215,-2.0270410316673297
2023-12-10,-2.7879100596609616,-0.890213953583679
2023-12-11,-4.42158698831777,-2.849419003290194
2023-12-12,-3.0019951213754568,-4.5114324658799
2023-12-13,-1.0334289421752587,-3.0377257164418645
2023-12-14,-0.03500059205219292,-0.45017824800785095
2023-12-15,1.0149197832989894,-0.987086709226496
2023-12-16,0.8729353295197902,2.6715238494216718
2023-12-17,4.733035025635362,-0.10961816699277702
2023-12-18,3.9808424081844263,0.6862617714858171
2023-12-19,4.971890992107755,3.0414265335821242
2023-12-20,4.197251337755932,0.82977204038076
2023-12-21,-3.0980117529766513,0.0904398326586071
2023-12-22,-5.760285686394917,-0.9833260743164561
2023-12-23,-1.4794547237762237,-1.719522804116509
2023-12-24,2.001735133186367,0.1484093854240339
2023-12-25,-1.4083882048017315,-1.8007097616883525
2023-12-26,0.5404937071118812,-0.24883134954435168
2023-12-27,2.035776452642629,-1.3251504396801874
2023-12-28,-0.06765514396536318,1.2326800084825658
2023-12-29,-4.069511847000531,-0.4072711644059422
2023-12-30,-3.886382472274358,-3.645026198704175
2023-12-31,-0.09782071286995525,-3.1675667205502753
2024-01-01,-2.668466699907171,-3.2085261225784363
2024-01-02,-3.5078710069265124,-3.6816260746335985
2024-01-03,-4.660667655820432,-3.64377643738115
2024-01-04,-4.7306546652179655,-4.738337251468293
2024-01-05,-3.5101786752342345,-4.706502903708556
2024-01-06,-0.9120645048400736,-2.8720150309481336
2024-01-07,0.9828563395616563,-1.1422442783015259
2024-01-08,3.6063110592585983,-0.9835327979799477
2024-01-09,5.119201155626257,-1.9319203851104392
2024-01-10,4.133904106059217,-2.101962637616127
2024-01-11,1.9819530075334155,-5.904622532787761
2024-01-12,-1.8814554528806016,0.10260695447833691
2024-01-13,0.42441630948071096,3.202790248271058
2024-01-14,-1.1147443126343008,1.085563458692397
2024-01-15,-0.6083367758602316,-3.524235919443145
2024-01-16,2.2015649148458007,-4.541075543458828
2024-01-17,-0.8498644152054596,2.719253669126334
2024-01-18,-2.186188235760956,4.6939888176999185
2024-01-19,4.6897261050654375,0.5501697953230451
2024-01-20,0.4718907998489974,-0.23036826414053824
2024-01-21,1.157457005234509,4.449208920041961
2024-01-22,0.88679500218885,9.15359697155344
2024-01-23,5.2690764989405965,7.5462961672889035
2024-01-24,0.11111221749607594,0.7085026243987165
2024-01-25,-1.070585923656535,-5.326733146207823
2024-01-26,-0.5711694107047611,-0.37544664309829223
2024-01-27,0.7257345362478038,3.2677231752773004
2024-01-28,3.1238760233957192,3.700434708122378
2024-01-29,5.425247889170701,5.022417330507941
2024-01-30,0.3863934557725967,1.277118723900577
2024-01-31,1.6755359456791608,4.214508285421713
2024-02-01,6.568518272537348,3.7887595129747895
2024-02-02,5.295045400784529,-0.02784613259796812
2024-02-03,2.8243688585739246,1.9423319538883126
2024-02-04,5.292418832565037,0.9737659107936592
2024-02-05,3.2451132705464634,-1.1883979074077706
2024-02-06,-0.2964390672712962,-1.8765917186283894
2024-02-07,-2.29097011279952,-2.4652531510404896
2024-02-08,-1.8255341473945061,-1.693418424811235
2024-02-09,-1.3101539910036906,-1.9040068766722253
2024-02-10,-1.6922176761161398,-1.845741025707191
2024-02-11,-3.8725199051936987,-2.840950203690994
2024-02-12,-5.474200111079953,-3.0551089553668387
2024-02-13,-8.03990185793023,-1.01428237460446
2024-02-14,-4.244000983046499,0.8189367938986696
2024-02-15,-2.3831840956078336,0.8703626918259224
2024-02-16,-3.739748163439729,4.322859513689032
2024-02-17,4.977709725789007,0.588273130842887
2024-02-18,3.3839870584547485,-1.407844309626214
2024-02-19,-0.9781224488414657,2.508584198679331
2024-02-20,0.12224611768774953,3.014091279759143
2024-02-21,-1.2710941810795475,4.405117233446269
2024-02-22,-1.118069266140463,4.583083856650094
2024-02-23,-3.7450255605912326,4.75549638515481
2024-02-24,-1.46955178049517,1.716363773978524
2024-02-25,1.596032539562869,3.6291946399445587
2024-02-26,-1.487531758647198,-0.7460541147207315
2024-02-27,0.6217342968909233,-0.4202650916802039
2024-02-28,-0.8013700839971537,1.5923130586104628
2024-02-29,1.5042187091865418,3.950438371759925
2024-03-01,-1.3492763796637939,4.115977567218928
2024-03-02,-4.166320295660386,1.835332722256549
2024-03-03,-3.1332965640363284,0.2744181274454093
2024-03-04,-2.0319619170988124,-2.4216864076481373
2024-03-05,-3.04212742394866,-2.2286816946873076
2024-03-06,1.1765011617808705,-1.1391674616140388
2024-03-07,0.3326349372590108,-1.4670633785807876
2024-03-08,-1.2671849438176221,-2.1939577002642
2024-03-09,-0.1693695957425438,-2.216490775803639
2024-03-10,0.44620103922728904,-1.0088502028714055
2024-03-11,0.054786124304152146,0.4315902676699482
2024-03-12,-2.1000597756925763,0.8408549679664716
2024-03-13,0.09276912385959848,2.2299223658345206
2024-03-14,3.8692600666261083,6.757374903964427
2024-03-15,3.2601373036406445,5.159214743092902
2024-03-16,1.7692825600006101,4.863808979717631
2024-03-17,-2.8917895642062965,-6.077308248828819
2024-03-18,-2.922450325275844,-2.482361825622075
2024-03-19,-1.0646583453736493,0.7490589173447315
2024-03-20,1.5160464599764472,2.5724564491457973
2024-03-21,1.1793498063610055,3.7568616635791665
2024-03-22,1.7952050200195127,4.308577544306682
2024-03-23,3.5949623366708123,1.1717669178735661
2024-03-24,1.4405630593984156,-0.6121857151113962
2024-03-25,1.8883276377523657,-1.0978198303955817
2024-03-26,-1.0439916495948394,0.34476764174510754
2024-03-27,-3.369359144970636,0.3845568978847458
2024-03-28,-3.602422277665114,0.6058621403456199
2024-03-29,-0.8952011700865542,1.9210292674346954
2024-03-30,2.8900130057987563,1.664253970515664
2024-03-31,-2.4571153990768644,0.4139449129270527
2024-04-01,-0.23125270705510015,-0.3959393814612032
2024-04-02,-3.272543797668338,-5.324406403974728
2024-04-03,-0.7636519166420199,-7.471493683711794
2024-04-04,-0.8302705661617565,-3.1279842437788883
2024-04-05,-6.17914411484809,1.1898987342684195
2024-04-06,0.5633028273181914,-2.2325457685835732
2024-04-07,0.8192869432904741,3.630712074608381
2024-04-08,3.081637510137795,3.3942662529177863
2024-04-09,-0.04389319389914999,1.3811939312657775
2024-04-10,0.22610393790868105,3.437994661169966
2024-04-11,6.059816099600535,4.689123799024234
2024-04-12,5.103724771543449,-0.37118721678248157
2024-04-13,2.839875320766934,3.1607889919389
2024-04-14,0.7658498454272619,3.0897168846443197
2024-04-15,1.5057583322169596,-3.6020336354166123
2024-04-16,-0.33733793332011025,-1.2263617172168306
2024-04-17,-1.6811574343598978,-2.5205834620805665
2024-04-18,-1.7184924852048105,-1.0300116310816576
2024-04-19,-1.85741598225455,-3.612813996668217
2024-04-20,1.0401742758865589,-1.6843255490823048
2024-04-21,-2.5742221567190198,-4.032589386813218
2024-04-22,-0.7712807361190451,-6.777868118046028
2024-04-23,2.723469596262437,-0.1403611176579929
2024-04-24,-0.020627830030716596,3.321932966269488
2024-04-25,-3.071740862259695,-3.1083846024674395
2024-04-26,1.8304134359549364,1.9613417560548103
2024-04-27,-0.43969047062921063,2.492966797860645
2024-04-28,0.7420627787655542,1.5631124471771174
2024-04-29,-0.6676315215194122,2.4594613300169916
2024-04-30,4.199873546650162,-0.5304223614083884
2024-05-01,-0.46159727698752684,-0.15034969202511958
2024-05-02,-0.07863727498271668,1.0866023968154477
2024-05-03,0.7415201690291228,1.6595297797207271
2024-05-04,3.9236418368929353,-1.340078955686511
2024-05-05,-0.4675821279383009,-1.6638593790218883
2024-05-06,-3.1797282188883496,0.4600005887808624
2024-05-07,0.2947085440380059,-3.8086406748029527
2024-05-08,0.1065744933546711,-3.496582551083713
2024-05-09,2.949778638316563,1.9289974008796542
2024-05-10,3.1224609381758586,-3.748673536272927
2024-05-11,2.902766277248335,-5.682097516600185
2024-05-12,1.2288990525907848,-2.371898029431824
2024-05-13,1.539025546809265,0.9619627060358709
2024-05-14,-1.6003690364495249,2.3584996082490552
2024-05-15,3.1018267043156595,1.15372796926173
2024-05-16,4.243536932749797,0.037513744148442246
2024-05-17,0.482436614819457,0.6485570258563168
2024-05-18,-2.1057424183532287,1.917878247753297
2024-05-19,2.204745194392336,1.4716284429867343
2024-05-20,0.6696490826487007,-3.365263173696355
2024-05-21,-1.6357153081539255,-0.6614371113421633
2024-05-22,-1.0692668751299448,1.4830208552439452
2024-05-23,-3.6840911945147954,1.6284878493241333
2024-05-24,-1.053759178844541,2.4445449834364585
2024-05-25,1.5879762241507813,0.30569409351504956
2024-05-26,-1.3942488920190808,1.133496814613391
2024-05-27,-1.5206377476464623,2.0983914422784196
2024-05-28,0.2945676267815119,2.061549845389141
2024-05-29,-1.323725061322834,1.706584810742538
2024-05-30,-1.0509836954656062,1.5222820538372537
2024-05-31,-1.8742456713833138,0.3470750294946741
2024-06-01,-2.077769917280674,0.12074576136431328
2024-06-02,-0.6915388113443699,-0.10689139840702998
2024-06-03,1.6213252889958019,-0.5722638637424509
2024-06-04,3.3447159083857345,1.5919724340002472
2024-06-05,2.157637694741858,2.1833751971769106
2024-06-06,1.8687455614046076,0.856328736340489
2024-06-07,2.907939223210521,1.596958195639121
2024-06-08,1.4813211859934163,1.6724868517827736
2024-06-09,0.4648924671257413,4.038080660487473
2024-06-10,1.2633654505493181,5.400576363996572
2024-06-11,2.710565287839378,5.251369874499488
2024-06-12,1.8682757866648478,3.2171229778013877
2024-06-13,2.731714853757453,3.7429443619788585
2024-06-14,0.8592761307711915,3.126874877392262
2024-06-15,1.332116160379896,2.607654153639855
2024-06-16,-3.3163177082188824,2.7208798072491995
2024-06-17,-3.072205271485235,1.5574989562693895
2024-06-18,2.991745581660195,1.1530879740463582
2024-06-19,2.738272669730885,2.7973626319906204
2024-06-20,6.255764189344507,-1.3718782417167348
2024-06-21,3.6149092434400103,-1.5677720950238083
2024-06-22,1.2861104563919128,0.5447219466965704
2024-06-23,-2.169385382291065,1.5211265824902633
2024-06-24,0.9422931874231261,-0.41832774791221916
2024-06-25,2.748926064307179,-2.1792084988024363
2024-06-26,3.6589187417225117,1.043356042072203
2024-06-27,1.9024589047795715,1.7497662830099914
2024-06-28,-2.1734514489522203,2.278065490221557
2024-06-29,3.3469135895648487,3.4082625217073974
2024-06-30,0.5395009321230713,2.5561739053755774
2024-07-01,1.3258631142876365,2.8776173302341634
2024-07-02,3.340325066524572,3.2204471654927067
2024-07-03,1.803486446850973,1.5274794098527973
2024-07-04,-0.44233967372227534,4.124712525076967
2024-07-05,1.7671199265161661,2.2384062283899646
2024-07-06,2.1244099046124068,4.660988076355912
2024-07-07,1.0360659560515473,5.204022884503038
2024-07-08,3.4448799628953233,3.805878779667099
2024-07-09,1.7569514008049731,2.827767812752076
2024-07-10,0.01130979440081844,1.677032564661822
2024-07-11,-3.1067041555408585,2.076014355206702
2024-07-12,1.9959026858205893,0.10285640178001385
2024-07-13,-0.719188646725251,0.9287256350169825
2024-07-14,-0.6939557783428054,1.7712467751376684
2024-07-15,2.7961918779055437,3.094228470666996
2024-07-16,-0.9190867105811207,2.3668952512655523
2024-07-17,-2.6602024731904947,2.313297839347079
2024-07-18,2.1339634356686683,4.61064041655195
2024-07-19,3.7420163712269336,-0.3676769838318559
2024-07-20,2.0435452605302915,-2.4418489485077384
2024-07-21,-1.9452777923503115,-2.262825688194085
2024-07-22,-2.5108797361455415,0.4651618888745403
2024-07-23,-3.8550733486760014,1.5619240588143273
2024-07-24,-2.901869872193026,2.115970690397342
2024-07-25,-1.902270744855779,1.418916801194372
2024-07-26,0.5969307783347625,1.4534887982977736
2024-07-27,2.3843751350466036,1.5167751392218891
2024-07-28,1.3980527914260574,-0.4000001246434117
2024-07-29,0.7575860025727228,-5.122657454927842
2024-07-30,2.518643261844653,-4.267072471866224
2024-07-31,3.997368649997991,-2.2419624494486423
2024-08-01,3.8614781997234884,-2.595670895262154
2024-08-02,2.9895901129860603,-2.1616651881131643
2024-08-03,-0.5220666990986789,-1.4809045185341672
2024-08-04,-0.5135846718870849,-2.1149273033277876
2024-08-05,-0.9938685701476886,-1.4964705823444333
2024-08-06,-0.16671499467386636,-0.32384085355036546
2024-08-07,-0.6921576803792978,-0.7062917357087549
2024-08-08,-1.0131971423101462,0.7259070793049389
2024-08-09,-2.0669100897367803,2.074585815303348
2024-08-10,2.7799248858766235,4.2252169315377115
2024-08-11,4.135322999445127,-0.20046967271167487
2024-08-12,3.302886672974643,-0.8180129452682185
2024-08-13,1.3787513065331265,-2.7355348779161335
2024-08-14,1.9913726989958265,-0.709662198617902
2024-08-15,1.6057978927200784,1.8524091455080167
2024-08-16,0.7376749313766515,3.0656248313506653
2024-08-17,2.6031191667049316,1.7009745168564643
2024-08-18,2.5296865363286036,1.8654911946933064
2024-08-19,2.956895970045079,2.0333551178885987
2024-08-20,0.18673513434553773,1.0473971546073277
2024-08-21,-3.6806005562409347,2.5102017386151205
2024-08-22,0.1772376657644449,3.5849301033668857
2024-08-23,2.8755409648154613,3.4223655393874504
2024-08-24,3.879080049565933,4.54446478065058
2024-08-25,0.4952579653260981,5.2885709772252465
2024-08-26,4.220157971601706,3.1916648916821964
2024-08-27,3.704869272291202,3.945977013681694
2024-08-28,2.8477712198133567,2.993284944776934
2024-08-29,0.15838322529236137,1.7645783674125126
2024-08-30,-2.343643191328524,2.75072994026508
2024-08-31,2.546107732704802,2.9686387059094104
2024-09-01,2.563407528489279,2.2927227960323937
2024-09-02,-3.2104890894809834,1.014833368205637
2024-09-03,-0.43807402138868323,-1.2052621981553568
2024-09-04,-1.507716750884681,0.5408703365103251
2024-09-05,-1.3952212963192114,0.3848897597660885
2024-09-06,-1.7594199090741869,0.8123588616563209
2024-09-07,-0.9781728472444559,1.610640968203765
2024-09-08,-1.8595773805239544,1.1544354744541079
2024-09-09,-2.9513940219636434,2.79719204390606
2024-09-10,-3.702208663577703,5.538332848873444
2024-09-11,-0.8612515943320834,3.8078564673169133
2024-09-12,-0.5890974142632586,3.6394797704009294
2024-09-13,-1.0314059529534865,-1.9697225699912064
2024-09-14,-0.09773168941302443,-2.0765024624561694
2024-09-15,1.116297903064598,-2.893893570397664
2024-09-16,-1.9069487319353564,-1.2876238379563705
2024-09-17,0.7906250181787334,-0.47575930932092686
2024-09-18,1.4946026361034164,-1.5744356649407982
2024-09-19,1.458427257547801,-0.5729111523448196
2024-09-20,2.7608582714555507,0.08582781770354835
2024-09-21,2.482165095179433,-2.5270841268193354
2024-09-22,0.8472355366513257,-0.795149561885806
2024-09-23,-2.3777331612112658,1.3925348248572718
2024-09-24,-1.9267153608820764,1.992146804300269
2024-09-25,0.4524939645641412,6.169443815148996
2024-09-26,2.2984100309766666,5.184047225390958
2024-09-27,1.2594729895688757,5.985518629873194
2024-09-28,3.384377702800269,1.5862418144429284
2024-09-29,3.160616653382338,-0.48096892124982604
2024-09-30,1.7088634074333209,-0.3173219276424296
2024-10-01,-1.4112224093616836,-0.35367788771029546
2024-10-02,-1.694337978300039,-3.580101886594626
2024-10-03,0.22744618877520068,-3.229501394687108
2024-10-04,1.0112311900580717,-1.3630033783796411
2024-10-05,1.5755131854331852,-0.0024559427698977233
2024-10-06,2.0662694379088316,3.105632985009155
2024-10-07,0.05861751937766062,-1.0104879904390613
2024-10-08,-4.241859363420965,-1.534232096656849
2024-10-09,-6.205321730574189,3.0180234205912746
2024-10-10,-2.823601233031559,4.3317515860645575
2024-10-11,1.9893484267386827,5.815671392194258
2024-10-12,1.6331958461438,1.4144034132266214
2024-10-13,-2.080129428001219,0.2108568723591369
2024-10-14,-0.343723402863758,-2.525531456130062
2024-10-15,2.3024658248616987,-2.3700884145873715
2024-10-16,3.0256251547912623,0.8045051572121922
2024-10-17,2.7674066310438588,2.997457367685821
2024-10-18,1.0794990139033573,4.272701320452775
2024-10-19,0.8117233739869749,3.7064626542740164
2024-10-20,1.0153152833133563,4.281466266115189
2024-10-21,2.581650537449215,5.88388357241089
2024-10-22,3.930306341685723,2.963880242722127
2024-10-23,5.240627384302095,1.170231356014247
2024-10-24,3.6459201109125754,0.8681067773151853
2024-10-25,2.5092119970660693,1.8535758706757306
2024-10-26,0.896983908453088,1.2517689428815983
2024-10-27,-0.8236021751091607,3.4532008353296133
2024-10-28,3.846927529004019,1.5537599163819722
2024-10-29,3.1188532679874372,0.6840061077311941
2024-10-30,6.874561761260061,-0.3602454304085109
2024-10-31,2.384532834346719,-0.30921832952748995
2024-11-01,-2.753212647091048,-1.6476093757230132
2024-11-02,3.885407763658784,-3.7061970361611825
2024-11-03,1.157990304985684,-0.9621238136983737
2024-11-04,3.3381581319822886,-1.9627552109682522
2024-11-05,2.4637844228735672,-0.2553833461997494
2024-11-06,3.6921735806846447,-1.149229926340782
2024-11-07,3.161700210180613,-2.226244318318021
2024-11-08,2.77119401478946,0.011859357740371819
2024-11-09,3.4766080367664505,-1.1130728420184288
2024-11-10,-0.6764633491352148,-0.8628457674661048
2024-11-11,-1.2562044008681366,2.0572047485190725
2024-11-12,2.0785649465802485,0.10532624264931008
2024-11-13,3.891551993172445,1.9996960700625446
2024-11-14,4.293681538385673,-0.34586930733711546
2024-11-15,3.298856110711698,1.2253471738763813
2024-11-16,5.124604493972769,3.288719022913641
2024-11-17,4.370701786267969,3.9120690548180916
2024-11-18,3.903311136563146,-0.14106233175993163
2024-11-19,-0.44074030094573863,-0.3055709694503272
2024-11-20,-5.83885565602781,-3.065294111572405
2024-11-21,0.4844232107753212,7.417321285976117
2024-11-22,2.5925803851472797,3.344422652412928
2024-11-23,0.8663757007115258,0.6766706932139092
2024-11-24,1.142325271068065,2.9452123243418242
2024-11-25,1.5478242088742975,9.329588580485373
2024-11-26,3.052336617180442,5.643453229315613
2024-11-27,0.7550968012950109,3.313430995989918
2024-11-28,0.9402691601051567,0.5085028150917162
2024-11-29,3.2005066434463965,0.33227305491625625
2024-11-30,2.7134424836100277,2.30812968866553
2024-12-01,5.452239249437923,3.058902191903433
2024-12-02,4.433225008406774,7.33750725227527
2024-12-03,2.4596226556442655,-0.70668065514969
2024-12-04,0.18884956380686488,-1.9858245685511646
2024-12-05,-3.349711871817193,2.0429931802645718
2024-12-06,-2.662819381687834,4.1269379664065005
2024-12-07,-1.9344766148409658,2.270112950174428
2024-12-08,-1.1837137686757093,0.17739345581668506
2024-12-09,1.176806538682527,-1.3883602711769987
2024-12-10,3.4238521941183406,1.1561226953396482
2024-12-11,4.348485291406999,-2.0005534819253077
2024-12-12,4.051904767388221,-3.707917883004692
2024-12-13,2.5911291307508852,0.20559052425505384
2024-12-14,0.16687814211950217,2.4658976606100227
2024-12-15,0.340608162363649,-3.0911881889384074
2024-12-16,3.881362867218828,0.07002040774085544
2024-12-17,3.7409109432679863,-2.5885746033936794
2024-12-18,-0.5416990405393345,1.9545396327725424
2024-12-19,-0.3994760493221441,5.11562117409599
2024-12-20,3.155488415563323,-0.23184258685364678
2024-12-21,2.0095217187654506,0.33355499331319344
2024-12-22,-0.3425086560771832,5.298905659562803
2024-12-23,-0.002980820148310366,1.9460567513355052
2024-12-24,0.7998762779295374,0.39218534708516634
2024-12-25,3.580426380047875,2.942338324561661
2024-12-26,3.563760937108879,0.4866893377666083
2024-12-27,1.408884355835603,-0.14085810663295992
2024-12-28,1.2153582080358374,1.6167051046361558
2024-12-29,4.618233474969202,4.78919744188108
2024-12-30,6.503595585933907,1.317510045327855
2024-12-31,4.852551877605623,0.06306638060590655
2025-01-01,-1.1085482596445726,-0.8915550298114925
2025-01-02,1.9851083134153384,-1.0163963034740058
2025-01-03,1.711712577959871,0.05888431957301056
2025-01-04,1.5775137362888048,0.15860968208961643
2025-01-05,1.1005615247988423,-0.8967171945250291
2025-01-06,-1.3409782721526484,-0.16623613882589153
2025-01-07,-4.155399342632947,2.6146728586295276
2025-01-08,-0.49295286977485603,1.0463380364213972
2025-01-09,-1.6166450178897764,1.354671671441189
2025-01-10,-4.087250192634903,-2.2410276336218815
2025-01-11,-2.7603568210807827,-5.9634294475443355
2025-01-12,0.2512574198248083,-5.457329928480125
2025-01-13,3.570193714185355,1.7143063191910635
2025-01-14,4.955057210321102,0.24580596380018677
2025-01-15,1.5199644769037197,-0.5881671167187796
2025-01-16,4.6173973532728505,0.7281276702945285
2025-01-17,3.244448063299187,1.6378080085081423
2025-01-18,6.01536331455706,-3.266467485153835
2025-01-19,3.4035538884006082,0.03988503444147211
2025-01-20,-1.059798627473902,-2.8241400221692396
2025-01-21,-6.132601856314135,1.0471296505304772
2025-01-22,-0.2608774078275522,3.17453380083132
2025-01-23,0.7405130371151006,2.929088283136929
2025-01-24,-0.5730376064924314,4.428714947104638
2025-01-25,2.7966605245946847,7.442249982679958
2025-01-26,2.998391840978007,4.248361877777585
2025-01-27,-0.6141314247140771,-0.29857428689327525
2025-01-28,-1.9079343589079807,2.5240435314467646
2025-01-29,-3.1451572602097335,1.3665794475461344
2025-01-30,3.5293409368659003,4.880812069760317
2025-01-31,2.2044124322588172,0.04274214736924866
2025-02-01,1.6639732875802697,-4.445113559757718
2025-02-02,0.7285253706316107,-4.944392915205529
2025-02-03,-0.3480004814391601,-4.015775248877505
2025-02-04,-1.983660511905184,-0.09997975665513911
2025-02-05,-0.7519585237567382,6.300280357316594
2025-02-06,-0.14996980991283979,-1.330917892808315
2025-02-07,-1.2414560809632993,2.042446419504749
2025-02-08,-2.4972535359806955,1.6735070351730092
2025-02-09,-0.6268282007399749,1.3890443645615582
2025-02-10,1.2598005827949483,-1.3272679953063078
2025-02-11,1.4897496404547192,0.166776973002153
2025-02-12,3.135169184221448,-0.442154996668131
2025-02-13,-0.03704435411166959,-3.4141009403532294
2025-02-14,0.2671221777129189,-2.9112439855828747
2025-02-15,1.3439080386391398,-3.0350453134233493
2025-02-16,0.6639705137017813,-0.9480110344998938
2025-02-17,0.6033455373210345,-1.8055252065617557
2025-02-18,2.768051414280843,-1.5165079207093393
2025-02-19,2.4491275325082973,-1.6675887046526559
2025-02-20,0.9972231097447976,1.7337650475959572
2025-02-21,3.1647831665731654,6.605484930700217
2025-02-22,1.5088094768549092,5.386518115627554
2025-02-23,-0.033100636682673504,4.468053203161278
2025-02-24,0.8054278707896397,3.320187788835569
2025-02-25,-0.7663849989186681,3.5038445760343313
2025-02-26,0.08184851440148855,2.9438469809930927
2025-02-27,-0.5509657906119652,1.971563529128189
2025-02-28,1.5120452208599966,-0.0459269804597629
2025-03-01,2.3158823613500217,1.3764250820226531
2025-03-02,3.8417564655294787,2.676406708881807
2025-03-03,2.9713245650290148,1.542687562951635
2025-03-04,5.1599399429103485,-0.9555579285154964
2025-03-05,3.5208326231123195,2.4903109442246807
2025-03-06,3.7247951345291983,1.96449035803841
2025-03-07,2.0092639410576454,0.8590959880620265
2025-03-08,4.02093488116886,0.3704068725527822
2025-03-09,1.716808148799057,-0.49156386626562215
2025-03-10,-2.4297310324745802,0.976367038596134
2025-03-11,-0.8401656920439354,-4.799465048706823
2025-03-12,-3.2619681593039083,-1.6699136475167928
2025-03-13,-1.5087969047087073,-3.459377232582169
2025-03-14,2.729683383604503,-3.5671606128536992
2025-03-15,5.339762144112885,3.1615709077592444
2025-03-16,2.884031170401163,-2.509830407033278
2025-03-17,4.273675499794985,-1.3204638025979873
2025-03-18,4.035280245455882,-0.15659517168258727
2025-03-19,6.315162430132921,-1.6912456079490805
2025-03-20,2.8278176414456095,2.4725005126895963
2025-03-21,-1.1632389785802588,-2.6007402961373343
2025-03-22,-1.8146792816362165,1.562398777809451
2025-03-23,-2.220420967312219,1.0960964782139198
2025-03-24,-2.759936237957253,1.4981962554130044
2025-03-25,3.0720572818932688,4.379832175994228
2025-03-26,1.6642373629851617,-2.273407966253379
2025-03-27,3.0785894282992765,3.881001432909524
2025-03-28,2.7535261563111724,5.270517948511433
2025-03-29,2.226630719213477,4.3828895920309625
2025-03-30,-0.6130264640992165,2.0908296156742354
2025-03-31,-1.517927293768089,0.15912284442811286
2025-04-01,1.804725741990581,-2.2755360018710014
2025-04-02,3.7724872252727084,-2.7948883138737632
2025-04-03,3.9947470810898853,0.2672015825619445
2025-04-04,4.396772822561731,-4.787579262226217
2025-04-05,-1.0529943112273485,-5.29374377558458
2025-04-06,2.1037302379486236,-0.8442418608972801
2025-04-07,-0.36100752932956015,-4.284114258475233
2025-04-08,0.6263179877863347,-2.1049337914280963
2025-04-09,3.4661452619048605,-5.291061058604267
2025-04-10,2.870474811715578,-3.0171703185385566
2025-04-11,2.990404686297286,-3.2012778828609387
2025-04-12,3.5940290000076014,0.8732214499383965
2025-04-13,3.261923042797764,1.749373522120527
2025-04-14,0.6045879999811341,4.4854316021036515
2025-04-15,1.5117406330739225,1.885350541191241
2025-04-16,-3.187495450599567,1.5704414808119171
2025-04-17,-1.4358873626875543,1.7086610991580298
2025-04-18,-2.2243169638220115,1.552077597153533
2025-04-19,-0.8675526205010358,-2.0803769126361122
2025-04-20,-2.425638945311469,-1.104695226872674
2025-04-21,-2.276826391672752,-2.2224676357901725
2025-04-22,-2.6846540857770527,-0.3972293610616301
2025-04-23,2.6216697141261007,-0.5816430080841704
2025-04-24,-0.5222060141355295,-4.089591195082594
2025-04-25,1.987521061276584,-3.244287656636646
2025-04-26,2.2549522737509937,-4.36624751576473
2025-04-27,2.579276222962125,2.100289940999413
2025-04-28,3.2013204627723506,4.172505042017486
2025-04-29,4.171138873589843,-4.135199949244618
2025-04-30,-1.0468611998095212,-0.25517663500428106
2025-05-01,2.0116910216999684,1.729305830655577
2025-05-02,1.2433958587677134,5.958821921708849
2025-05-03,5.239336962328526,0.3281843819930691
2025-05-04,1.671470481100349,-3.10897032606248
2025-05-05,4.431742018916872,-3.2305159046086525
2025-05-06,2.0345656547007382,-1.6525008555764178
2025-05-07,1.1449822951288073,-5.2008007465720505
2025-05-08,0.03958932836368051,-3.707840940595268
2025-05-09,0.9324225601975216,-2.456089973639744
2025-05-10,0.08848635319744451,-1.4864914561299285
2025-05-11,-0.65949755325043935,-3.584556141966294
2025-05-12,-0.3185117028413896,-2.817316095325287
2025-05-13,1.073206733532399,0.2398374297620095
2025-05-14,2.462858391497147,-4.001344076214637
2025-05-15,-0.8273033412799967,-4.4636181769897885
2025-05-16,-3.4776886404407614,-4.164901771523299
2025-05-17,0.16561923996794026,1.2145887307233914
2025-05-18,-3.1554722007496605,-3.6148027325755847
2025-05-19,-0.8743000691180258,-1.15397370640614
2025-05-20,3.263858963090036,-3.572641498862452
2025-05-21,2.1562107260290326,-0.319876063780357
2025-05-22,-2.551085931622563,3.067454410194334
2025-05-23,0.7084127294644699,0.9446676431367913
2025-05-24,-0.12705313927768477,1.6479240651828613
2025-05-25,2.117064720773686,1.6849943755101597
2025-05-26,-2.591631032116201,3.0658515154160937
2025-05-27,2.621107863613038,3.260669177367633
2025-05-28,-0.9139150089336802,3.6697789633954714
2025-05-29,-0.821957306533381,1.5945316740746391
2025-05-30,2.1935701070169777,0.8682151750830611
2025-05-31,4.853512100724515,0.7563564681295387
2025-06-01,4.8229617023325035,-0.07872624091964733
2025-06-02,-0.0011000566648124619,4.210355698329361
2025-06-03,2.920397052860166,3.029722830036039
2025-06-04,2.2026996752345678,3.395511627660148
2025-06-05,0.32718876902498484,3.435315292164674
2025-06-06,0.8228641193601679,3.1125537671776495
2025-06-07,3.5895038896151896,5.942715336474109
2025-06-08,3.197439085876327,3.1422889298474264
2025-06-09,-1.664309439956014,-1.784373003919153
2025-06-10,3.5397644948032894,1.1403660814626935
2025-06-11,-1.5899922564447224,1.503289317748429
2025-06-12,-1.2620917583665696,-3.5170536883179833
2025-06-13,0.7597999018768622,-4.686221845553833
2025-06-14,1.4394969228846621,-1.2135986652039044
2025-06-15,3.39676056497302,0.2984990928382334
2025-06-16,1.6862478117769735,1.4709651883353225
2025-06-17,3.5063273439650438,-1.2508854452423601
2025-06-18,3.1340051511063916,-0.018188509801843653
2025-06-19,3.381518050606302,-2.8652075234842584
2025-06-20,1.0467864791246946,-5.320200232250959
2025-06-21,1.9451718222958287,0.282028751273389
2025-06-22,0.24289952989582325,-3.8342719165456067
2025-06-23,-0.5902395634127622,3.1607709300080358
2025-06-24,0.3859520562782504,3.821896464331802
2025-06-25,3.9945765012925762,-2.310324173053015
2025-06-26,2.0383635521575596,-3.789395791819575
2025-06-27,-1.5596212149381667,2.10760868187676
2025-06-28,0.26904517029272335,-1.2350161624622487
2025-06-29,4.743399130315086,-0.4934735732575066
2025-06-30,3.5384445073850177,-5.18871568371488
2025-07-01,3.9878459948831635,-4.444246200054318
2025-07-02,1.781506233851127,0.49865529716964446
2025-07-03,0.9032801763893122,3.1418216496448057
2025-07-04,8.233347660628247,-0.7057583282469087
2025-07-05,0.8732909026890335,2.6347930540016486
2025-07-06,0.1943927162488203,2.410469334093106
2025-07-07,1.3937982535866413,3.4512574428939136
2025-07-08,0.8719552916881725,-3.3562170501065207
2025-07-09,-1.27151535087656,-2.845512875071755
2025-07-10,-2.628877494480895,-3.4823899474519067
2025-07-11,-3.668020306007917,-3.8538366356186344
2025-07-12,-1.2915881057362044,-1.0061899389641449
2025-07-13,-0.2727551392736099,0.7600255638333012
2025-07-14,0.031456159917419096,0.3176573339189542
2025-07-15,-0.9182605266385504,-1.034614146958154
2025-07-16,-1.9498145597336975,-1.2694802392494096
2025-07-17,-1.0415446351838005,-0.83158334306758
2025-07-18,-3.7840959711891298,-0.6135167228345155
2025-07-19,-2.087296604110967,0.8473406464395442
2025-07-20,-2.063238960224893,-0.8162080928332908
2025-07-21,-2.198958315000006,-1.6832189198036989
2025-07-22,-2.053275615292247,-1.796438965655247
2025-07-23,-2.082846246476952,-0.07287295642980646
2025-07-24,-1.033124052677004,0.3643617377443972
2025-07-25,0.3548156627079239,1.3412597481487063
2025-07-26,-0.460576457804138,1.8512626441249165
2025-07-27,-1.7022357275344093,1.2745406723264108
2025-07-28,-3.0546146414185484,1.448373874368148
2025-07-29,-4.489615009239438,2.9452434419198372
2025-07-30,-3.58947198700321,1.815382157687285
2025-07-31,-3.1335527329406108,0.9447925809729802
2025-08-01,-3.361352015885613,0.7135454402396918
2025-08-02,2.352617582806138,2.8869198165083634
2025-08-03,-1.8593914027330996,1.6897936621466283
2025-08-04,-2.8126889298683015,2.4641752532996746
2025-08-05,0.7007496025463871,4.7445415374670645
2025-08-06,4.1128673730705225,5.52977082986272
2025-08-07,2.8667812165907596,3.0057406906884196
2025-08-08,1.1274296614165478,1.6734236536061662
2025-08-09,1.8204907114276645,2.724589134631782
2025-08-10,2.283629686985367,1.1782995399782659
2025-08-11,3.444049220035472,-2.050566830811821
2025-08-12,1.7434585487674923,0.9660491556194574
2025-08-13,2.9405155963021925,-1.2648827408766385
2025-08-14,1.0157858349537972,1.71474695911658
2025-08-15,1.1745227188851988,4.2870117969341175
2025-08-16,5.670200276067243,1.024507697133824
2025-08-17,1.4685366219096807,-4.106347403740245
2025-08-18,2.2130928937899923,-3.774597473756456
2025-08-19,3.202628968030396,-1.6632674357816928
2025-08-20,1.887721980325369,-3.691234281022769
2025-08-21,2.3828335896719213,0.912236631995957
2025-08-22,0.033808282228024844,0.5136721882562706
2025-08-23,-0.26394742738915306,-1.585590421395398
2025-08-24,2.284824516581817,-1.5249263610789117
2025-08-25,1.5709945616885892,-4.34201357340379
2025-08-26,2.25604445199904,-2.7078905682498835
2025-08-27,3.4791861813439464,-1.7351071558163278
2025-08-28,0.6670616475976613,1.842811738914057
2025-08-29,-3.836237014141009,-0.19311073831341447
2025-08-30,-2.4554727986201312,-0.32098261346414303
2025-08-31,2.5119193251054237,0.8652476229100448
2025-09-01,0.6452202737687369,-1.2284751115964632
2025-09-02,-2.03089059515666,0.7467076385903171
2025-09-03,-3.1002819680992584,2.368180250216625
2025-09-04,0.5223823436773989,1.7889624765942178
2025-09-05,-1.515052063733797,1.0869487488776077
2025-09-06,-2.6281949257386343,0.014645340494159154
2025-09-07,-1.8871004361215744,0.7440751201739986
2025-09-08,-1.1329305670273462,0.03999179417811844
2025-09-09,-2.122197941643186,1.1717535542827135
2025-09-10,-3.1250129683712222,0.6049368453908075
2025-09-11,-5.340091248137944,2.6678607004445123
2025-09-12,-3.7934368974574775,4.645918600223049
2025-09-13,0.5977561149221452,4.200960421118255
2025-09-14,-1.9364045781318433,0.8229920008960271
2025-09-15,-1.8458579455122865,4.510081630204821
2025-09-16,-0.6816276652099174,5.48335656257229
2025-09-17,1.9251408821127836,5.035318892434219
2025-09-18,1.5685372242378044,3.180170819112935
2025-09-19,1.243212588185039,-0.31781473038595337
2025-09-20,3.0886340917810484,2.9649354243002892
2025-09-21,3.2270012310331206,5.195589407944217
2025-09-22,6.24532915945839,3.1724066062428715
2025-09-23,4.419565072386203,-1.418895862122443
2025-09-24,3.5879848621107193,-2.4097893933489547
2025-09-25,2.6535268485212717,-0.8352546128237233
2025-09-26,2.257087527848296,-1.2666124129322172
2025-09-27,0.20989940910414584,-2.5015831806522035
2025-09-28,-2.261995594558712,-0.653097245838
2025-09-29,-2.7809499864847558,0.3696356265727258
2025-09-30,-1.4478310792849287,0.2561153451038065
2025-10-01,-1.6877987388362836,0.16448147689400383
2025-10-02,-1.73864467738749,-0.5685723530884067
2025-10-03,-2.0115615318498654,-1.0683126313975715
2025-10-04,-3.592047998635589,2.779496921256065
2025-10-05,-3.611781562512403,2.8286209169847525
2025-10-06,-1.5126431327660261,1.7249873709036065
2025-10-07,0.8605596855771562,3.3686056269984443
2025-10-08,1.6696809740608711,6.762334921992279
2025-10-09,1.559296428506534,3.6248460107655203
2025-10-10,2.1747940279813736,0.13696032946122602
2025-10-11,5.561036977147385,-1.837595525347411
2025-10-12,3.956927412766258,-4.135337708298805
2025-10-13,2.2033797557895873,-5.654038002482662
2025-10-14,1.9353295937802781,-3.256827009423766
2025-10-15,2.6998872160392757,-0.044571195364212474
2025-10-16,3.5399422702988166,-0.3357208973014166
2025-10-17,1.3289434517999,-1.1524047204005694
2025-10-18,0.7516995248110978,-0.9807503167461242
2025-10-19,1.436385348953079,1.6031348040349613
2025-10-20,1.4014039783298096,1.716828895633849
2025-10-21,-0.5632832528990708,4.9986346390378955
2025-10-22,-2.8685297411240542,5.424240920512948
2025-10-23,-2.558691695196575,3.0378995462444656
2025-10-24,-3.3435314249759336,0.9187889274175715
2025-10-25,-4.656165983536775,1.4543545438903505
2025-10-26,-2.6176537551460477,1.5859794067785296
2025-10-27,-0.822645943858323,2.3751016512283174
2025-10-28,-0.6417872092828357,1.0820328649826243
2025-10-29,-0.6897003308270814,0.9736005924618073
2025-10-30,-2.3272094250512634,1.6544372245447458
2025-10-31,-2.8136967332504845,-1.9577753793339232
2025-11-01,0.5601216148677993,-0.0530339869858463
2025-11-02,-1.3949353979837078,4.142536159204882
2025-11-03,1.5402728667241694,2.3240662015991957
2025-11-04,1.1341589948882955,3.775776671291725
2025-11-05,4.466501611484535,4.300366857666854
2025-11-06,3.047038209291938,1.6843479871018117
2025-11-07,1.5065581099785015,1.1014926224910153
2025-11-08,-0.05805944699250708,1.5566343944987706
2025-11-09,2.326836375865611,0.8197156676258224
2025-11-10,-1.7429063996112188,-1.297036269027508
2025-11-11,-0.7676454783872206,0.4181087736202551
2025-11-12,2.396366431594236,6.464914285180627
2025-11-13,4.555094648973562,5.236402876481008
2025-11-14,3.601486438324152,-0.5049961068831255
2025-11-15,4.0207921756364655,-0.14566732922786543
2025-11-16,3.701726131207109,2.7398504062842184
2025-11-17,0.5274414556698859,-1.3495972023754754
2025-11-18,1.7200148553180723,-3.0590897853500403
2025-11-19,-1.379754173857623,-1.0273634938148517
2025-11-20,-2.103653156112348,1.8948858443668393
2025-11-21,-1.154805471977644,-0.4497732015618467
2025-11-22,1.696055063019858,1.8356627357710205
2025-11-23,3.5101083325626585,4.083141411434671
2025-11-24,1.4099131810594223,1.8981506778448765
2025-11-25,1.0347680437247648,-2.0628610183034963
2025-11-26,-0.16905305112423577,-0.36996603155689284
2025-11-27,-0.2729431804363429,2.6829002049766975
2025-11-28,4.294251244806499,6.681206740367134
2025-11-29,3.629622576738886,7.148593197275873
2025-11-30,2.154041718846452,4.134325290456985
2025-12-01,1.4927239153276788,5.190751413167258
2025-12-02,2.1614235819439815,4.586714824322802
2025-12-03,2.3497905028118593,5.517453408551439
2025-12-04,-0.48842477240760485,2.600866006730609
2025-12-05,-0.817128207757288,1.4658874361810648
2025-12-06,-3.5103037366101217,1.7017334706566631
2025-12-07,-2.56218612626436,2.1938759118741267
2025-12-08,-1.2890376234467937,4.709259254295816
2025-12-09,1.9467252209709975,2.607520958101759
2025-12-10,1.8147053942517513,0.9183765348044337
2025-12-11,3.3771430831836065,-0.5864504602824665
2025-12-12,-0.562025882192744,-3.7710547650835378
2025-12-13,-0.9167187811205755,-0.14665655775448114
2025-12-14,-1.9875840918588266,4.540573885467422
2025-12-15,1.2178327449827597,1.7554030620687442
2025-12-16,3.241503737868466,2.087939730548406
2025-12-17,3.2100683523536135,4.304852917843702
2025-12-18,3.259933727828176,2.0365908756088094
2025-12-19,3.2716057931203744,6.099731147933413
2025-12-20,3.6002096866521276,3.36760656168383
2025-12-21,3.706384678261676,-3.40877268086273
2025-12-22,-0.8823600534960714,-2.887441316880527
2025-12-23,0.3121150534293247,-1.9155119862492993
2025-12-24,3.9919300782520626,-2.4766826807305606
2025-12-25,5.731998675302981,-2.108193658588634
2025-12-26,3.225429221207475,-2.957050307811757
2025-12-27,4.68255137595464,-2.929832889047296
2025-12-28,3.2840086579008,-6.082563791981427
2025-12-29,4.348802214789837,-3.9731199289461534
2025-12-30,0.9912501170860728,-7.170774066929861
2025-12-31,1.946468516008321,-3.2296677287911773
